ligand,receptor,sender_celltype,receiver_celltype,anchor_source_ligand,anchor_source_receptor,structure_map_source,sender_anchor,receiver_anchor,structure_bridge,sender_expr,receiver_expr,local_contact,contact_strength_raw,contact_strength_normalized,contact_coverage,cross_edge_count,prior_confidence,LR_score
DLL4,NOTCH3,Endothelial Cells,Pericytes,recompute,recompute,recompute,0.9184503888425789,0.8818326005152037,0.9465158905362521,1.0,0.8672894033034337,0.13546509820769403,0.11102322992647283,1.0,0.03031900870023728,11379,1.0,0.6695148471220083
CXCL12,CXCR4,"CAFs, DCIS Associated",T Lymphocytes,recompute,recompute,recompute,0.8924110508951895,0.9008184599638702,0.6198216015396206,1.0,1.0,0.16843041721620092,0.1342601297358261,1.0,0.04507066528783178,11604,1.0,0.6616803690861207
TGFB1,TGFBR2,Endothelial Cells,Endothelial Cells,recompute,recompute,recompute,0.8649048900453102,0.9516417160285665,1.0,0.5918084951805068,1.0,0.05166516495327473,0.0322143099355713,0.5136270386044376,0.006808044447922373,12779,1.0,0.5413400493078342
CSF1,CSF1R,"CAFs, DCIS Associated",Macrophages,recompute,recompute,recompute,0.7181940594497765,0.9569566492419601,0.7204611100467462,1.0,1.0,0.04474340830797911,0.056449203187250996,0.2843816139651595,0.014940239043824702,10040,1.0,0.5299631021292543
JAG1,NOTCH1,11q13 Invasive Tumor Cells,Basal-like Structured DCIS Cells,recompute,recompute,recompute,0.7941469661104033,0.9232588887953476,0.7917001487310438,1.0,0.46352883193182237,0.07306194413501947,0.040928101503758994,0.9326244223906707,0.005723684210526316,30400,1.0,0.5195079467384197
TGFB1,TGFBR2,T Lymphocytes,Endothelial Cells,recompute,recompute,recompute,0.7806633527749638,0.9516417160285665,0.6198216015396206,1.0,1.0,0.03205881576061762,0.0516463926174497,0.8234534201650389,0.01174496644295302,4768,1.0,0.4952889073038039
JAG1,NOTCH1,11q13 Invasive Tumor Cells,11q13 Invasive Tumor Cells,recompute,recompute,recompute,0.7941469661104033,0.6655462707198134,1.0,1.0,1.0,0.02533531363157139,0.017828822000715998,0.7533906596739692,0.0008519857640495049,423716,1.0,0.48730507700623305
DLL4,NOTCH3,Endothelial Cells,Endothelial Cells,recompute,recompute,recompute,0.9184503888425789,0.8818326005152037,1.0,1.0,0.19937237225527835,0.07250293557185424,0.03089704463051368,1.0,0.00688629783238125,12779,1.0,0.4765155601675771
TGFB1,TGFBR2,"CAFs, Invasive Associated",Endothelial Cells,recompute,recompute,recompute,0.6618992459738668,0.9516417160285665,0.6198216015396206,0.9188457246466148,1.0,0.02910749473367196,0.06349333333333332,1.0,0.01856,3125,1.0,0.4675161430815234
DLL4,NOTCH3,Endothelial Cells,11q13 Invasive Tumor Cells,recompute,recompute,recompute,0.9184503888425789,0.6580560501976399,0.6198216015396206,1.0,1.0,0.02118897667716681,0.02121161641401526,1.0,0.0026653339996668335,6003,1.0,0.44663139943507835
JAG1,NOTCH1,11q13 Invasive Tumor Cells,Endothelial Cells,recompute,recompute,recompute,0.7941469661104033,0.7728785963662539,0.6198216015396206,1.0,0.7025747778867708,0.025580161073210934,0.05503367600141793,0.7823244320563647,0.007650951199338296,4836,1.0,0.43565812319890196
TGFB1,TGFBR2,Dendritic Cells,Endothelial Cells,recompute,recompute,recompute,0.7806633527749638,0.9516417160285665,0.6198216015396206,0.7613650405309432,1.0,0.01883035660261379,0.05941928527418359,0.9473849228001457,0.017097966728280962,2164,1.0,0.43312104303015586
TGFB1,TGFBR2,Pericytes,Endothelial Cells,recompute,recompute,recompute,0.8649048900453102,0.9516417160285665,0.9465158905362521,0.25809749975310686,1.0,0.02801162351769932,0.020227560050568933,0.32250952411353895,0.004244175546324724,11074,1.0,0.42180850638414885
TGFB1,TGFBR2,Macrophages,Endothelial Cells,recompute,recompute,recompute,0.9033788194414196,0.9516417160285665,0.8875000050982297,0.3718323084156244,1.0,0.018940363594961384,0.045400238948626,0.7238643425780114,0.013620071684587814,2790,1.0,0.4185119909363375
CXCL12,CXCR4,"CAFs, DCIS Associated",Dendritic Cells,recompute,recompute,recompute,0.8924110508951895,0.9008184599638702,0.6198216015396206,1.0,0.3180524283074206,0.031977888013586774,0.07872886849847885,1.0,0.016456390565002744,3646,1.0,0.414447570421636
TGFB1,TGFBR2,T Lymphocytes,"CAFs, DCIS Associated",recompute,recompute,recompute,0.7806633527749638,0.7241065161359392,0.6198216015396206,1.0,0.41704959801464375,0.026972814728393663,0.015051934920489047,0.6812595875077251,0.0019303244783527899,10879,1.0,0.3974426968590374
TGFB1,TGFBR2,"CAFs, DCIS Associated",Endothelial Cells,recompute,recompute,recompute,0.4625524716153596,0.9516417160285665,0.7204611100467462,0.47844300379630145,1.0,0.025328387485183373,0.014970578054690209,0.238691863578817,0.002687679433143974,16371,1.0,0.39577391093928616
TGFB1,TGFBR2,11q13 Invasive Tumor Cells,Endothelial Cells,recompute,recompute,recompute,0.6618992459738668,0.9516417160285665,0.6198216015396206,0.9884381288839681,1.0,0.009918644121693776,0.013647642679900754,0.2175988965037143,0.0041356492969396195,4836,1.0,0.3955084088535003
CSF1,CSF1R,"CAFs, DCIS Associated",Dendritic Cells,recompute,recompute,recompute,0.7181940594497765,0.7744570596502125,0.6198216015396206,1.0,0.6590560508382464,0.015586645218638558,0.0415181020296215,0.3563666092064749,0.010970927043335162,3646,1.0,0.39041832592089076
TGFB1,TGFBR2,Endothelial Cells,Pericytes,recompute,recompute,recompute,0.8649048900453102,0.9643410356050758,0.9465158905362521,0.5918084951805068,0.2837148864776496,0.02371464181152632,0.01299909189442541,0.5286489888413005,0.0017576236927673784,11379,1.0,0.38273763558851737
CSF1,CSF1R,Endothelial Cells,Macrophages,recompute,recompute,recompute,0.9530510539284376,0.9569566492419601,0.8875000050982297,0.3300653030175087,1.0,0.00807074744233674,0.04458413926499033,0.2246074127807868,0.009284332688588007,2585,1.0,0.35943069754848705
TGFB1,TGFBR2,Macrophages,"CAFs, DCIS Associated",recompute,recompute,recompute,0.9033788194414196,0.7241065161359392,0.7204611100467462,0.3718323084156244,0.41704959801464375,0.02653989325725561,0.014840065614106992,0.671670255834831,0.0023580069714988724,9754,1.0,0.3531448287656581
DLL4,NOTCH3,Pericytes,Pericytes,recompute,recompute,recompute,0.9184503888425789,0.8818326005152037,1.0,0.11694486957515715,0.8672894033034337,0.022823902123928652,0.029336530775379722,0.307179935637042,0.0023181454836131094,12510,1.0,0.35115285322855
DLL4,NOTCH3,Endothelial Cells,"CAFs, Invasive Associated",recompute,recompute,recompute,0.9184503888425789,0.6580560501976399,0.6198216015396206,1.0,0.1973932010691654,0.02486075973333135,0.06422628951747085,1.0,0.014642262895174708,3005,1.0,0.3500032016279152
TGFB1,TGFBR2,T Lymphocytes,Pericytes,recompute,recompute,recompute,0.7806633527749638,0.9643410356050758,0.6198216015396206,1.0,0.2837148864776496,0.012907070481153967,0.022409751523675577,0.9113630843902536,0.0030942334739803095,3555,1.0,0.3457630292434669
CSF1,CSF1R,Pericytes,Macrophages,recompute,recompute,recompute,0.9330656492219304,0.9569566492419601,0.8875000050982297,0.297542793801235,1.0,0.007010918266666236,0.04270588235294118,0.2151450696132859,0.010823529411764706,2125,1.0,0.34386103852381456
TGFB1,TGFBR2,Dendritic Cells,"CAFs, DCIS Associated",recompute,recompute,recompute,0.7806633527749638,0.7241065161359392,0.6198216015396206,0.7613650405309432,0.41704959801464375,0.014775522880227382,0.0226818545163869,1.0,0.004196642685851319,3336,1.0,0.3435390657780346
TGFB1,TGFBR2,Endothelial Cells,"CAFs, DCIS Associated",recompute,recompute,recompute,0.8649048900453102,0.7241065161359392,0.7204611100467462,0.5918084951805068,0.41704959801464375,0.014488936911273452,0.007907760722995254,0.35790998544142666,0.0006455314875914503,13942,1.0,0.34247682199898466
TGFB1,TGFBR2,"CAFs, Invasive Associated",Pericytes,recompute,recompute,recompute,0.6618992459738668,0.9643410356050758,0.6198216015396206,0.9188457246466148,0.2837148864776496,0.009747946701793313,0.024793388429752084,1.0,0.003148366784730421,2541,1.0,0.3165103618000911
JAG1,NOTCH1,11q13 Invasive Tumor Cells,Pericytes,recompute,recompute,recompute,0.7941469661104033,0.7728785963662539,0.6198216015396206,1.0,0.17748963886584487,0.014352442049015486,0.0226651965820532,0.7729811852538049,0.0017540782318891423,5701,1.0,0.31457895911413425
CXCL12,CXCR4,Endothelial Cells,T Lymphocytes,recompute,recompute,recompute,0.7487535481622718,0.9008184599638702,0.6198216015396206,0.10272295574815776,1.0,0.022180895827437246,0.04435651399742814,0.3578994531055734,0.013928182807399348,4595,1.0,0.3136762384599398
TGFB1,TGFBR2,Macrophages,Pericytes,recompute,recompute,recompute,0.9033788194414196,0.9643410356050758,0.8875000050982297,0.3718323084156244,0.2837148864776496,0.011158701647072049,0.02206278631096741,0.8972526518807381,0.004850444624090542,2474,1.0,0.3113044841309742
TGFB1,TGFBR2,T Lymphocytes,T Lymphocytes,recompute,recompute,recompute,0.7806633527749638,0.628133940116149,1.0,1.0,0.10396504391838439,0.017827288208468375,0.009471839839084834,0.8426790612069598,0.0003771450122572129,21212,1.0,0.31123003224718354
DLL4,NOTCH3,Endothelial Cells,"CAFs, DCIS Associated",recompute,recompute,recompute,0.9184503888425789,0.4638256179742202,0.7204611100467462,1.0,0.06891862663651398,0.042717652134981916,0.011882561086405565,1.0,0.0020083201836178454,13942,1.0,0.31092873451236364
TGFB1,TGFBR2,Dendritic Cells,Pericytes,recompute,recompute,recompute,0.7806633527749638,0.9643410356050758,0.6198216015396206,0.7613650405309432,0.2837148864776496,0.008783485192546212,0.023719072667056286,0.9646107500070789,0.0058445353594389245,1711,1.0,0.309873141378114
CXCL12,CXCR4,"CAFs, DCIS Associated",Macrophages,recompute,recompute,recompute,0.8924110508951895,0.7757991160529997,0.7204611100467462,1.0,0.04917092614889038,0.032854631036522496,0.023338464324520088,1.0,0.002290836653386454,10040,1.0,0.30505044615184107
JAG1,NOTCH1,11q13 Invasive Tumor Cells,11q13 Invasive Tumor Cells (Mitotic),recompute,recompute,recompute,0.7941469661104033,0.6655462707198134,0.8824495942126559,1.0,0.08666944020865194,0.019650234122996258,0.027460569898001993,0.3292499062730242,0.001757763455260735,11947,1.0,0.304322345631402
TGFB1,TGFBR2,"CAFs, DCIS Associated",Pericytes,recompute,recompute,recompute,0.4625524716153596,0.9643410356050758,0.7204611100467462,0.47844300379630145,0.2837148864776496,0.017858142525698038,0.007201118869173442,0.2928561656177769,0.0010889757222471335,15611,1.0,0.3033368576467144
TGFB1,TGFBR2,Pericytes,Pericytes,recompute,recompute,recompute,0.8649048900453102,0.9643410356050758,1.0,0.25809749975310686,0.2837148864776496,0.01254860893285458,0.0066213695710098585,0.2692788355438918,0.0007993605115907274,12510,1.0,0.30251261035905225
TGFB1,TGFBR2,"CAFs, Invasive Associated","CAFs, DCIS Associated",recompute,recompute,recompute,0.6618992459738668,0.7241065161359392,0.6198216015396206,0.9188457246466148,0.41704959801464375,0.006195331635836221,0.019589317208364824,0.8866242268136912,0.005291005291005291,1323,1.0,0.29835004550404054
DLL4,NOTCH3,Endothelial Cells,Luminal-like Amorphous DCIS Cells,recompute,recompute,recompute,0.9184503888425789,0.4638256179742202,0.24613745147074395,1.0,0.5131068416842878,0.012841014345396471,0.051887550200803295,1.0,0.00819277108433735,2075,1.0,0.2973258087461923
TGFB1,TGFBR2,T Lymphocytes,Dendritic Cells,recompute,recompute,recompute,0.7806633527749638,0.628133940116149,0.909150863993142,1.0,0.10646573797703236,0.014347034593296146,0.016221374045801536,0.6945059867426848,0.0019083969465648854,5764,1.0,0.29661109898309135
JAG1,NOTCH1,11q13 Invasive Tumor Cells (Mitotic),11q13 Invasive Tumor Cells,recompute,recompute,recompute,0.7941469661104033,0.6655462707198134,0.8824495942126559,0.05263539325963273,1.0,0.02605355994283369,0.024850366557663615,1.0,0.0009916535823485662,12101,1.0,0.2935299202045651
TGFB1,TGFBR2,Dendritic Cells,Dendritic Cells,recompute,recompute,recompute,0.7806633527749638,0.628133940116149,1.0,0.7613650405309432,0.10646573797703236,0.014482403347092674,0.02177345632843017,0.9322142334846792,0.0029917726252804786,4011,1.0,0.2884208434268708
DLL4,NOTCH3,Endothelial Cells,Basal-like Structured DCIS Cells,recompute,recompute,recompute,0.9184503888425789,0.7746834992804791,0.6198216015396206,1.0,0.2295016807597237,0.005257384730362763,0.02291560967360053,1.0,0.0015220700152207,1971,1.0,0.28466486594237
TGFB1,TGFBR2,"CAFs, DCIS Associated","CAFs, DCIS Associated",recompute,recompute,recompute,0.4625524716153596,0.7241065161359392,1.0,0.47844300379630145,0.41704959801464375,0.007681963637495551,0.0032569915581588207,0.1474133881888541,0.00040032025620496394,94924,1.0,0.28297128789298515
JAG1,NOTCH1,11q13 Invasive Tumor Cells,Myoepithelial Cells,recompute,recompute,recompute,0.7941469661104033,0.46013374214009517,0.6198216015396206,1.0,0.17955576343167495,0.012569430613225725,0.01884286544367887,0.6546323225579704,0.001936858415649816,5163,1.0,0.28276642225156545
CSF1,CSF1R,Mast Cells,Macrophages,recompute,recompute,recompute,0.8552373118926793,0.9569566492419601,0.8567148457705164,0.1878690989799276,1.0,0.0038281116206965345,0.2318181818181818,1.0,0.11515151515151516,165,1.0,0.2821257455530014
TGFB1,TGFBR2,"CAFs, Invasive Associated","CAFs, Invasive Associated",recompute,recompute,recompute,0.6618992459738668,0.628133940116149,1.0,0.9188457246466148,0.07630971198036683,0.01712704353157411,0.01651878421748159,0.9872381835522592,0.0022654332641117614,5297,1.0,0.2816598102920252
TGFB1,TGFBR2,Pericytes,"CAFs, DCIS Associated",recompute,recompute,recompute,0.8649048900453102,0.7241065161359392,0.7204611100467462,0.25809749975310686,0.41704959801464375,0.009798828644590167,0.004996018597004965,0.22612279328576457,0.0005394158896509209,12977,1.0,0.27941813162373025
CSF1,CSF1R,Endothelial Cells,Dendritic Cells,recompute,recompute,recompute,0.9530510539284376,0.7744570596502125,0.6198216015396206,0.3300653030175087,0.6590560508382464,0.004576472193225305,0.030749293119698397,0.2639335805077216,0.003770028275212064,2122,1.0,0.277378232147077
CXCL12,CXCR4,Pericytes,T Lymphocytes,recompute,recompute,recompute,0.7487535481622718,0.9008184599638702,0.6198216015396206,0.06372880775749876,1.0,0.01696628720562997,0.04787714543812127,0.38630637586968913,0.014453477868112014,3321,1.0,0.2770305337845712
CXCL12,CXCR4,"CAFs, Invasive Associated",T Lymphocytes,recompute,recompute,recompute,0.6160088550075702,0.9008184599638702,0.7917001487310438,0.05480638574296996,1.0,0.01843146715547473,0.07992094861660083,0.6448582456957406,0.021304347826086957,2300,1.0,0.276182439180976
CSF1,CSF1R,Basal-like Structured DCIS Cells,Dendritic Cells,recompute,recompute,recompute,0.6329636802303048,0.7744570596502125,0.8693461273411047,0.3430671774934166,0.6590560508382464,0.004573183315909945,0.04992816091954023,0.4285535354703205,0.009578544061302681,1044,1.0,0.2758555096799671
CSF1,CSF1R,T Lymphocytes,Macrophages,recompute,recompute,recompute,0.6329636802303048,0.9569566492419601,0.6198216015396206,0.2016933258290928,1.0,0.005681290464229221,0.02655478058703865,0.13377852893304046,0.004359197907585004,3441,1.0,0.2747553654557695
CSF1,CSF1R,Pericytes,Dendritic Cells,recompute,recompute,recompute,0.9330656492219304,0.7744570596502125,0.6198216015396206,0.297542793801235,0.6590560508382464,0.004669231460006483,0.03823622545915136,0.32819693939791306,0.005699810006333122,1579,1.0,0.27257272876087524
TGFB1,TGFBR2,Dendritic Cells,T Lymphocytes,recompute,recompute,recompute,0.7806633527749638,0.628133940116149,0.909150863993142,0.7613650405309432,0.10396504391838439,0.010521880041055158,0.011301581939987638,1.0,0.0006755615605472049,5921,1.0,0.2680943640255041
JAG1,NOTCH1,11q13 Invasive Tumor Cells (G1/S),11q13 Invasive Tumor Cells,recompute,recompute,recompute,0.7941469661104033,0.6655462707198134,0.8824495942126559,0.032311095449028576,1.0,0.024036849619314855,0.018610421836228346,0.7864186418734699,0.001075268817204301,12090,1.0,0.2669929340968697
CSF1,CSF1R,T Lymphocytes,Dendritic Cells,recompute,recompute,recompute,0.6329636802303048,0.7744570596502125,0.909150863993142,0.2016933258290928,0.6590560508382464,0.005787270610565457,0.016091256072172103,0.1381177386245117,0.001561415683553088,5764,1.0,0.2645554782708599
CXCL12,CXCR4,"CAFs, DCIS Associated",B Cells,recompute,recompute,recompute,0.8924110508951895,0.9546923450729715,0.6198216015396206,1.0,0.04457454658784243,0.014064964794898778,0.02902130950335114,1.0,0.0023629489603024575,4232,1.0,0.26301883496362005
TGFB1,TGFBR2,11q13 Invasive Tumor Cells,Pericytes,recompute,recompute,recompute,0.6618992459738668,0.9643410356050758,0.6198216015396206,0.9884381288839681,0.2837148864776496,0.002967835249187906,0.004063614570543179,0.1652596774609834,0.00035081564637782847,5701,1.0,0.26278083657039797
CSF1,CSF1R,Dendritic Cells,Dendritic Cells,recompute,recompute,recompute,0.6329636802303048,0.7744570596502125,1.0,0.13793660188765483,0.6590560508382464,0.007241234326724243,0.019166043380703067,0.1645098778025143,0.004238344552480678,4011,1.0,0.26189781634978043
JAG1,NOTCH1,11q13 Invasive Tumor Cells,11q13 Invasive Tumor Cells (G1/S),recompute,recompute,recompute,0.7941469661104033,0.6655462707198134,0.8824495942126559,1.0,0.043382027682688826,0.015392735581168887,0.01732231994295226,0.8433842885283439,0.00041597337770382697,12020,1.0,0.26035495680716586
TGFB1,TGFBR2,"CAFs, Invasive Associated",Dendritic Cells,recompute,recompute,recompute,0.6618992459738668,0.628133940116149,0.7917001487310438,0.9188457246466148,0.10646573797703236,0.009352461397968477,0.023728088926891867,1.0,0.003420265070542967,2339,1.0,0.25889915462941415
CSF1,CSF1R,Myoepithelial Cells,Dendritic Cells,recompute,recompute,recompute,0.7181940594497765,0.7744570596502125,0.6198216015396206,0.241712611075796,0.6590560508382464,0.005075316034193582,0.039280469897209985,0.3371601104337222,0.00881057268722467,1362,1.0,0.25558297342703007
JAG1,NOTCH1,11q13 Invasive Tumor Cells,"CAFs, Invasive Associated",recompute,recompute,recompute,0.7941469661104033,0.6655462707198134,0.8824495942126559,1.0,0.07272217354205764,0.00818530123685312,0.01565892895372665,0.43835885802286684,0.00149860843502462,4671,1.0,0.2554142922059717
JAG1,NOTCH1,Basal-like Structured DCIS Cells,Basal-like Structured DCIS Cells,recompute,recompute,recompute,0.9097736029185509,0.9232588887953476,1.0,0.04309654638185767,0.46352883193182237,0.015508378607169939,0.012154095393776687,0.27695411660521374,0.000868410298324479,19576,1.0,0.25267201373786385
CSF1,CSF1R,11q13 Invasive Tumor Cells,Dendritic Cells,recompute,recompute,recompute,0.6329636802303048,0.7744570596502125,0.7917001487310438,0.3435917185259688,0.6590560508382464,0.0028766866310087967,0.012276785714285714,0.10537660160459834,0.001488095238095238,3360,1.0,0.25145831452526535
CSF1,CSF1R,"CAFs, Invasive Associated",Dendritic Cells,recompute,recompute,recompute,0.6329636802303048,0.7744570596502125,0.7917001487310438,0.1523572567652539,0.6590560508382464,0.006359542038327561,0.030782385634886705,0.26421762690799677,0.005985463873450192,2339,1.0,0.25062524958825044
CXCL12,CXCR4,"CAFs, DCIS Associated",Endothelial Cells,recompute,recompute,recompute,0.8924110508951895,0.7757991160529997,0.7204611100467462,1.0,0.027958038284341596,0.01747621576322301,0.007732631426968997,1.0,0.0003054181174027243,16371,1.0,0.24992702146266793
JAG1,NOTCH1,Pericytes,Endothelial Cells,recompute,recompute,recompute,0.6303682835571691,0.7728785963662539,0.9465158905362521,0.03425584686464733,0.7025747778867708,0.021802508492024877,0.025839159937046968,0.3673133904782776,0.002257540184215279,11074,1.0,0.24962875080344205
TGFB1,TGFBR2,T Lymphocytes,"CAFs, Invasive Associated",recompute,recompute,recompute,0.7806633527749638,0.628133940116149,0.7917001487310438,1.0,0.07630971198036683,0.00801588854537453,0.01597222222222222,0.954573136034566,0.0025,2400,1.0,0.24884837787665437
JAG1,NOTCH1,Basal-like Structured DCIS Cells,11q13 Invasive Tumor Cells,recompute,recompute,recompute,0.9097736029185509,0.6655462707198134,0.7917001487310438,0.04309654638185767,1.0,0.010899443856936008,0.009438868375890676,0.3988572700990824,0.0002978455836118741,30217,1.0,0.24665311619645655
JAG1,NOTCH1,Endothelial Cells,Endothelial Cells,recompute,recompute,recompute,0.6303682835571691,0.7728785963662539,1.0,0.029179138324176478,0.7025747778867708,0.022102393956019938,0.021307278682660247,0.30289099157485655,0.002112841380389702,12779,1.0,0.24583953320661955
CXCL12,CXCR4,T Lymphocytes,T Lymphocytes,recompute,recompute,recompute,0.6160088550075702,0.9008184599638702,1.0,0.025575340320379867,1.0,0.014606144990117162,0.01602437728215573,0.12929591053917,0.0016500094286253065,21212,1.0,0.24327470699880147
CSF1,CSF1R,"CAFs, Invasive Associated",Macrophages,recompute,recompute,recompute,0.6329636802303048,0.9569566492419601,0.6198216015396206,0.1523572567652539,1.0,0.003383899657330076,0.03572740631888317,0.1799886782821358,0.0073475385745775165,1361,1.0,0.2405119280097775
JAG1,NOTCH1,11q13 Invasive Tumor Cells,Dendritic Cells,recompute,recompute,recompute,0.7941469661104033,0.8647171432637394,0.7917001487310438,1.0,0.05197941571611153,0.006842348755920617,0.021726190476190458,0.993615233007855,0.0008928571428571428,3360,1.0,0.24047070088765662
CXCL12,CXCR4,"CAFs, DCIS Associated",Plasma Cells,recompute,recompute,recompute,0.8924110508951895,0.46000374398572297,0.8767341187813952,1.0,0.029279151553362335,0.018235328570408934,0.04343475521624737,1.0,0.011822258459029759,2453,1.0,0.24022108124990113
TGFB1,TGFBR2,11q13 Invasive Tumor Cells,"CAFs, DCIS Associated",recompute,recompute,recompute,0.6618992459738668,0.7241065161359392,0.6198216015396206,0.9884381288839681,0.41704959801464375,0.0014052201086846628,0.00591841048404143,0.2678708024156444,0.0006341154090044388,1577,1.0,0.2358437045216613
CXCL12,CXCR4,Macrophages,T Lymphocytes,recompute,recompute,recompute,0.7487535481622718,0.9008184599638702,0.6198216015396206,0.03388623051970213,1.0,0.011808870968673746,0.03692546268049642,0.2979405212002501,0.007829977628635347,3576,1.0,0.23473571499447216
CXCL12,CXCR4,"CAFs, DCIS Associated","CAFs, DCIS Associated",recompute,recompute,recompute,0.8924110508951895,0.46000374398572297,1.0,1.0,0.0310998965832685,0.012662089253084086,0.005040395953126109,0.9511889336073863,0.00016855589734945852,94924,1.0,0.23339874751455328
DLL4,NOTCH3,Pericytes,Endothelial Cells,recompute,recompute,recompute,0.9184503888425789,0.8818326005152037,0.9465158905362521,0.11694486957515715,0.19937237225527835,0.008906111440489141,0.010339534043705996,0.38307172713811216,0.00036120642947444465,11074,1.0,0.2328006023656648
DLL4,NOTCH3,Pericytes,11q13 Invasive Tumor Cells,recompute,recompute,recompute,0.9184503888425789,0.6580560501976399,0.6198216015396206,0.11694486957515715,1.0,0.0033439007806524835,0.0063823614737452804,0.34697952362080664,0.0001450536698578474,6894,1.0,0.22959911089577834
TGFB1,TGFBR2,T Lymphocytes,Macrophages,recompute,recompute,recompute,0.7806633527749638,0.8911579433306727,0.6198216015396206,1.0,0.04575875759819427,0.007142495612878918,0.007919209532112755,0.7929095721756169,0.0011624527753560012,3441,1.0,0.22812262080770337
TGFB1,TGFBR2,Endothelial Cells,"CAFs, Invasive Associated",recompute,recompute,recompute,0.8649048900453102,0.628133940116149,0.6198216015396206,0.5918084951805068,0.07630971198036683,0.009232025458793586,0.01450360510260677,0.866801852239447,0.002329450915141431,3005,1.0,0.22797697121044255
CSF1,CSF1R,Mast Cells,Dendritic Cells,recompute,recompute,recompute,0.8552373118926793,0.7744570596502125,0.6198216015396206,0.1878690989799276,0.6590560508382464,0.0027518409381323697,0.12962962962962962,1.0,0.06172839506172839,162,1.0,0.2278376843243531
TGFB1,TGFBR2,Basal-like Structured DCIS Cells,Endothelial Cells,recompute,recompute,recompute,0.7806633527749638,0.9516417160285665,0.6198216015396206,0.14371478860647843,1.0,0.0019207371750139034,0.014627659574468085,0.233224349178183,0.001182033096926714,1692,1.0,0.22423115183883124
CSF1,CSF1R,Dendritic Cells,Macrophages,recompute,recompute,recompute,0.6329636802303048,0.9569566492419601,0.6198216015396206,0.13793660188765483,1.0,0.002450517224528348,0.015615431720759338,0.07866792487365395,0.00612369871402327,1633,1.0,0.22417102553263688
TGFB1,TGFBR2,Dendritic Cells,"CAFs, Invasive Associated",recompute,recompute,recompute,0.7806633527749638,0.628133940116149,0.7917001487310438,0.7613650405309432,0.07630971198036683,0.005518245286530801,0.015402006499929349,0.9204944334800762,0.001271725307333616,2359,1.0,0.22344736226941964
TGFB1,TGFBR2,Endothelial Cells,Macrophages,recompute,recompute,recompute,0.8649048900453102,0.8911579433306727,0.8875000050982297,0.5918084951805068,0.04575875759819427,0.005885083012454674,0.007156673114119922,0.716560736789048,0.0015473887814313346,2585,1.0,0.21856638929633873
JAG1,NOTCH1,11q13 Invasive Tumor Cells,T Lymphocytes,recompute,recompute,recompute,0.7941469661104033,0.8647171432637394,0.7917001487310438,1.0,0.08474527904749042,0.00231967966004754,0.026602176541717065,0.4639782523352738,0.0036275695284159614,827,1.0,0.2178446296867439
TGFB1,TGFBR2,"CAFs, Invasive Associated",T Lymphocytes,recompute,recompute,recompute,0.6618992459738668,0.628133940116149,0.7917001487310438,0.9188457246466148,0.10396504391838439,0.00324048816461465,0.01097826086956521,0.976700484849431,0.0004347826086956522,2300,1.0,0.2161180845794264
CXCL12,CXCR4,"CAFs, DCIS Associated",Myoepithelial Cells,recompute,recompute,recompute,0.8924110508951895,0.46000374398572297,0.8293805866303694,1.0,0.021502591154489905,0.0136089010247132,0.009022073333027418,1.0,0.0004038364462392731,9905,1.0,0.2153107737193704
CXCL12,CXCR4,"CAFs, Invasive Associated",Dendritic Cells,recompute,recompute,recompute,0.6160088550075702,0.9008184599638702,0.7917001487310438,0.05480638574296996,0.3180524283074206,0.012273082867074785,0.043103113218547325,0.5989873290168245,0.00983326207781103,2339,1.0,0.21322829196775783
TGFB1,TGFBR2,B Cells,Endothelial Cells,recompute,recompute,recompute,0.7806633527749638,0.9516417160285665,0.6198216015396206,0.05675679989781828,1.0,0.003556888358680533,0.01607024519549371,0.2562250275084852,0.004638833664678595,1509,1.0,0.21283787011823574
CXCL12,CXCR4,Dendritic Cells,T Lymphocytes,recompute,recompute,recompute,0.6160088550075702,0.9008184599638702,0.909150863993142,0.014925651776972337,1.0,0.012073045671166224,0.025103253443060983,0.2025506485690706,0.004391150143556831,5921,1.0,0.21204848214002112
JAG1,NOTCH1,11q13 Invasive Tumor Cells (Mitotic),Basal-like Structured DCIS Cells,recompute,recompute,recompute,0.7941469661104033,0.9232588887953476,0.7917001487310438,0.05263539325963273,0.46352883193182237,0.005522758820385575,0.04438970990695129,1.0,0.0038314176245210726,1305,1.0,0.20679948378200821
TGFB1,TGFBR2,Endothelial Cells,Dendritic Cells,recompute,recompute,recompute,0.8649048900453102,0.628133940116149,0.6198216015396206,0.5918084951805068,0.10646573797703236,0.0034362598936965826,0.013901979264844487,0.5952028354531472,0.000942507068803016,2122,1.0,0.20439061627170904
TGFB1,TGFBR2,Endothelial Cells,T Lymphocytes,recompute,recompute,recompute,0.8649048900453102,0.628133940116149,0.6198216015396206,0.5918084951805068,0.10396504391838439,0.00350260171803153,0.006420021762785632,0.5711686434633761,0.0002176278563656148,4595,1.0,0.20423240595869352
TGFB1,TGFBR2,Myoepithelial Cells,Endothelial Cells,recompute,recompute,recompute,0.4625524716153596,0.9516417160285665,0.7204611100467462,0.12701346030887714,1.0,0.0017445071732201283,0.009086188992731049,0.14487078425303918,0.0008900756564307966,2247,1.0,0.20313979630246115
CSF1,CSF1R,11q13 Invasive Tumor Cells,Macrophages,recompute,recompute,recompute,0.6329636802303048,0.9569566492419601,0.6198216015396206,0.3435917185259688,1.0,0.0005118440735234498,0.008234641006661733,0.04148473968941759,0.0007401924500370096,1351,1.0,0.20104245316831043
TGFB1,TGFBR2,Dendritic Cells,Basal-like Structured DCIS Cells,recompute,recompute,recompute,0.7806633527749638,0.628133940116149,0.8693461273411047,0.7613650405309432,0.06897244404348622,0.0029009617627358273,0.010776439089692107,0.7230245135462852,0.001606425702811245,1245,1.0,0.20048727756416754
CXCL12,CXCR4,"CAFs, DCIS Associated",Pericytes,recompute,recompute,recompute,0.8924110508951895,0.7757991160529997,0.7204611100467462,1.0,0.009156953124503932,0.013862618305316854,0.004032704212064922,1.0,0.0001921721862789059,15611,1.0,0.19964279343939625
CXCL12,CXCR4,Endothelial Cells,Dendritic Cells,recompute,recompute,recompute,0.7487535481622718,0.9008184599638702,0.6198216015396206,0.10272295574815776,0.3180524283074206,0.004593787151119368,0.021870448119270015,0.30392517674861547,0.003298774740810556,2122,1.0,0.19934109132599812
TGFB1,TGFBR2,Mast Cells,Endothelial Cells,recompute,recompute,recompute,0.830274180208954,0.9516417160285665,0.8567148457705164,0.03572830522875711,1.0,0.0025827172322825413,0.05404589371980676,0.8617112207448632,0.021739130434782608,276,1.0,0.1991913152258352
TGFB1,TGFBR2,Endothelial Cells,Myoepithelial Cells,recompute,recompute,recompute,0.8649048900453102,0.7241065161359392,0.7204611100467462,0.5918084951805068,0.046291861436256077,0.005006302236059816,0.009036516160868495,0.6614482785764718,0.0011102886750555144,2702,1.0,0.1988829440608267
TGFB1,TGFBR2,11q13 Invasive Tumor Cells,"CAFs, Invasive Associated",recompute,recompute,recompute,0.6618992459738668,0.628133940116149,0.8824495942126559,0.9884381288839681,0.07630971198036683,0.0020976258727395886,0.003371868978805397,0.20151832979870216,0.00021408691928923143,4671,1.0,0.19677303763749793
CSF1,CSF1R,Myoepithelial Cells,Macrophages,recompute,recompute,recompute,0.7181940594497765,0.9569566492419601,0.7204611100467462,0.241712611075796,1.0,0.0004822322170402131,0.01670896785109983,0.08417697641232437,0.001692047377326565,591,1.0,0.19658552287149098
CSF1,CSF1R,"CAFs, DCIS Associated","CAFs, DCIS Associated",recompute,recompute,recompute,0.7181940594497765,0.46381415478966415,1.0,1.0,0.044315367430461515,0.003870552132297114,0.0012918229320298344,0.1777591178286692,8.427794867472926e-05,94924,1.0,0.1962542427999024
TGFB1,TGFBR2,Macrophages,Dendritic Cells,recompute,recompute,recompute,0.9033788194414196,0.628133940116149,0.6198216015396206,0.3718323084156244,0.10646573797703236,0.0038656575593236263,0.011065006915629325,0.47373998802787953,0.0023710729104919974,1687,1.0,0.19430996473173434
TGFB1,TGFBR2,11q13 Invasive Tumor Cells,Dendritic Cells,recompute,recompute,recompute,0.6618992459738668,0.628133940116149,0.7917001487310438,0.9884381288839681,0.10646573797703236,0.0015497106601694754,0.0035714285714285713,0.15290804077864142,0.00029761904761904765,3360,1.0,0.19422402642599285
TGFB1,TGFBR2,11q13 Invasive Tumor Cells,Basal-like Structured DCIS Cells,recompute,recompute,recompute,0.6618992459738668,0.628133940116149,0.7917001487310438,0.9884381288839681,0.06897244404348622,0.0023796472817250334,0.0012828947368421057,0.08607336201840439,6.578947368421052e-05,30400,1.0,0.1940546616202169
TGFB1,TGFBR2,"CAFs, Invasive Associated",Basal-like Structured DCIS Cells,recompute,recompute,recompute,0.6618992459738668,0.628133940116149,0.7917001487310438,0.9188457246466148,0.06897244404348622,0.002397868756573658,0.008519206939281281,0.5715798513597844,0.00046468401486988845,2152,1.0,0.19195159819601595
JAG1,NOTCH1,11q13 Invasive Tumor Cells (Mitotic),Endothelial Cells,recompute,recompute,recompute,0.7941469661104033,0.7728785963662539,0.6198216015396206,0.05263539325963273,0.7025747778867708,0.0032213825896764566,0.0739382239382239,1.0,0.016216216216216217,370,1.0,0.18882036944873498
JAG1,NOTCH1,Myoepithelial Cells,11q13 Invasive Tumor Cells,recompute,recompute,recompute,0.6303682835571691,0.6655462707198134,0.6198216015396206,0.027254376065765328,1.0,0.006243685739883246,0.01291181830926679,0.5456133508550528,0.0005888125613346418,5095,1.0,0.18807002369880135
TGFB1,TGFBR2,Macrophages,T Lymphocytes,recompute,recompute,recompute,0.9033788194414196,0.628133940116149,0.6198216015396206,0.3718323084156244,0.10396504391838439,0.003103927175785741,0.0064783743475018574,0.5763600848457316,0.0002796420581655481,3576,1.0,0.18659043986466672
TGFB1,TGFBR2,Dendritic Cells,Macrophages,recompute,recompute,recompute,0.7806633527749638,0.8911579433306727,0.6198216015396206,0.7613650405309432,0.04575875759819427,0.002762860212832741,0.010104102878138404,1.0,0.000612369871402327,1633,1.0,0.1860739128017392
TGFB1,TGFBR2,11q13 Invasive Tumor Cells,T Lymphocytes,recompute,recompute,recompute,0.6618992459738668,0.628133940116149,0.7917001487310438,0.9884381288839681,0.10396504391838439,0.001177386687491495,0.004030632809351068,0.3585924096645305,0.0012091898428053204,827,1.0,0.18479665106241136
JAG1,NOTCH1,Pericytes,Pericytes,recompute,recompute,recompute,0.6303682835571691,0.7728785963662539,1.0,0.03425584686464733,0.17748963886584487,0.013131877386686114,0.0108084960602946,0.36861644086127565,0.000639488409272582,12510,1.0,0.184073008734471
JAG1,NOTCH1,Endothelial Cells,Pericytes,recompute,recompute,recompute,0.6303682835571691,0.7728785963662539,0.9465158905362521,0.029179138324176478,0.17748963886584487,0.016269040936672145,0.012158989617465735,0.41467410935405014,0.0010545742156604272,11379,1.0,0.18403774514764779
TGFB1,TGFBR2,"CAFs, DCIS Associated",T Lymphocytes,recompute,recompute,recompute,0.4625524716153596,0.628133940116149,0.6198216015396206,0.47844300379630145,0.10396504391838439,0.004273605532983588,0.003784614500746871,0.33670495370493525,8.617718028266115e-05,11604,1.0,0.183582878250174
JAG1,NOTCH1,Myoepithelial Cells,Endothelial Cells,recompute,recompute,recompute,0.6303682835571691,0.7728785963662539,0.7204611100467462,0.027254376065765328,0.7025747778867708,0.005641736028296241,0.03045330281645368,0.432905169364096,0.003115264797507788,2247,1.0,0.1832918334020507
DLL4,NOTCH3,Endothelial Cells,Dendritic Cells,recompute,recompute,recompute,0.9184503888425789,0.7746834992804791,0.6198216015396206,1.0,0.009044464882971325,0.008908067582361507,0.010053408733898844,1.0,0.003770028275212064,2122,1.0,0.18131581268316957
TGFB1,TGFBR2,"CAFs, Invasive Associated",Myoepithelial Cells,recompute,recompute,recompute,0.6618992459738668,0.7241065161359392,0.6198216015396206,0.9188457246466148,0.046291861436256077,0.0028056717771469232,0.014746634996041173,1.0,0.0005938242280285036,1684,1.0,0.18124852061735103
CXCL12,CXCR4,Pericytes,Dendritic Cells,recompute,recompute,recompute,0.7487535481622718,0.9008184599638702,0.6198216015396206,0.06372880775749876,0.3180524283074206,0.004109311144073063,0.023518913005930127,0.32683325706365124,0.004433185560481318,1579,1.0,0.18070684147360475
CSF1,CSF1R,B Cells,Macrophages,recompute,recompute,recompute,0.6329636802303048,0.9569566492419601,0.6198216015396206,0.034822583417649544,1.0,0.0025638170850485046,0.023826291079812205,0.1200328566127746,0.010328638497652582,1065,1.0,0.17956207062904558
JAG1,NOTCH1,11q13 Invasive Tumor Cells (G1/S),Basal-like Structured DCIS Cells,recompute,recompute,recompute,0.7941469661104033,0.9232588887953476,0.7917001487310438,0.032311095449028576,0.46352883193182237,0.0038339633341036147,0.029064869418702625,0.6622981779643072,0.003369839932603201,1187,1.0,0.17939505376401055
TGFB1,TGFBR2,Endothelial Cells,11q13 Invasive Tumor Cells,recompute,recompute,recompute,0.8649048900453102,0.628133940116149,0.6198216015396206,0.5918084951805068,0.02792871411289051,0.005929854627808835,0.0016935976456216334,0.6265534336807914,0.0003331667499583542,6003,1.0,0.17909937467411782
DLL4,NOTCH3,Pericytes,Basal-like Structured DCIS Cells,recompute,recompute,recompute,0.9184503888425789,0.7746834992804791,0.6198216015396206,0.11694486957515715,0.2295016807597237,0.0027551349918988792,0.008183032732130929,0.4067837473005236,0.001002004008016032,1996,1.0,0.1787419049254648
TGFB1,TGFBR2,Macrophages,"CAFs, Invasive Associated",recompute,recompute,recompute,0.9033788194414196,0.628133940116149,0.6198216015396206,0.3718323084156244,0.07630971198036683,0.003207807243181488,0.013601674052191032,0.8128983227678593,0.0014771048744460858,1354,1.0,0.1781917470012889
DLL4,NOTCH3,Endothelial Cells,11q13 Invasive Tumor Cells (Mitotic),recompute,recompute,recompute,0.9184503888425789,0.6580560501976399,0.6198216015396206,1.0,0.06060662711593698,0.0013793136196418886,0.04095004095004093,1.0,0.002457002457002457,407,1.0,0.17753961750926192
DLL4,NOTCH3,Pericytes,"CAFs, Invasive Associated",recompute,recompute,recompute,0.9184503888425789,0.6580560501976399,0.6198216015396206,0.11694486957515715,0.1973932010691654,0.0034709310972789384,0.02026171380329251,0.3626386000882915,0.001266357112705783,2369,1.0,0.176288641174509
TGFB1,TGFBR2,"CAFs, DCIS Associated",Dendritic Cells,recompute,recompute,recompute,0.4625524716153596,0.628133940116149,0.6198216015396206,0.47844300379630145,0.10646573797703236,0.003142173978827534,0.0067654050100566816,0.28965575104529623,0.0005485463521667581,3646,1.0,0.17510234236611147
JAG1,NOTCH1,Luminal-like Amorphous DCIS Cells,Luminal-like Amorphous DCIS Cells,recompute,recompute,recompute,0.24513582144484414,0.46013374214009517,1.0,0.13275554617509155,0.13474796491837557,0.01400199691069166,0.008773837943461602,0.5064451108552174,0.00038712174979030903,77495,1.0,0.17451898918844197
TGFB1,TGFBR2,Plasma Cells,Endothelial Cells,recompute,recompute,recompute,0.4625524716153596,0.9516417160285665,0.7204611100467462,0.06220829473112404,1.0,0.0014316329634139998,0.02565298507462687,0.40901285117069414,0.0037313432835820895,536,1.0,0.1745104167486211
JAG1,NOTCH1,Myoepithelial Cells,Basal-like Structured DCIS Cells,recompute,recompute,recompute,0.6303682835571691,0.9232588887953476,0.6198216015396206,0.027254376065765328,0.46352883193182237,0.006093324473047767,0.010140259740259743,0.2310650515339086,0.0007272727272727272,6875,1.0,0.17401718016837842
JAG1,NOTCH1,Basal-like Structured DCIS Cells,Endothelial Cells,recompute,recompute,recompute,0.9097736029185509,0.7728785963662539,0.6198216015396206,0.04309654638185767,0.7025747778867708,0.0020668180335307097,0.03799392097264443,0.5400978965270762,0.000591016548463357,1692,1.0,0.17349693296372484
CXCL12,CXCR4,T Lymphocytes,Dendritic Cells,recompute,recompute,recompute,0.6160088550075702,0.9008184599638702,0.909150863993142,0.025575340320379867,0.3180524283074206,0.00624067225973598,0.010401551952558232,0.14454635306972777,0.0017349063150589867,5764,1.0,0.171686217585125
TGFB1,TGFBR2,Dendritic Cells,Myoepithelial Cells,recompute,recompute,recompute,0.7806633527749638,0.7241065161359392,0.6198216015396206,0.7613650405309432,0.046291861436256077,0.0020333241951591796,0.008557601510859303,0.626393035472343,0.000708215297450425,1412,1.0,0.17112228433985835
TGFB1,TGFBR2,Plasma Cells,"CAFs, DCIS Associated",recompute,recompute,recompute,0.4625524716153596,0.7241065161359392,0.8767341187813952,0.06220829473112404,0.41704959801464375,0.0032848160621438776,0.006938775510204083,0.31405313448809086,0.0012244897959183673,2450,1.0,0.17102646077759567
TGFB1,TGFBR2,Pericytes,"CAFs, Invasive Associated",recompute,recompute,recompute,0.8649048900453102,0.628133940116149,0.6198216015396206,0.25809749975310686,0.07630971198036683,0.0034726579549548497,0.009110735894188829,0.5444992946566027,0.0008442380751371887,2369,1.0,0.16867564549235745
TGFB1,TGFBR2,Pericytes,T Lymphocytes,recompute,recompute,recompute,0.8649048900453102,0.628133940116149,0.6198216015396206,0.25809749975310686,0.10396504391838439,0.002384026339769971,0.004115226337448562,0.3661184232006998,0.00030111412225233364,3321,1.0,0.16680608958534082
CSF1,CSF1R,Endothelial Cells,"CAFs, DCIS Associated",recompute,recompute,recompute,0.9530510539284376,0.46381415478966415,0.7204611100467462,0.3300653030175087,0.044315367430461515,0.00419621113768718,0.0019634916080906615,0.27018295423023997,7.172572084349448e-05,13942,1.0,0.16412720439978806
TGFB1,TGFBR2,T Lymphocytes,B Cells,recompute,recompute,recompute,0.7806633527749638,0.628133940116149,0.9318789094584047,1.0,0.009895229901992758,0.004152049227654988,0.003493013972055889,0.7361318729963231,0.0001996007984031936,5010,1.0,0.16302751327732667
CXCL12,CXCR4,CXCL14+ Fibroblasts,T Lymphocytes,recompute,recompute,recompute,0.7487535481622718,0.9008184599638702,0.6198216015396206,0.013109255449725675,1.0,0.003320697468486318,0.019428737132086458,0.156764672591468,0.004253056884635832,1881,1.0,0.16218423856123018
CXCL12,CXCR4,Macrophages,Dendritic Cells,recompute,recompute,recompute,0.7487535481622718,0.9008184599638702,0.6198216015396206,0.03388623051970213,0.3180524283074206,0.003881698160769171,0.019642183542598488,0.2729598439116138,0.004149377593360996,1687,1.0,0.16111327133154427
JAG1,NOTCH1,Myoepithelial Cells,Myoepithelial Cells,recompute,recompute,recompute,0.6303682835571691,0.46013374214009517,1.0,0.027254376065765328,0.17955576343167495,0.011829428414875269,0.006433394877561043,0.22350678261851892,0.0006260900675282859,22361,1.0,0.16002201210872607
TGFB1,TGFBR2,Luminal-like Amorphous DCIS Cells,Endothelial Cells,recompute,recompute,recompute,0.4625524716153596,0.9516417160285665,0.24613745147074395,0.08160636573734653,1.0,0.0018815343327077373,0.008767072720561092,0.1397827737951726,0.0016611295681063123,1806,1.0,0.15977486521083184
TGFB1,TGFBR2,Myoepithelial Cells,Pericytes,recompute,recompute,recompute,0.4625524716153596,0.9643410356050758,0.7204611100467462,0.12701346030887714,0.2837148864776496,0.0014239914369092014,0.005523908165026759,0.2246471130145572,0.0005178663904712584,1931,1.0,0.15954165548327676
DLL4,NOTCH3,Endothelial Cells,11q13 Invasive Tumor Cells (G1/S),recompute,recompute,recompute,0.9184503888425789,0.6580560501976399,0.6198216015396206,1.0,0.0362497659817488,0.001207655648332943,0.027777777777777776,1.0,0.003205128205128205,312,1.0,0.15939433906431086
TGFB1,TGFBR2,Pericytes,Dendritic Cells,recompute,recompute,recompute,0.8649048900453102,0.628133940116149,0.6198216015396206,0.25809749975310686,0.10646573797703236,0.0017470081028290534,0.009658011399620017,0.4135005282614308,0.0006333122229259025,1579,1.0,0.15901194316748377
DLL4,NOTCH3,Endothelial Cells,CXCL14+ Fibroblasts,recompute,recompute,recompute,0.9184503888425789,0.8818326005152037,0.9429656149619918,1.0,0.004265561924923322,0.004897891314495273,0.005196154845414394,1.0,0.000779423226812159,2566,1.0,0.15866732669523376
CSF1,CSF1R,Pericytes,"CAFs, DCIS Associated",recompute,recompute,recompute,0.9330656492219304,0.46381415478966415,0.7204611100467462,0.297542793801235,0.044315367430461515,0.0036643209898280884,0.0016086152423518533,0.22135078989262943,7.70594128072744e-05,12977,1.0,0.1571547674350533
DLL4,NOTCH3,11q13 Invasive Tumor Cells,11q13 Invasive Tumor Cells,recompute,recompute,recompute,0.6342079770588467,0.6580560501976399,1.0,0.06734007498340545,1.0,0.000534653430692582,0.0011139536859594778,0.060560518372370586,4.720142737116371e-06,423716,1.0,0.157087438578606
JAG1,NOTCH1,Luminal-like Amorphous DCIS Cells,Endothelial Cells,recompute,recompute,recompute,0.24513582144484414,0.7728785963662539,0.24613745147074395,0.13275554617509155,0.7025747778867708,0.003212999205416758,0.02867426040183515,0.4076154113878204,0.0016611295681063123,1806,1.0,0.15520016293101163
JAG1,NOTCH1,Luminal-like Amorphous DCIS Cells,Basal-like Structured DCIS Cells,recompute,recompute,recompute,0.24513582144484414,0.9232588887953476,0.24613745147074395,0.13275554617509155,0.46352883193182237,0.004004789535365103,0.04173265758631617,0.9509577587587617,0.004434589800443459,902,1.0,0.1547401610233418
TGFB1,TGFBR2,"CAFs, DCIS Associated","CAFs, Invasive Associated",recompute,recompute,recompute,0.4625524716153596,0.628133940116149,0.6198216015396206,0.47844300379630145,0.07630971198036683,0.002052751680989981,0.009015740187288304,0.538821916231471,0.0005977286312014345,1673,1.0,0.1543019577668484
JAG1,NOTCH1,Basal-like Structured DCIS Cells,Myoepithelial Cells,recompute,recompute,recompute,0.9097736029185509,0.46013374214009517,0.6198216015396206,0.04309654638185767,0.17955576343167495,0.006668883110793045,0.0071183495232154,0.24730324032139997,0.0009357454772301934,6412,1.0,0.15409787164063382
CSF1,CSF1R,"CAFs, DCIS Associated",Pericytes,recompute,recompute,recompute,0.7181940594497765,0.8901135829200775,0.7204611100467462,1.0,0.007996593535171381,0.003527881887873909,0.0008727820126833643,0.19429373504746755,6.405739542630197e-05,15611,1.0,0.1533274003171058
DLL4,NOTCH3,Pericytes,Luminal-like Amorphous DCIS Cells,recompute,recompute,recompute,0.9184503888425789,0.4638256179742202,0.24613745147074395,0.11694486957515715,0.5131068416842878,0.002060977871633681,0.010476689366160296,0.23800117096576112,0.0010476689366160294,1909,1.0,0.15327645159034098
CXCL12,CXCR4,Dendritic Cells,Dendritic Cells,recompute,recompute,recompute,0.6160088550075702,0.9008184599638702,1.0,0.014925651776972337,0.3180524283074206,0.004357947515012346,0.012148410054169244,0.1688217659186803,0.0014958863126402393,4011,1.0,0.15019538704167362
TGFB1,TGFBR2,Myeloid Cells,Endothelial Cells,recompute,recompute,recompute,0.744134323411945,0.9516417160285665,0.7827641335561659,0.013941536844336442,1.0,0.0014701591171282719,0.021014492753623184,0.33505642996560037,0.006521739130434782,460,1.0,0.14993591261740774
JAG1,NOTCH1,Luminal-like Amorphous DCIS Cells,Myoepithelial Cells,recompute,recompute,recompute,0.24513582144484414,0.46013374214009517,0.24613745147074395,0.13275554617509155,0.17955576343167495,0.01700545241123667,0.013326704727692647,0.4629917723506513,0.00074839095943721,13362,1.0,0.14969875502727298
TGFB1,TGFBR2,CXCL14+ Fibroblasts,Endothelial Cells,recompute,recompute,recompute,0.8649048900453102,0.9516417160285665,0.9429656149619918,0.011170777497016586,1.0,0.0012310328231251485,0.003751537515375154,0.05981475648832389,0.0007380073800738007,2710,1.0,0.14838241721804593
TGFB1,TGFBR2,Basal-like Structured DCIS Cells,Dendritic Cells,recompute,recompute,recompute,0.7806633527749638,0.628133940116149,0.8693461273411047,0.14371478860647843,0.10646573797703236,0.0016335384667929076,0.006385696040868454,0.27339879577279436,0.0019157088122605363,1044,1.0,0.14834014634073717
CSF1,CSF1R,Macrophages,Macrophages,recompute,recompute,recompute,0.8975263081978373,0.9569566492419601,1.0,0.013294251962681188,1.0,0.0008815453099349846,0.006712774613506917,0.03381783215683353,0.0008136696501220504,2458,1.0,0.14694073616662667
TGFB1,TGFBR2,Macrophages,Myoepithelial Cells,recompute,recompute,recompute,0.9033788194414196,0.7241065161359392,0.7204611100467462,0.3718323084156244,0.046291861436256077,0.0012058900602190956,0.005944055944055944,0.43508864500057254,0.0013986013986013986,715,1.0,0.14624275215412705
CXCL12,CXCR4,Endothelial Cells,Endothelial Cells,recompute,recompute,recompute,0.7487535481622718,0.7757991160529997,1.0,0.10272295574815776,0.027958038284341596,0.0058637530434285665,0.004104745712070244,0.5756027136392828,7.825338445887784e-05,12779,1.0,0.1462423532797373
CXCL12,CXCR4,B Cells,T Lymphocytes,recompute,recompute,recompute,0.6160088550075702,0.9008184599638702,0.9318789094584047,0.0052742025956585255,1.0,0.00356711218654658,0.01127929242272276,0.09100923913327312,0.0012036108324974925,4985,1.0,0.1461088622444319
CSF1,CSF1R,B Cells,Dendritic Cells,recompute,recompute,recompute,0.6329636802303048,0.7744570596502125,0.909150863993142,0.034822583417649544,0.6590560508382464,0.0009474953743139437,0.014444803098773402,0.12398556892828144,0.0006455777921239509,1549,1.0,0.14601457538564816
JAG1,NOTCH1,Pericytes,Basal-like Structured DCIS Cells,recompute,recompute,recompute,0.6303682835571691,0.9232588887953476,0.6198216015396206,0.03425584686464733,0.46352883193182237,0.0016641600266830074,0.006513026052104205,0.14841165206016693,0.001002004008016032,1996,1.0,0.14561260737224027
CXCL12,CXCR4,"CAFs, DCIS Associated",Luminal-like Amorphous DCIS Cells,recompute,recompute,recompute,0.8924110508951895,0.46000374398572297,0.24613745147074395,1.0,0.017738069381683,0.0051853163654921345,0.0044016310532304995,1.0,0.00017385257301808066,5752,1.0,0.14499881579358662
JAG1,NOTCH1,11q13 Invasive Tumor Cells,"CAFs, DCIS Associated",recompute,recompute,recompute,0.7941469661104033,0.46013374214009517,0.6198216015396206,1.0,0.024824385714313182,0.0015494452304371275,0.0022646978893015673,0.32567852746429876,0.0006341154090044388,1577,1.0,0.14344483077140896
JAG1,NOTCH1,11q13 Invasive Tumor Cells (G1/S),Endothelial Cells,recompute,recompute,recompute,0.7941469661104033,0.7728785963662539,0.6198216015396206,0.032311095449028576,0.7025747778867708,0.0009571051255736718,0.05261723009814611,0.7479737434194045,0.003816793893129771,262,1.0,0.1421939899871528
CXCL12,CXCR4,"CAFs, DCIS Associated","CAFs, Invasive Associated",recompute,recompute,recompute,0.8924110508951895,0.6632137581773894,0.6198216015396206,1.0,0.008007263802792432,0.002796493346736254,0.004319947834592186,1.0,0.0005977286312014345,1673,1.0,0.14204660881745645
JAG1,NOTCH1,Basal-like Structured DCIS Cells,"CAFs, Invasive Associated",recompute,recompute,recompute,0.9097736029185509,0.6655462707198134,0.7917001487310438,0.04309654638185767,0.07272217354205764,0.0052953698216200405,0.019129237126023425,0.5355072857276492,0.0032137118371719335,1867,1.0,0.14129056252531721
JAG1,NOTCH1,Basal-like Structured DCIS Cells,Pericytes,recompute,recompute,recompute,0.9097736029185509,0.7728785963662539,0.6198216015396206,0.04309654638185767,0.17748963886584487,0.0022712012553585087,0.017946280009507973,0.6120457302201562,0.0005546311702717693,1803,1.0,0.1401298782787562
CSF1,CSF1R,11q13 Invasive Tumor Cells (Mitotic),Dendritic Cells,recompute,recompute,recompute,0.6329636802303048,0.7744570596502125,0.7917001487310438,0.03853853776662391,0.6590560508382464,0.0007291275621613873,0.031698564593301434,0.2720815602979103,0.009569377990430622,209,1.0,0.13891868882421024
JAG1,NOTCH1,"CAFs, Invasive Associated",Endothelial Cells,recompute,recompute,recompute,0.7941469661104033,0.7728785963662539,0.6198216015396206,0.00838985805983649,0.7025747778867708,0.0031025226648648137,0.015451428571428586,0.21964787671626568,0.00096,3125,1.0,0.1381679000565407
TGFB1,TGFBR2,B Cells,T Lymphocytes,recompute,recompute,recompute,0.7806633527749638,0.628133940116149,0.9318789094584047,0.05675679989781828,0.10396504391838439,0.0023251524049706005,0.002607823470411236,0.23200964872437535,0.00020060180541624874,4985,1.0,0.13579143179731656
TGFB1,TGFBR2,Endothelial Cells,CXCL14+ Fibroblasts,recompute,recompute,recompute,0.8649048900453102,0.9417110959059584,0.9429656149619918,0.5918084951805068,0.005427302044598217,0.00253523184196772,0.002013510002598078,0.5358547315108516,0.0003897116134060795,2566,1.0,0.1357358446851355
CXCL12,CXCR4,"CAFs, DCIS Associated",CXCL14+ Fibroblasts,recompute,recompute,recompute,0.8924110508951895,0.7757991160529997,0.7204611100467462,1.0,0.0012252690191386984,0.009718454726977938,0.0010972469795999208,0.8804001380551378,0.00017429193899782134,11475,1.0,0.1345735081150016
TGFB1,TGFBR2,Myoepithelial Cells,Myoepithelial Cells,recompute,recompute,recompute,0.4625524716153596,0.7241065161359392,1.0,0.12701346030887714,0.046291861436256077,0.0028631903546081855,0.0012521801350565708,0.09165616262464803,8.944143821832655e-05,22361,1.0,0.13341201905445774
CXCL12,CXCR4,Endothelial Cells,Macrophages,recompute,recompute,recompute,0.7487535481622718,0.7757991160529997,0.8875000050982297,0.10272295574815776,0.04917092614889038,0.0021587041622914294,0.008545806224723063,0.38565065251275604,0.00038684719535783365,2585,1.0,0.13334332701730636
JAG1,NOTCH1,11q13 Invasive Tumor Cells (Mitotic),11q13 Invasive Tumor Cells (Mitotic),recompute,recompute,recompute,0.7941469661104033,0.6655462707198134,1.0,0.05263539325963273,0.08666944020865194,0.0023213059736574768,0.030973858615611225,0.3713739403072588,0.001288659793814433,1552,1.0,0.13324765293502475
JAG1,NOTCH1,11q13 Invasive Tumor Cells (Mitotic),Myoepithelial Cells,recompute,recompute,recompute,0.7941469661104033,0.46013374214009517,0.6198216015396206,0.05263539325963273,0.17955576343167495,0.0025836276496214875,0.030912364945978398,1.0,0.0028011204481792717,714,1.0,0.13298217678214466
CXCL12,CXCR4,"CAFs, DCIS Associated",Mast Cells,recompute,recompute,recompute,0.8924110508951895,0.7757991160529997,0.7204611100467462,1.0,0.004443041812720275,0.0024276303095876555,0.015585615862880191,0.5826076809508433,0.0018484288354898336,1082,1.0,0.13237269686241987
CSF1,CSF1R,T Lymphocytes,"CAFs, DCIS Associated",recompute,recompute,recompute,0.6329636802303048,0.46381415478966415,0.6198216015396206,0.2016933258290928,0.044315367430461515,0.00323300927757532,0.0014937034653920397,0.20553854845145528,9.192021325489476e-05,10879,1.0,0.13186836938470903
CSF1,CSF1R,Mast Cells,"CAFs, DCIS Associated",recompute,recompute,recompute,0.8552373118926793,0.46381415478966415,0.7204611100467462,0.1878690989799276,0.044315367430461515,0.0022059272453782376,0.007324687800192123,1.0,0.0009606147934678194,1041,1.0,0.13182790909874284
TGFB1,TGFBR2,11q13 Invasive Tumor Cells,11q13 Invasive Tumor Cells,recompute,recompute,recompute,0.6618992459738668,0.628133940116149,1.0,0.9884381288839681,0.02792871411289051,0.00044108613318669175,0.00022283007171470097,0.08243690401974865,2.3600713685581854e-06,423716,1.0,0.13103772189928856
CXCL12,CXCR4,Endothelial Cells,B Cells,recompute,recompute,recompute,0.7487535481622718,0.9546923450729715,0.6198216015396206,0.10272295574815776,0.04457454658784243,0.002363691634045313,0.01137966405949481,0.4214477792879168,0.0014104372355430183,1418,1.0,0.12985820116495003
CXCL12,CXCR4,Endothelial Cells,"CAFs, DCIS Associated",recompute,recompute,recompute,0.7487535481622718,0.46000374398572297,0.7204611100467462,0.10272295574815776,0.0310998965832685,0.006020599831752391,0.0029472750746599593,0.5561895258595165,7.172572084349448e-05,13942,1.0,0.12975665966201977
JAG1,NOTCH1,11q13 Invasive Tumor Cells (Mitotic),Pericytes,recompute,recompute,recompute,0.7941469661104033,0.7728785963662539,0.6198216015396206,0.05263539325963273,0.17748963886584487,0.0013310225856270955,0.029400678477195623,1.0,0.002638522427440633,379,1.0,0.12956462030762236
TGFB1,TGFBR2,Basal-like Structured DCIS Cells,Myoepithelial Cells,recompute,recompute,recompute,0.7806633527749638,0.7241065161359392,0.6198216015396206,0.14371478860647843,0.046291861436256077,0.001990810980625807,0.0018065086296527339,0.13223149298307674,0.00015595757953836556,6412,1.0,0.1291502453083629
JAG1,NOTCH1,Myoepithelial Cells,"CAFs, Invasive Associated",recompute,recompute,recompute,0.6303682835571691,0.6655462707198134,0.6198216015396206,0.027254376065765328,0.07272217354205764,0.008544887213349632,0.0374062557161149,1.0,0.006402048655569782,1562,1.0,0.1280289692078009
JAG1,NOTCH1,11q13 Invasive Tumor Cells (Mitotic),11q13 Invasive Tumor Cells (G1/S),recompute,recompute,recompute,0.7941469661104033,0.6655462707198134,0.9592803095773328,0.05263539325963273,0.043382027682688826,0.0037385346836394675,0.020592451027233647,1.0,0.0013377926421404682,1495,1.0,0.12765931995600627
JAG1,NOTCH1,11q13 Invasive Tumor Cells (Mitotic),"CAFs, Invasive Associated",recompute,recompute,recompute,0.7941469661104033,0.6655462707198134,0.9161861017439125,0.05263539325963273,0.07272217354205764,0.002265279740613406,0.028540237055520896,0.7989605010873111,0.006550218340611353,458,1.0,0.12701506820763253
JAG1,NOTCH1,Luminal-like Amorphous DCIS Cells,Pericytes,recompute,recompute,recompute,0.24513582144484414,0.7728785963662539,0.24613745147074395,0.13275554617509155,0.17748963886584487,0.003780318411562969,0.010327518104015805,0.3522130132810479,0.002880184331797235,1736,1.0,0.12678713195750713
JAG1,NOTCH1,Basal-like Structured DCIS Cells,Dendritic Cells,recompute,recompute,recompute,0.9097736029185509,0.8647171432637394,0.8693461273411047,0.04309654638185767,0.05197941571611153,0.002667547058350439,0.015941434044882317,0.7290579413976708,0.0019157088122605363,1044,1.0,0.12644392947932667
CXCL12,CXCR4,Pericytes,Endothelial Cells,recompute,recompute,recompute,0.7487535481622718,0.7757991160529997,0.9465158905362521,0.06372880775749876,0.027958038284341596,0.004153479285052527,0.0023765741212011795,0.33326364390995505,9.030160736861116e-05,11074,1.0,0.12635099056341725
TGFB1,TGFBR2,11q13 Invasive Tumor Cells (G1/S),Endothelial Cells,recompute,recompute,recompute,0.6618992459738668,0.9516417160285665,0.6198216015396206,0.02290427933852047,1.0,0.00045272209377647445,0.010496183206106869,0.16735182307442134,0.003816793893129771,262,1.0,0.12624524571716453
TGFB1,TGFBR2,Luminal-like Amorphous DCIS Cells,"CAFs, DCIS Associated",recompute,recompute,recompute,0.4625524716153596,0.7241065161359392,0.24613745147074395,0.08160636573734653,0.41704959801464375,0.0013344307204459392,0.001725080276012844,0.07807816625983915,0.00020496003279360525,4879,1.0,0.12461166953209007
JAG1,NOTCH1,Myoepithelial Cells,Pericytes,recompute,recompute,recompute,0.6303682835571691,0.7728785963662539,0.7204611100467462,0.027254376065765328,0.17748963886584487,0.0021686104409421965,0.015277058518902112,0.5210137383270358,0.0005178663904712584,1931,1.0,0.12426577405770468
CXCL12,CXCR4,Plasma Cells,T Lymphocytes,recompute,recompute,recompute,0.8730912658940219,0.9008184599638702,0.6198216015396206,0.005708610653010913,1.0,0.001187113385524477,0.02480985150307861,0.20018327601436775,0.0026560424966799467,753,1.0,0.12203894627419723
CXCL12,CXCR4,Endothelial Cells,Pericytes,recompute,recompute,recompute,0.7487535481622718,0.7757991160529997,0.9465158905362521,0.10272295574815776,0.009156953124503932,0.006090564440494707,0.0026643977342632815,0.6973958325499547,8.788118463836892e-05,11379,1.0,0.12107344361855861
JAG1,NOTCH1,Basal-like Structured DCIS Cells,11q13 Invasive Tumor Cells (Mitotic),recompute,recompute,recompute,0.9097736029185509,0.6655462707198134,0.7917001487310438,0.04309654638185767,0.08666944020865194,0.001723502079377957,0.02070312500000002,0.24822871452149556,0.0015625,1280,1.0,0.1206607105915941
CSF1,CSF1R,"CAFs, Invasive Associated",T Lymphocytes,recompute,recompute,recompute,0.6329636802303048,0.7744570596502125,0.7917001487310438,0.1523572567652539,0.02165809680677239,0.002140466195585135,0.0036956521739130435,0.4261448761030001,0.0004347826086956522,2300,1.0,0.1183010204373154
JAG1,NOTCH1,11q13 Invasive Tumor Cells (G1/S),11q13 Invasive Tumor Cells (G1/S),recompute,recompute,recompute,0.7941469661104033,0.6655462707198134,1.0,0.032311095449028576,0.043382027682688826,0.0034589989845012843,0.014239281844915665,0.6932781883419031,0.0010834236186348862,1846,1.0,0.1169810282056782
CSF1,CSF1R,Plasma Cells,Macrophages,recompute,recompute,recompute,0.7181940594497765,0.9569566492419601,0.7204611100467462,0.009092431017982948,1.0,0.00052039916308152,0.017062314540059347,0.08595707774275815,0.005934718100890208,337,1.0,0.1152466589893529
TGFB1,TGFBR2,Luminal-like Amorphous DCIS Cells,Pericytes,recompute,recompute,recompute,0.4625524716153596,0.9643410356050758,0.24613745147074395,0.08160636573734653,0.2837148864776496,0.000907620015498631,0.0024961597542242707,0.1015141935124645,0.000576036866359447,1736,1.0,0.11495135034580024
CXCL12,CXCR4,Myoepithelial Cells,T Lymphocytes,recompute,recompute,recompute,0.8023917560710954,0.9008184599638702,0.6198216015396206,0.008536715800078514,1.0,0.000584094116158209,0.008275804707643683,0.06677499451480655,0.0009149130832570906,1093,1.0,0.11433486340883488
TGFB1,TGFBR2,B Cells,"CAFs, Invasive Associated",recompute,recompute,recompute,0.7806633527749638,0.628133940116149,0.7917001487310438,0.05675679989781828,0.07630971198036683,0.0012674232636718742,0.005940082644628099,0.3550065381946733,0.0010330578512396695,968,1.0,0.11344010621620346
CSF1,CSF1R,Luminal-like Amorphous DCIS Cells,Dendritic Cells,recompute,recompute,recompute,0.24945190643783477,0.7744570596502125,0.24613745147074395,0.07022613207428953,0.6590560508382464,0.0009395219194476726,0.015130674002751032,0.12987267543015146,0.002751031636863824,727,1.0,0.11287101656106129
JAG1,NOTCH1,11q13 Invasive Tumor Cells (G1/S),11q13 Invasive Tumor Cells (Mitotic),recompute,recompute,recompute,0.7941469661104033,0.6655462707198134,0.9592803095773328,0.032311095449028576,0.08666944020865194,0.0014232628629228896,0.024487030584591576,0.2935974218607919,0.0006775067750677507,1476,1.0,0.11244024542049655
JAG1,NOTCH1,Basal-like Structured DCIS Cells,T Lymphocytes,recompute,recompute,recompute,0.9097736029185509,0.8647171432637394,0.8693461273411047,0.04309654638185767,0.08474527904749042,0.0007967191899205334,0.013540372670807451,0.23616257255933684,0.0017391304347826088,575,1.0,0.11215315633191185
CXCL12,CXCR4,"CAFs, Invasive Associated",B Cells,recompute,recompute,recompute,0.6160088550075702,0.9546923450729715,0.7917001487310438,0.05480638574296996,0.04457454658784243,0.0017086322469426407,0.018390006939625263,0.6810770111730804,0.0010905125408942203,917,1.0,0.11171121076729262
DLL4,NOTCH3,Myoepithelial Cells,11q13 Invasive Tumor Cells,recompute,recompute,recompute,0.7160288858520609,0.6580560501976399,0.6198216015396206,0.0069047442087267884,1.0,0.0009431072134652588,0.0006869479882237486,0.037346190228595096,0.00019627085377821394,5095,1.0,0.1113086740612362
TGFB1,TGFBR2,Myeloid Cells,"CAFs, DCIS Associated",recompute,recompute,recompute,0.744134323411945,0.7241065161359392,0.7204611100467462,0.013941536844336442,0.41704959801464375,0.0008292159517549096,0.0024961597542242702,0.1129776851613546,0.0007680491551459293,1302,1.0,0.11101269682823835
CSF1,CSF1R,Dendritic Cells,"CAFs, DCIS Associated",recompute,recompute,recompute,0.6329636802303048,0.46381415478966415,0.6198216015396206,0.13793660188765483,0.044315367430461515,0.0016775261424331943,0.0013114508393285373,0.18045998293930635,0.00029976019184652276,3336,1.0,0.11095560235635087
CSF1,CSF1R,Plasma Cells,Dendritic Cells,recompute,recompute,recompute,0.7181940594497765,0.7744570596502125,0.6198216015396206,0.009092431017982948,0.6590560508382464,0.0008845306414316182,0.023985239852398525,0.20587498414799757,0.01107011070110701,271,1.0,0.11057011300710377
TGFB1,TGFBR2,Myeloid Cells,Pericytes,recompute,recompute,recompute,0.744134323411945,0.9643410356050758,0.7827641335561659,0.013941536844336442,0.2837148864776496,0.0008059244309139079,0.008783204798628964,0.35719666983602794,0.002570694087403599,389,1.0,0.1101964545130551
CXCL12,CXCR4,"CAFs, Invasive Associated",Macrophages,recompute,recompute,recompute,0.6160088550075702,0.7757991160529997,0.6198216015396206,0.05480638574296996,0.04917092614889038,0.0022178576943827823,0.017133124039810304,0.7731746182612456,0.0007347538574577516,1361,1.0,0.10998827381961192
CXCL12,CXCR4,T Lymphocytes,B Cells,recompute,recompute,recompute,0.6160088550075702,0.9546923450729715,0.9318789094584047,0.025575340320379867,0.04457454658784243,0.0028107906494860752,0.004554527309018333,0.16867768767658706,0.0003992015968063872,5010,1.0,0.1098393852964061
CXCL12,CXCR4,Endothelial Cells,Basal-like Structured DCIS Cells,recompute,recompute,recompute,0.7487535481622718,0.8628183098412396,0.6198216015396206,0.10272295574815776,0.03391524182236365,0.0012548551164774085,0.002236981689036483,0.17091056402865126,0.0005073566717402334,1971,1.0,0.10978190661145361
CSF1,CSF1R,Basal-like Structured DCIS Cells,Myoepithelial Cells,recompute,recompute,recompute,0.6329636802303048,0.46381415478966415,0.6198216015396206,0.3430671774934166,0.00992063151970032,0.002787766823579152,0.0017350280723643168,0.25929117584905975,0.00015595757953836556,6412,1.0,0.1095286522536909
CXCL12,CXCR4,Pericytes,B Cells,recompute,recompute,recompute,0.7487535481622718,0.9546923450729715,0.6198216015396206,0.06372880775749876,0.04457454658784243,0.0012607742448243844,0.008637646455144109,0.319896694468522,0.0009407337723424271,1063,1.0,0.10799959352104521
JAG1,NOTCH1,Pericytes,Myoepithelial Cells,recompute,recompute,recompute,0.6303682835571691,0.46013374214009517,0.7204611100467462,0.03425584686464733,0.17955576343167495,0.001223268820385487,0.004220927949741508,0.14664202084062955,0.0004580852038479157,2183,1.0,0.10783459488582445
JAG1,NOTCH1,Pericytes,"CAFs, Invasive Associated",recompute,recompute,recompute,0.6303682835571691,0.6655462707198134,0.6198216015396206,0.03425584686464733,0.07272217354205764,0.0022919430730147603,0.008472532111198213,0.23718157939167514,0.0008442380751371887,2369,1.0,0.10680898809361793
JAG1,NOTCH1,11q13 Invasive Tumor Cells (Mitotic),Dendritic Cells,recompute,recompute,recompute,0.7941469661104033,0.8647171432637394,0.7917001487310438,0.05263539325963273,0.05197941571611153,0.0009884141702920508,0.021872863978127134,1.0,0.004784688995215311,209,1.0,0.10663458428136009
CXCL12,CXCR4,Pericytes,Pericytes,recompute,recompute,recompute,0.7487535481622718,0.7757991160529997,1.0,0.06372880775749876,0.009156953124503932,0.004303449810811121,0.0012099411379986923,0.3166974271220639,7.993605115907275e-05,12510,1.0,0.10649573404902228
DLL4,NOTCH3,Myoepithelial Cells,Pericytes,recompute,recompute,recompute,0.7160288858520609,0.8818326005152037,0.7204611100467462,0.0069047442087267884,0.8672894033034337,0.0005109250888798584,0.002761954082513378,0.028920150231633628,0.0005178663904712584,1931,1.0,0.10566574234245389
CSF1,CSF1R,T Lymphocytes,Endothelial Cells,recompute,recompute,recompute,0.6329636802303048,0.8901135829200775,0.6198216015396206,0.2016933258290928,0.010937673779041644,0.0017915518558499863,0.0012846057046979867,0.14400941287434782,0.00020973154362416107,4768,1.0,0.10551720467509886
CXCL12,CXCR4,Macrophages,"CAFs, DCIS Associated",recompute,recompute,recompute,0.7487535481622718,0.46000374398572297,0.7204611100467462,0.03388623051970213,0.0310998965832685,0.0052062964663809955,0.003150222752437235,0.5944884188429806,0.0001025220422390814,9754,1.0,0.10527788974859714
JAG1,NOTCH1,"CAFs, Invasive Associated",Pericytes,recompute,recompute,recompute,0.7941469661104033,0.7728785963662539,0.6198216015396206,0.00838985805983649,0.17748963886584487,0.0023379064937123933,0.0067465002529937534,0.23008482379559383,0.0007870916961826052,2541,1.0,0.10479470527925411
TGFB1,TGFBR2,Endothelial Cells,Mast Cells,recompute,recompute,recompute,0.8649048900453102,0.860445251677117,0.8567148457705164,0.5918084951805068,0.005044198536350481,0.00069359033221433,0.0062962962962962955,0.45739551729814926,0.0044444444444444444,225,1.0,0.10473742804092857
JAG1,NOTCH1,Pericytes,T Lymphocytes,recompute,recompute,recompute,0.6303682835571691,0.8647171432637394,0.6198216015396206,0.03425584686464733,0.08474527904749042,0.001345774278072171,0.006689035144319699,0.11666589879229322,0.00030111412225233364,3321,1.0,0.10473540107097529
CXCL12,CXCR4,B Cells,Dendritic Cells,recompute,recompute,recompute,0.6160088550075702,0.9008184599638702,0.909150863993142,0.0052742025956585255,0.3180524283074206,0.0015465055648506696,0.00792300017606667,0.1101028756136318,0.001936733376371853,1549,1.0,0.10458718569600732
JAG1,NOTCH1,Myoepithelial Cells,Luminal-like Amorphous DCIS Cells,recompute,recompute,recompute,0.6303682835571691,0.46013374214009517,0.24613745147074395,0.027254376065765328,0.13474796491837557,0.004920032923606183,0.003498997102741254,0.20196976363125532,0.00015600624024960998,12820,1.0,0.10433514370776689
TGFB1,TGFBR2,Plasma Cells,Dendritic Cells,recompute,recompute,recompute,0.4625524716153596,0.628133940116149,0.6198216015396206,0.06220829473112404,0.10646573797703236,0.0010491590766075472,0.02029520295202952,0.8689239217679254,0.0036900369003690036,271,1.0,0.10380795266745137
CXCL12,CXCR4,Endothelial Cells,Plasma Cells,recompute,recompute,recompute,0.7487535481622718,0.46000374398572297,0.7204611100467462,0.10272295574815776,0.029279151553362335,0.0015058909700995454,0.021672420406597618,0.5117373089557218,0.004219409282700422,474,1.0,0.10196604405393325
CXCL12,CXCR4,T Lymphocytes,"CAFs, DCIS Associated",recompute,recompute,recompute,0.6160088550075702,0.46000374398572297,0.6198216015396206,0.025575340320379867,0.0310998965832685,0.007045565702807662,0.002586300545671815,0.48806889000456777,0.0001838404265097895,10879,1.0,0.0997360204941261
JAG1,NOTCH1,Endothelial Cells,"CAFs, Invasive Associated",recompute,recompute,recompute,0.6303682835571691,0.6655462707198134,0.6198216015396206,0.029179138324176478,0.07272217354205764,0.001702223240333507,0.007368671262182072,0.20627990133816382,0.00033277870216306157,3005,1.0,0.0989615117259976
DLL4,NOTCH3,"CAFs, Invasive Associated",11q13 Invasive Tumor Cells,recompute,recompute,recompute,0.6342079770588467,0.6580560501976399,0.8824495942126559,0.002196330917593002,1.0,0.0011458618652474644,0.0008889653590272999,0.048328941890796166,0.00017205781142463867,5812,1.0,0.09874233379657751
JAG1,NOTCH1,11q13 Invasive Tumor Cells (G1/S),Dendritic Cells,recompute,recompute,recompute,0.7941469661104033,0.8647171432637394,0.7917001487310438,0.032311095449028576,0.05197941571611153,0.000949172478076587,0.021835677276091786,0.9986224500951977,0.0051813471502590676,193,1.0,0.09764382487628685
JAG1,NOTCH1,"CAFs, Invasive Associated","CAFs, Invasive Associated",recompute,recompute,recompute,0.7941469661104033,0.6655462707198134,1.0,0.00838985805983649,0.07272217354205764,0.0026827551131717612,0.005191617896922789,0.14533508002439327,0.00037757221068529355,5297,1.0,0.09761441904290723
CXCL12,CXCR4,Plasma Cells,Dendritic Cells,recompute,recompute,recompute,0.8730912658940219,0.9008184599638702,0.6198216015396206,0.005708610653010913,0.3180524283074206,0.0009317140462752481,0.024656155652465615,0.3426370792107531,0.007380073800738007,271,1.0,0.09683822280822976
CXCL12,CXCR4,"CAFs, Invasive Associated","CAFs, Invasive Associated",recompute,recompute,recompute,0.6160088550075702,0.6632137581773894,1.0,0.05480638574296996,0.008007263802792432,0.004491123990225985,0.0033724063363481916,0.8146076373884479,0.00018878610534264677,5297,1.0,0.09645366600597573
CSF1,CSF1R,CXCL14+ Fibroblasts,Macrophages,recompute,recompute,recompute,0.9330656492219304,0.9569566492419601,0.8875000050982297,0.0032976778039481187,1.0,0.0003069146823444426,0.0028089887640449437,0.014151214069032485,0.0007022471910112359,1424,1.0,0.09639082563309119
DLL4,NOTCH3,Luminal-like Amorphous DCIS Cells,Luminal-like Amorphous DCIS Cells,recompute,recompute,recompute,0.2490567623945399,0.4638256179742202,1.0,0.011649387573427093,0.5131068416842878,0.0011506357221767595,0.0022582102071101334,0.051300239493119903,2.580811665268727e-05,77495,1.0,0.09623897782120241
CXCL12,CXCR4,Dendritic Cells,B Cells,recompute,recompute,recompute,0.6160088550075702,0.9546923450729715,0.909150863993142,0.014925651776972337,0.04457454658784243,0.002057561293999276,0.007778163312514462,0.2880655912037086,0.001272264631043257,1572,1.0,0.09493149375701856
JAG1,NOTCH1,Pericytes,"CAFs, DCIS Associated",recompute,recompute,recompute,0.6303682835571691,0.46013374214009517,0.7204611100467462,0.03425584686464733,0.024824385714313182,0.004022593780027783,0.0018549301511465348,0.2667512179122666,7.70594128072744e-05,12977,1.0,0.09455872982388247
JAG1,NOTCH1,Myoepithelial Cells,11q13 Invasive Tumor Cells (G1/S),recompute,recompute,recompute,0.6303682835571691,0.6655462707198134,0.6198216015396206,0.027254376065765328,0.043382027682688826,0.001975227612760404,0.020311442112389978,0.9889178361419366,0.004739336492890996,422,1.0,0.09202394326270591
JAG1,NOTCH1,Luminal-like Amorphous DCIS Cells,Dendritic Cells,recompute,recompute,recompute,0.24513582144484414,0.8647171432637394,0.24613745147074395,0.13275554617509155,0.05197941571611153,0.0016852937234498946,0.018274710159166815,0.8357668783605103,0.001375515818431912,727,1.0,0.09201038020264021
TGFB1,TGFBR2,"CAFs, DCIS Associated",Luminal-like Amorphous DCIS Cells,recompute,recompute,recompute,0.4625524716153596,0.25153574142392743,0.24613745147074395,0.47844300379630145,0.01630369297954023,0.0027084102210112476,0.0012894065832174313,0.2728213608598961,0.00017385257301808066,5752,1.0,0.09196625369408463
CXCL12,CXCR4,Mast Cells,T Lymphocytes,recompute,recompute,recompute,0.7487535481622718,0.9008184599638702,0.6198216015396206,0.001641777062288553,1.0,0.0008744273293044415,0.029552080572488728,0.2384469049041773,0.0058309037900874635,343,1.0,0.09184342475546607
CXCL12,CXCR4,Myeloid Cells,T Lymphocytes,recompute,recompute,recompute,0.7487535481622718,0.9008184599638702,0.6198216015396206,0.0015847932820241062,1.0,0.0008485568397377224,0.02460168697282099,0.19850365864093075,0.005154639175257732,388,1.0,0.09084842164423333
TGFB1,TGFBR2,Luminal-like Amorphous DCIS Cells,Myoepithelial Cells,recompute,recompute,recompute,0.4625524716153596,0.7241065161359392,0.24613745147074395,0.08160636573734653,0.046291861436256077,0.0016885838348521367,0.0006236591328643415,0.04565014354071237,7.4839095943721e-05,13362,1.0,0.08984264662129521
CSF1,CSF1R,Apocrine Cells,Dendritic Cells,recompute,recompute,recompute,0.24945190643783477,0.7744570596502125,0.24613745147074395,0.02755557660641766,0.6590560508382464,0.0005576303817249809,0.060546875,0.5196982397317691,0.03125,64,1.0,0.08853357964485752
CXCL12,CXCR4,Macrophages,Plasma Cells,recompute,recompute,recompute,0.7487535481622718,0.46000374398572297,0.7204611100467462,0.03388623051970213,0.029279151553362335,0.0017750236078970842,0.02189068600111545,0.5168910779340207,0.012269938650306749,326,1.0,0.08711305375242478
JAG1,NOTCH1,Luminal-like Amorphous DCIS Cells,11q13 Invasive Tumor Cells (Mitotic),recompute,recompute,recompute,0.24513582144484414,0.6655462707198134,0.24613745147074395,0.13275554617509155,0.08666944020865194,0.0007592610218998569,0.02757564151666027,0.33062960523042567,0.002680965147453083,373,1.0,0.0839807453194462
CSF1,CSF1R,Macrophages,"CAFs, DCIS Associated",recompute,recompute,recompute,0.8975263081978373,0.46381415478966415,0.7204611100467462,0.013294251962681188,0.044315367430461515,0.0018808822715193978,0.0005638712323149477,0.07759055079458432,0.0001025220422390814,9754,1.0,0.08322696530293654
CXCL12,CXCR4,Pericytes,Plasma Cells,recompute,recompute,recompute,0.7487535481622718,0.46000374398572297,0.7204611100467462,0.06372880775749876,0.029279151553362335,0.0007011926410139545,0.011305952930318412,0.2669603957101117,0.0025380710659898475,394,1.0,0.08290387127943671
CXCL12,CXCR4,"CAFs, Invasive Associated",Plasma Cells,recompute,recompute,recompute,0.6160088550075702,0.46000374398572297,0.6198216015396206,0.05480638574296996,0.029279151553362335,0.0010264409242747394,0.03772906934962272,0.8908729184905481,0.003952569169960474,253,1.0,0.08132495910245015
DLL4,NOTCH3,"CAFs, Invasive Associated",Endothelial Cells,recompute,recompute,recompute,0.6342079770588467,0.8818326005152037,0.6198216015396206,0.002196330917593002,0.19937237225527835,0.0018455285350880033,0.003146666666666666,0.11658156253779066,0.00064,3125,1.0,0.0808901065728149
TGFB1,TGFBR2,Myeloid Cells,Dendritic Cells,recompute,recompute,recompute,0.744134323411945,0.628133940116149,0.6198216015396206,0.013941536844336442,0.10646573797703236,0.0005775430635991704,0.00980392156862745,0.4197475629217608,0.0058823529411764705,170,1.0,0.07928308026597525
CXCL12,CXCR4,T Lymphocytes,Pericytes,recompute,recompute,recompute,0.6160088550075702,0.7757991160529997,0.6198216015396206,0.025575340320379867,0.009156953124503932,0.0026680846877830864,0.0016366193581383458,0.4283788058962071,0.00028129395218002813,3555,1.0,0.07549117926082115
TGFB1,TGFBR2,Myoepithelial Cells,Luminal-like Amorphous DCIS Cells,recompute,recompute,recompute,0.4625524716153596,0.25153574142392743,0.24613745147074395,0.12701346030887714,0.01630369297954023,0.00287090909245948,0.0006500260010400417,0.13753689527126883,7.800312012480499e-05,12820,1.0,0.0744473495373317
CXCL12,CXCR4,Pericytes,Mast Cells,recompute,recompute,recompute,0.7487535481622718,0.7757991160529997,0.8567148457705164,0.06372880775749876,0.004443041812720275,0.001039321837986821,0.013737373737373736,0.513518331639883,0.008888888888888889,225,1.0,0.07260212389178196
CXCL12,CXCR4,T Lymphocytes,Plasma Cells,recompute,recompute,recompute,0.6160088550075702,0.46000374398572297,0.6198216015396206,0.025575340320379867,0.029279151553362335,0.0009660081351595546,0.01185770750988142,0.2799886315256007,0.001402524544179523,713,1.0,0.07090280661176883
CXCL12,CXCR4,Myeloid Cells,Dendritic Cells,recompute,recompute,recompute,0.7487535481622718,0.9008184599638702,0.6198216015396206,0.0015847932820241062,0.3180524283074206,0.0004102479366872874,0.015240641711229946,0.21179331582907174,0.0058823529411764705,170,1.0,0.066496021686372
CXCL12,CXCR4,"CAFs, Invasive Associated",Mast Cells,recompute,recompute,recompute,0.6160088550075702,0.7757991160529997,0.6198216015396206,0.05480638574296996,0.004443041812720275,0.0011024337338174652,0.02937062937062937,1.0,0.015384615384615385,130,1.0,0.06557606251201284
CXCL12,CXCR4,CXCL14+ Fibroblasts,Plasma Cells,recompute,recompute,recompute,0.7487535481622718,0.46000374398572297,0.7204611100467462,0.013109255449725675,0.029279151553362335,0.0005577250568737372,0.009888357256778306,0.23348759564649507,0.0035087719298245615,285,1.0,0.061312067352234455
CXCL12,CXCR4,Dendritic Cells,Plasma Cells,recompute,recompute,recompute,0.6160088550075702,0.46000374398572297,0.6198216015396206,0.014925651776972337,0.029279151553362335,0.0006051816369798433,0.013883605933815137,0.3278249039968505,0.0041841004184100415,239,1.0,0.05995609887724525
JAG1,NOTCH1,"CAFs, DCIS Associated","CAFs, DCIS Associated",recompute,recompute,recompute,0.6303682835571691,0.46013374214009517,1.0,0.010161058057093355,0.024824385714313182,0.0005284847002382241,0.00018435801272597012,0.0265119009447018,1.0534743584341158e-05,94924,1.0,0.058150866402462024
CXCL12,CXCR4,T Lymphocytes,Mast Cells,recompute,recompute,recompute,0.6160088550075702,0.7757991160529997,0.6198216015396206,0.025575340320379867,0.004443041812720275,0.0007240233394864748,0.009009009009009007,0.33676679141725235,0.003003003003003003,333,1.0,0.05384483900555081
CXCL12,CXCR4,Mast Cells,B Cells,recompute,recompute,recompute,0.7487535481622718,0.9546923450729715,0.6198216015396206,0.001641777062288553,0.04457454658784243,0.00044353883155881215,0.010146103896103894,0.37576267041641465,0.008928571428571428,112,1.0,0.04931386703596527
DLL4,NOTCH3,11q13 Invasive Tumor Cells (G1/S),11q13 Invasive Tumor Cells (G1/S),recompute,recompute,recompute,0.6342079770588467,0.6580560501976399,1.0,0.0008958753988410421,0.0362497659817488,0.0005995114693646953,0.000993138317081979,0.04165159679687474,0.0005417118093174431,1846,1.0,0.044837651285691046
CSF1,CSF1R,Basal-like Structured DCIS Cells,Macrophages,recompute,recompute,recompute,0.6329636802303048,0.9569566492419601,0.6198216015396206,0.3430671774934166,1.0,0.0,0.015526315789473685,0.07821897376472588,0.0,475,1.0,0.03298522832592648
TGFB1,TGFBR2,T Lymphocytes,Basal-like Structured DCIS Cells,recompute,recompute,recompute,0.7806633527749638,0.628133940116149,0.8693461273411047,1.0,0.06897244404348622,0.0,0.003052917232021709,0.20482962676334612,0.0,737,1.0,0.02578679767835602
TGFB1,TGFBR2,Basal-like Structured DCIS Cells,"CAFs, DCIS Associated",recompute,recompute,recompute,0.7806633527749638,0.7241065161359392,0.6198216015396206,0.14371478860647843,0.41704959801464375,0.0,0.004375,0.19801511972318964,0.0,800,1.0,0.024380186888420145
TGFB1,TGFBR2,11q13 Invasive Tumor Cells (Mitotic),Endothelial Cells,recompute,recompute,recompute,0.6618992459738668,0.9516417160285665,0.6198216015396206,0.05212675997941913,1.0,0.0,0.009459459459459462,0.15082223268721812,0.0,370,1.0,0.024253000952650598
DLL4,NOTCH3,11q13 Invasive Tumor Cells,Pericytes,recompute,recompute,recompute,0.6342079770588467,0.8818326005152037,0.6198216015396206,0.06734007498340545,0.8672894033034337,0.0,0.005408407881658189,0.056630908327473466,0.0,5701,1.0,0.02423187650913802
TGFB1,TGFBR2,Basal-like Structured DCIS Cells,Pericytes,recompute,recompute,recompute,0.7806633527749638,0.9643410356050758,0.6198216015396206,0.14371478860647843,0.2837148864776496,0.0,0.005638750231096322,0.22931752711711126,0.0,1803,1.0,0.023982298219832977
CXCL12,CXCR4,"CAFs, DCIS Associated",11q13 Invasive Tumor Cells,recompute,recompute,recompute,0.8924110508951895,0.6632137581773894,0.6198216015396206,1.0,0.04976777849846808,0.0,0.0033557046979865784,1.0,0.0,3278,1.0,0.023818016400929395
TGFB1,TGFBR2,11q13 Invasive Tumor Cells,Macrophages,recompute,recompute,recompute,0.6618992459738668,0.8911579433306727,0.6198216015396206,0.9884381288839681,0.04575875759819427,0.0,0.0008635578583765111,0.08646359074824668,0.0,1351,1.0,0.023428232113908178
TGFB1,TGFBR2,T Lymphocytes,Myoepithelial Cells,recompute,recompute,recompute,0.7806633527749638,0.7241065161359392,0.6198216015396206,1.0,0.046291861436256077,0.0,0.003651538862806469,0.2672826620304846,0.0,1278,1.0,0.023352835468600022
CXCL12,CXCR4,"CAFs, DCIS Associated",Basal-like Structured DCIS Cells,recompute,recompute,recompute,0.8924110508951895,0.8628183098412396,0.6198216015396206,1.0,0.03391524182236365,0.0,0.015092559839641563,1.0,0.0,1542,1.0,0.023344845886909608
TGFB1,TGFBR2,"CAFs, Invasive Associated",Macrophages,recompute,recompute,recompute,0.6618992459738668,0.8911579433306727,0.6198216015396206,0.9188457246466148,0.04575875759819427,0.0,0.009490570658829297,0.9502418505634832,0.0,1361,1.0,0.023144885485165606
TGFB1,TGFBR2,Myoepithelial Cells,"CAFs, DCIS Associated",recompute,recompute,recompute,0.4625524716153596,0.7241065161359392,0.8293805866303694,0.12701346030887714,0.41704959801464375,0.0,0.0017136769950442327,0.07756204693498504,0.0,7197,1.0,0.022976955045397422
CSF1,CSF1R,11q13 Invasive Tumor Cells (Mitotic),Macrophages,recompute,recompute,recompute,0.6329636802303048,0.9569566492419601,0.6198216015396206,0.03853853776662391,1.0,0.0,0.009708737864077669,0.04891099231626762,0.0,103,1.0,0.0229124847279958
TGFB1,TGFBR2,Endothelial Cells,Basal-like Structured DCIS Cells,recompute,recompute,recompute,0.8649048900453102,0.628133940116149,0.6198216015396206,0.5918084951805068,0.06897244404348622,0.0,0.0047776086588871974,0.3205444904161871,0.0,1971,1.0,0.02271733435730435
DLL4,NOTCH3,Endothelial Cells,Myoepithelial Cells,recompute,recompute,recompute,0.9184503888425789,0.4638256179742202,0.7204611100467462,1.0,0.04464016629523392,0.0,0.012459906242289666,1.0,0.0,2702,1.0,0.022705155666882464
TGFB1,TGFBR2,Macrophages,Macrophages,recompute,recompute,recompute,0.9033788194414196,0.8911579433306727,1.0,0.3718323084156244,0.04575875759819427,0.0,0.007187415242744779,0.7196387874400452,0.0,2458,1.0,0.022704276948557624
TGFB1,TGFBR2,11q13 Invasive Tumor Cells,Myoepithelial Cells,recompute,recompute,recompute,0.6618992459738668,0.7241065161359392,0.6198216015396206,0.9884381288839681,0.046291861436256077,0.0,0.0013558008909548707,0.09924091867372434,0.0,5163,1.0,0.022675274350641608
JAG1,NOTCH1,11q13 Invasive Tumor Cells,Luminal-like Amorphous DCIS Cells,recompute,recompute,recompute,0.7941469661104033,0.46013374214009517,0.24613745147074395,1.0,0.13474796491837557,0.0,0.004658385093167701,0.26889217354119616,0.0,184,1.0,0.02224577247604161
TGFB1,TGFBR2,T Lymphocytes,11q13 Invasive Tumor Cells,recompute,recompute,recompute,0.7806633527749638,0.628133940116149,0.7917001487310438,1.0,0.02792871411289051,0.0,0.0015021459227467812,0.5557250792239613,0.0,1165,1.0,0.021836749038252803
TGFB1,TGFBR2,"CAFs, Invasive Associated",11q13 Invasive Tumor Cells,recompute,recompute,recompute,0.6618992459738668,0.628133940116149,0.8824495942126559,0.9188457246466148,0.02792871411289051,0.0,0.002767263133746273,1.0,0.0,5812,1.0,0.02132903934730457
TGFB1,TGFBR2,Macrophages,Basal-like Structured DCIS Cells,recompute,recompute,recompute,0.9033788194414196,0.628133940116149,0.6198216015396206,0.3718323084156244,0.06897244404348622,0.0,0.004489337822671155,0.30120351150933744,0.0,594,1.0,0.021177203859285412
JAG1,NOTCH1,Pericytes,11q13 Invasive Tumor Cells,recompute,recompute,recompute,0.6303682835571691,0.6655462707198134,0.6198216015396206,0.03425584686464733,1.0,0.0,0.0033673173359857456,0.14229237517700344,0.0,6894,1.0,0.02113305886184801
TGFB1,TGFBR2,B Cells,"CAFs, DCIS Associated",recompute,recompute,recompute,0.7806633527749638,0.7241065161359392,0.6198216015396206,0.05675679989781828,0.41704959801464375,0.0,0.003588614305521574,0.16242283230816124,0.0,4087,1.0,0.02088285044280596
TGFB1,TGFBR2,Dendritic Cells,11q13 Invasive Tumor Cells,recompute,recompute,recompute,0.7806633527749638,0.628133940116149,0.7917001487310438,0.7613650405309432,0.02792871411289051,0.0,0.0024292353189691598,0.8987056248298658,0.0,3945,1.0,0.020866685561857532
TGFB1,TGFBR2,Pericytes,Macrophages,recompute,recompute,recompute,0.8649048900453102,0.8911579433306727,0.8875000050982297,0.25809749975310686,0.04575875759819427,0.0,0.004313725490196076,0.4319110662553591,0.0,2125,1.0,0.020791776173501073
CSF1,CSF1R,"CAFs, DCIS Associated",11q13 Invasive Tumor Cells,recompute,recompute,recompute,0.7181940594497765,0.6556237992935476,0.6198216015396206,1.0,0.026828838353614524,0.0,0.0005719951189749848,0.2662394501895555,0.0,3278,1.0,0.020683667462754976
JAG1,NOTCH1,Endothelial Cells,11q13 Invasive Tumor Cells,recompute,recompute,recompute,0.6303682835571691,0.6655462707198134,0.6198216015396206,0.029179138324176478,1.0,0.0,0.004557245186930349,0.19257503145971136,0.0,6003,1.0,0.02057557553664212
TGFB1,TGFBR2,B Cells,Pericytes,recompute,recompute,recompute,0.7806633527749638,0.9643410356050758,0.6198216015396206,0.05675679989781828,0.2837148864776496,0.0,0.006950178915496836,0.28265090252336716,0.0,1211,1.0,0.020542038881474593
CSF1,CSF1R,"CAFs, DCIS Associated",T Lymphocytes,recompute,recompute,recompute,0.7181940594497765,0.7744570596502125,0.6198216015396206,1.0,0.02165809680677239,0.0,0.002509910375732506,0.2894172383554324,0.0,11604,1.0,0.020520490095343274
DLL4,NOTCH3,"CAFs, DCIS Associated",Pericytes,recompute,recompute,recompute,0.7160288858520609,0.8818326005152037,0.7204611100467462,0.018679344959851515,0.8672894033034337,0.0,0.004088997074712275,0.04281548721106106,0.0,15611,1.0,0.020475862076603128
TGFB1,TGFBR2,Mast Cells,Pericytes,recompute,recompute,recompute,0.830274180208954,0.9643410356050758,0.8567148457705164,0.03572830522875711,0.2837148864776496,0.0,0.017418032786885244,0.7083591296358414,0.0,244,1.0,0.02027825254176455
TGFB1,TGFBR2,"CAFs, DCIS Associated",Macrophages,recompute,recompute,recompute,0.4625524716153596,0.8911579433306727,0.7204611100467462,0.47844300379630145,0.04575875759819427,0.0,0.0024236387782204495,0.2426664402494117,0.0,10040,1.0,0.02005265112532759
TGFB1,TGFBR2,11q13 Invasive Tumor Cells (Mitotic),"CAFs, DCIS Associated",recompute,recompute,recompute,0.6618992459738668,0.7241065161359392,0.6198216015396206,0.05212675997941913,0.41704959801464375,0.0,0.0015923566878980893,0.07207101718769413,0.0,157,1.0,0.020030183760086837
TGFB1,TGFBR2,Mast Cells,"CAFs, DCIS Associated",recompute,recompute,recompute,0.830274180208954,0.7241065161359392,0.7204611100467462,0.03572830522875711,0.41704959801464375,0.0,0.012247838616714699,0.5543445097232151,0.0,1041,1.0,0.02002807153214869
TGFB1,TGFBR2,Basal-like Structured DCIS Cells,T Lymphocytes,recompute,recompute,recompute,0.7806633527749638,0.628133940116149,0.8693461273411047,0.14371478860647843,0.10396504391838439,0.0,0.0037681159420289855,0.3352371301133363,0.0,575,1.0,0.01998402409423056
TGFB1,TGFBR2,"CAFs, DCIS Associated",Myoepithelial Cells,recompute,recompute,recompute,0.4625524716153596,0.7241065161359392,0.8293805866303694,0.47844300379630145,0.046291861436256077,0.0,0.001396601043244154,0.10222737828016748,0.0,9905,1.0,0.019868971367426557
DLL4,NOTCH3,11q13 Invasive Tumor Cells,Basal-like Structured DCIS Cells,recompute,recompute,recompute,0.6342079770588467,0.7746834992804791,0.7917001487310438,0.06734007498340545,0.2295016807597237,0.0,0.0015350877192982443,0.07631018417404553,0.0,30400,1.0,0.019792290195452165
TGFB1,TGFBR2,Pericytes,Basal-like Structured DCIS Cells,recompute,recompute,recompute,0.8649048900453102,0.628133940116149,0.6198216015396206,0.25809749975310686,0.06897244404348622,0.0,0.0030477621910487635,0.2044837591756621,0.0,1996,1.0,0.01978295389025385
TGFB1,TGFBR2,"CAFs, DCIS Associated",Basal-like Structured DCIS Cells,recompute,recompute,recompute,0.4625524716153596,0.628133940116149,0.6198216015396206,0.47844300379630145,0.06897244404348622,0.0,0.0016212710765239951,0.10877607358739454,0.0,1542,1.0,0.019754421476823894
CSF1,CSF1R,Myeloid Cells,Macrophages,recompute,recompute,recompute,0.7866181160593629,0.9569566492419601,0.7827641335561659,0.009981073684215833,1.0,0.0,0.0030864197530864196,0.015548864841282607,0.0,162,1.0,0.01972017693406867
TGFB1,TGFBR2,11q13 Invasive Tumor Cells (Mitotic),Pericytes,recompute,recompute,recompute,0.6618992459738668,0.9643410356050758,0.6198216015396206,0.05212675997941913,0.2837148864776496,0.0,0.007036059806508355,0.28614351928173465,0.0,379,1.0,0.019703287859561863
TGFB1,TGFBR2,Plasma Cells,Pericytes,recompute,recompute,recompute,0.4625524716153596,0.9643410356050758,0.7204611100467462,0.06220829473112404,0.2837148864776496,0.0,0.011061946902654867,0.4498688902424396,0.0,452,1.0,0.019601476533093933
JAG1,NOTCH1,11q13 Invasive Tumor Cells,Macrophages,recompute,recompute,recompute,0.7941469661104033,0.7728785963662539,0.6198216015396206,1.0,0.014834469652737872,0.0,0.005181347150259068,1.0,0.0,1351,1.0,0.019585073309092954
DLL4,NOTCH3,"CAFs, DCIS Associated",11q13 Invasive Tumor Cells,recompute,recompute,recompute,0.7160288858520609,0.6580560501976399,0.6198216015396206,0.018679344959851515,1.0,0.0,0.0009660362009355298,0.05251892770096675,0.0,3278,1.0,0.01947468040807154
TGFB1,TGFBR2,Pericytes,Myoepithelial Cells,recompute,recompute,recompute,0.8649048900453102,0.7241065161359392,0.7204611100467462,0.25809749975310686,0.046291861436256077,0.0,0.003168422659948082,0.23191987674417255,0.0,2183,1.0,0.019436213162870034
JAG1,NOTCH1,Luminal-like Amorphous DCIS Cells,11q13 Invasive Tumor Cells,recompute,recompute,recompute,0.24513582144484414,0.6655462707198134,0.24613745147074395,0.13275554617509155,1.0,0.0,0.0030721966205837174,0.1298214900870486,0.0,186,1.0,0.01940003801361251
CSF1,CSF1R,"CAFs, DCIS Associated",Endothelial Cells,recompute,recompute,recompute,0.7181940594497765,0.8901135829200775,0.7204611100467462,1.0,0.010937673779041644,0.0,0.0008628061816626962,0.0967240073675484,0.0,16371,1.0,0.01921780846769384
DLL4,NOTCH3,11q13 Invasive Tumor Cells,"CAFs, Invasive Associated",recompute,recompute,recompute,0.6342079770588467,0.6580560501976399,0.8824495942126559,0.06734007498340545,0.1973932010691654,0.0,0.003889245700421038,0.06960865353704211,0.0,4671,1.0,0.019126333792523816
JAG1,NOTCH1,Endothelial Cells,Basal-like Structured DCIS Cells,recompute,recompute,recompute,0.6303682835571691,0.9232588887953476,0.6198216015396206,0.029179138324176478,0.46352883193182237,0.0,0.007429151264767697,0.16928730267443612,0.0,1971,1.0,0.019115646557901232
TGFB1,TGFBR2,Basal-like Structured DCIS Cells,Basal-like Structured DCIS Cells,recompute,recompute,recompute,0.7806633527749638,0.628133940116149,1.0,0.14371478860647843,0.06897244404348622,0.0,0.001460121236888706,0.09796403415204745,0.0,19576,1.0,0.019103614239164197
CXCL12,CXCR4,11q13 Invasive Tumor Cells,T Lymphocytes,recompute,recompute,recompute,0.6160088550075702,0.9008184599638702,0.7917001487310438,0.010634001710228292,1.0,0.0,0.0024733428602836094,0.01995666424754218,0.0,827,1.0,0.018977850414314837
DLL4,NOTCH3,11q13 Invasive Tumor Cells,Endothelial Cells,recompute,recompute,recompute,0.6342079770588467,0.8818326005152037,0.6198216015396206,0.06734007498340545,0.19937237225527835,0.0,0.00413564929693962,0.15322260290642048,0.0,4836,1.0,0.01896577260834138
CSF1,CSF1R,11q13 Invasive Tumor Cells (G1/S),Macrophages,recompute,recompute,recompute,0.6329636802303048,0.9569566492419601,0.6198216015396206,0.011973593206576157,1.0,0.0,0.008403361344537815,0.04233472444181147,0.0,119,1.0,0.018856472031090213
TGFB1,TGFBR2,Basal-like Structured DCIS Cells,"CAFs, Invasive Associated",recompute,recompute,recompute,0.7806633527749638,0.628133940116149,0.7917001487310438,0.14371478860647843,0.07630971198036683,0.0,0.0033029816104267087,0.1974013052324572,0.0,1867,1.0,0.018686430926974803
CSF1,CSF1R,Luminal-like Amorphous DCIS Cells,Macrophages,recompute,recompute,recompute,0.24945190643783477,0.9569566492419601,0.24613745147074395,0.07022613207428953,1.0,0.0,0.01295045045045045,0.06524219639484122,0.0,222,1.0,0.018589138977888515
JAG1,NOTCH1,"CAFs, Invasive Associated",11q13 Invasive Tumor Cells,recompute,recompute,recompute,0.7941469661104033,0.6655462707198134,0.8824495942126559,0.00838985805983649,1.0,0.0,0.0030847507619703044,0.1303519891217297,0.0,5812,1.0,0.01842556013546959
CSF1,CSF1R,11q13 Invasive Tumor Cells,11q13 Invasive Tumor Cells,recompute,recompute,recompute,0.6329636802303048,0.6556237992935476,1.0,0.3435917185259688,0.026828838353614524,0.0,0.00012773886282321177,0.059457018910992296,0.0,423716,1.0,0.01835607013060984
CSF1,CSF1R,Macrophages,Dendritic Cells,recompute,recompute,recompute,0.8975263081978373,0.7744570596502125,0.6198216015396206,0.013294251962681188,0.6590560508382464,0.0,0.0038529934795494963,0.03307179650510216,0.0,1687,1.0,0.018315395774786896
TGFB1,TGFBR2,Macrophages,11q13 Invasive Tumor Cells,recompute,recompute,recompute,0.9033788194414196,0.628133940116149,0.6198216015396206,0.3718323084156244,0.02792871411289051,0.0,0.0010542457350967988,0.39002255758673915,0.0,1739,1.0,0.01821508435786557
CSF1,CSF1R,Endothelial Cells,11q13 Invasive Tumor Cells,recompute,recompute,recompute,0.9530510539284376,0.6556237992935476,0.6198216015396206,0.3300653030175087,0.026828838353614524,0.0,0.0002290521405963685,0.10661404958559603,0.0,6003,1.0,0.018024916152825803
TGFB1,TGFBR2,Dendritic Cells,B Cells,recompute,recompute,recompute,0.7806633527749638,0.628133940116149,0.909150863993142,0.7613650405309432,0.009895229901992758,0.0,0.004770992366412213,1.0,0.0,1572,1.0,0.017962297363956218
CSF1,CSF1R,Endothelial Cells,T Lymphocytes,recompute,recompute,recompute,0.9530510539284376,0.7744570596502125,0.6198216015396206,0.3300653030175087,0.02165809680677239,0.0,0.0018770402611534276,0.21644111834329552,0.0,4595,1.0,0.01788271417772002
TGFB1,TGFBR2,11q13 Invasive Tumor Cells,B Cells,recompute,recompute,recompute,0.6618992459738668,0.628133940116149,0.7917001487310438,0.9884381288839681,0.009895229901992758,0.0,0.00263157894736842,0.5545895764979815,0.0,570,1.0,0.017835972156931373
CSF1,CSF1R,Basal-like Structured DCIS Cells,T Lymphocytes,recompute,recompute,recompute,0.6329636802303048,0.7744570596502125,0.8693461273411047,0.3430671774934166,0.02165809680677239,0.0,0.0015217391304347826,0.17547141957182358,0.0,575,1.0,0.01778667452378759
DLL4,NOTCH3,11q13 Invasive Tumor Cells (Mitotic),11q13 Invasive Tumor Cells,recompute,recompute,recompute,0.6342079770588467,0.6580560501976399,0.8824495942126559,0.008557082379913908,1.0,0.0,0.0034707875382199794,0.18869069255237608,0.0,12101,1.0,0.017772633683057676
CSF1,CSF1R,Endothelial Cells,Endothelial Cells,recompute,recompute,recompute,0.9530510539284376,0.8901135829200775,1.0,0.3300653030175087,0.010937673779041644,0.0,0.0009488222865638939,0.10636675511439266,0.0,12779,1.0,0.01768809829125808
CSF1,CSF1R,11q13 Invasive Tumor Cells (G1/S),Dendritic Cells,recompute,recompute,recompute,0.6329636802303048,0.7744570596502125,0.7917001487310438,0.011973593206576157,0.6590560508382464,0.0,0.006476683937823834,0.05559198954175701,0.0,193,1.0,0.01768807956228162
CSF1,CSF1R,Pericytes,11q13 Invasive Tumor Cells,recompute,recompute,recompute,0.9330656492219304,0.6556237992935476,0.6198216015396206,0.297542793801235,0.026828838353614524,0.0,0.00010879025239338555,0.0506372450084922,0.0,6894,1.0,0.01765350127296122
CSF1,CSF1R,Basal-like Structured DCIS Cells,11q13 Invasive Tumor Cells,recompute,recompute,recompute,0.6329636802303048,0.6556237992935476,0.7917001487310438,0.3430671774934166,0.026828838353614524,0.0,0.0003019823278287057,0.14055995630199228,0.0,30217,1.0,0.017650726133294662
TGFB1,TGFBR2,"CAFs, Invasive Associated",B Cells,recompute,recompute,recompute,0.6618992459738668,0.628133940116149,0.7917001487310438,0.9188457246466148,0.009895229901992758,0.0,0.004634678298800436,0.9767308244757257,0.0,917,1.0,0.017620259654321645
CSF1,CSF1R,Myoepithelial Cells,"CAFs, DCIS Associated",recompute,recompute,recompute,0.7181940594497765,0.46381415478966415,0.8293805866303694,0.241712611075796,0.044315367430461515,0.0,0.00059052382937335,0.08125803650293924,0.0,7197,1.0,0.01758728949123095
CSF1,CSF1R,11q13 Invasive Tumor Cells,T Lymphocytes,recompute,recompute,recompute,0.6329636802303048,0.7744570596502125,0.7917001487310438,0.3435917185259688,0.02165809680677239,0.0,0.0010580411124546554,0.12200249849310588,0.0,827,1.0,0.017515935807700337
CSF1,CSF1R,Pericytes,T Lymphocytes,recompute,recompute,recompute,0.9330656492219304,0.7744570596502125,0.6198216015396206,0.297542793801235,0.02165809680677239,0.0,0.002295995182174044,0.26475072230746816,0.0,3321,1.0,0.017514229460140408
TGFB1,TGFBR2,11q13 Invasive Tumor Cells (G1/S),"CAFs, DCIS Associated",recompute,recompute,recompute,0.6618992459738668,0.7241065161359392,0.6198216015396206,0.02290427933852047,0.41704959801464375,0.0,0.0021645021645021645,0.09796666405599981,0.0,77,1.0,0.0174646921474963
CSF1,CSF1R,"CAFs, DCIS Associated","CAFs, Invasive Associated",recompute,recompute,recompute,0.7181940594497765,0.6556237992935476,0.6198216015396206,1.0,0.009718180396522284,0.0,0.0020173341303048415,0.32063588826037237,0.0,1673,1.0,0.01746323811187577
TGFB1,TGFBR2,Basal-like Structured DCIS Cells,Macrophages,recompute,recompute,recompute,0.7806633527749638,0.8911579433306727,0.6198216015396206,0.14371478860647843,0.04575875759819427,0.0,0.0015789473684210526,0.15809184961021527,0.0,475,1.0,0.01746265075351781
CSF1,CSF1R,11q13 Invasive Tumor Cells,"CAFs, DCIS Associated",recompute,recompute,recompute,0.6329636802303048,0.46381415478966415,0.6198216015396206,0.3435917185259688,0.044315367430461515,0.0,7.926442612555485e-05,0.010907047795733779,0.0,1577,1.0,0.017395267522341214
CSF1,CSF1R,Basal-like Structured DCIS Cells,"CAFs, DCIS Associated",recompute,recompute,recompute,0.6329636802303048,0.46381415478966415,0.6198216015396206,0.3430671774934166,0.044315367430461515,0.0,0.0015625,0.21500517967340213,0.0,800,1.0,0.017390838651112794
CSF1,CSF1R,"CAFs, DCIS Associated",Myoepithelial Cells,recompute,recompute,recompute,0.7181940594497765,0.46381415478966415,0.8293805866303694,1.0,0.00992063151970032,0.0,0.0006183745583038869,0.09241295221192837,0.0,9905,1.0,0.01736387199975861
TGFB1,TGFBR2,B Cells,Dendritic Cells,recompute,recompute,recompute,0.7806633527749638,0.628133940116149,0.909150863993142,0.05675679989781828,0.10646573797703236,0.0,0.00564880568108457,0.24184938664149222,0.0,1549,1.0,0.01731396965906615
DLL4,NOTCH3,Pericytes,11q13 Invasive Tumor Cells (Mitotic),recompute,recompute,recompute,0.9184503888425789,0.6580560501976399,0.6198216015396206,0.11694486957515715,0.06060662711593698,0.0,0.01130653266331658,0.32013717917456563,0.0,398,1.0,0.01727220506295923
JAG1,NOTCH1,"CAFs, DCIS Associated",11q13 Invasive Tumor Cells,recompute,recompute,recompute,0.6303682835571691,0.6655462707198134,0.6198216015396206,0.010161058057093355,1.0,0.0,0.000958772770853308,0.04051476032917961,0.0,3278,1.0,0.017258237853949483
DLL4,NOTCH3,11q13 Invasive Tumor Cells (Mitotic),Pericytes,recompute,recompute,recompute,0.6342079770588467,0.8818326005152037,0.6198216015396206,0.008557082379913908,0.8672894033034337,0.0,0.011433597185576077,0.1197200744170018,0.0,379,1.0,0.01718155528207425
TGFB1,TGFBR2,11q13 Invasive Tumor Cells (G1/S),Pericytes,recompute,recompute,recompute,0.6618992459738668,0.9643410356050758,0.6198216015396206,0.02290427933852047,0.2837148864776496,0.0,0.003140096618357488,0.12770191299828865,0.0,345,1.0,0.017179665492956894
CSF1,CSF1R,Pericytes,Endothelial Cells,recompute,recompute,recompute,0.9330656492219304,0.8901135829200775,0.9465158905362521,0.297542793801235,0.010937673779041644,0.0,0.0009481668773704172,0.10629328113494523,0.0,11074,1.0,0.01716564241295817
JAG1,NOTCH1,"CAFs, DCIS Associated",Endothelial Cells,recompute,recompute,recompute,0.6303682835571691,0.7728785963662539,0.7204611100467462,0.010161058057093355,0.7025747778867708,0.0,0.004869237414591994,0.0692180437814137,0.0,16371,1.0,0.017106376229754746
DLL4,NOTCH3,11q13 Invasive Tumor Cells,Luminal-like Amorphous DCIS Cells,recompute,recompute,recompute,0.6342079770588467,0.4638256179742202,0.24613745147074395,0.06734007498340545,0.5131068416842878,0.0,0.0,0.0,0.0,184,1.0,0.017101765219134684
TGFB1,TGFBR2,CXCL14+ Fibroblasts,Pericytes,recompute,recompute,recompute,0.8649048900453102,0.9643410356050758,0.9429656149619918,0.011170777497016586,0.2837148864776496,0.0,0.001786824114356744,0.0726668269571225,0.0,3218,1.0,0.017091367009370743
CSF1,CSF1R,Myeloid Cells,Dendritic Cells,recompute,recompute,recompute,0.7866181160593629,0.7744570596502125,0.6198216015396206,0.009981073684215833,0.6590560508382464,0.0,0.006617647058823529,0.056801932843548196,0.0,170,1.0,0.017081316692414396
DLL4,NOTCH3,Pericytes,"CAFs, DCIS Associated",recompute,recompute,recompute,0.9184503888425789,0.4638256179742202,0.7204611100467462,0.11694486957515715,0.06891862663651398,0.0,0.003544732989134621,0.33335941219776727,0.0,12977,1.0,0.017069592273868596
TGFB1,TGFBR2,T Lymphocytes,CXCL14+ Fibroblasts,recompute,recompute,recompute,0.7806633527749638,0.9417110959059584,0.6198216015396206,1.0,0.005427302044598217,0.0,0.001817375886524823,0.4836576259722945,0.0,1880,1.0,0.017068898672621187
DLL4,NOTCH3,T Lymphocytes,11q13 Invasive Tumor Cells,recompute,recompute,recompute,0.6342079770588467,0.6580560501976399,0.7917001487310438,0.007392968575375538,1.0,0.0,0.001144492131616595,0.06222075265552979,0.0,1165,1.0,0.017033836095329418
TGFB1,TGFBR2,Myoepithelial Cells,Dendritic Cells,recompute,recompute,recompute,0.4625524716153596,0.628133940116149,0.6198216015396206,0.12701346030887714,0.10646573797703236,0.0,0.005690161527165932,0.24362000623322458,0.0,1362,1.0,0.017025110847117126
TGFB1,TGFBR2,Pericytes,11q13 Invasive Tumor Cells,recompute,recompute,recompute,0.8649048900453102,0.628133940116149,0.6198216015396206,0.25809749975310686,0.02792871411289051,0.0,0.0007010927376462623,0.25937214971723555,0.0,6894,1.0,0.017015852345433184
JAG1,NOTCH1,11q13 Invasive Tumor Cells (Mitotic),T Lymphocytes,recompute,recompute,recompute,0.7941469661104033,0.8647171432637394,0.7917001487310438,0.05263539325963273,0.08474527904749042,0.0,0.06454388984509465,1.0,0.0,83,1.0,0.01701328597518424
TGFB1,TGFBR2,"CAFs, DCIS Associated",11q13 Invasive Tumor Cells,recompute,recompute,recompute,0.4625524716153596,0.628133940116149,0.6198216015396206,0.47844300379630145,0.02792871411289051,0.0,0.0006863941427699817,0.2539343439232648,0.0,3278,1.0,0.01699131084689481
TGFB1,TGFBR2,Myoepithelial Cells,T Lymphocytes,recompute,recompute,recompute,0.4625524716153596,0.628133940116149,0.6198216015396206,0.12701346030887714,0.10396504391838439,0.0,0.0019823116803903626,0.17635988089219426,0.0,1093,1.0,0.01695780071170498
CXCL12,CXCR4,"CAFs, DCIS Associated",11q13 Invasive Tumor Cells (Mitotic),recompute,recompute,recompute,0.8924110508951895,0.6632137581773894,0.6198216015396206,1.0,0.006423079245780309,0.0,0.008778774873195474,1.0,0.0,233,1.0,0.016931867409212195
CSF1,CSF1R,"CAFs, DCIS Associated",Basal-like Structured DCIS Cells,recompute,recompute,recompute,0.7181940594497765,0.7744570596502125,0.6198216015396206,1.0,0.006818845693506099,0.0,0.0009727626459143969,0.22766623216043072,0.0,1542,1.0,0.016925294351546813
JAG1,NOTCH1,"CAFs, Invasive Associated",Basal-like Structured DCIS Cells,recompute,recompute,recompute,0.7941469661104033,0.9232588887953476,0.7917001487310438,0.00838985805983649,0.46352883193182237,0.0,0.0032195963887413697,0.07336461042800219,0.0,2152,1.0,0.01681135951306422
DLL4,NOTCH3,T Lymphocytes,Pericytes,recompute,recompute,recompute,0.6342079770588467,0.8818326005152037,0.6198216015396206,0.007392968575375538,0.8672894033034337,0.0,0.00857946554149086,0.08983474198139128,0.0,3555,1.0,0.016767874377902118
JAG1,NOTCH1,11q13 Invasive Tumor Cells (G1/S),Pericytes,recompute,recompute,recompute,0.7941469661104033,0.7728785963662539,0.6198216015396206,0.032311095449028576,0.17748963886584487,0.0,0.028985507246376812,0.9885311016551284,0.0,345,1.0,0.01671606132412491
CSF1,CSF1R,T Lymphocytes,T Lymphocytes,recompute,recompute,recompute,0.6329636802303048,0.7744570596502125,1.0,0.2016933258290928,0.02165809680677239,0.0,0.000984112766358665,0.11347783642940897,0.0,21212,1.0,0.016664080890093472
CSF1,CSF1R,Endothelial Cells,Pericytes,recompute,recompute,recompute,0.9530510539284376,0.8901135829200775,0.9465158905362521,0.3300653030175087,0.007996593535171381,0.0,0.0010985148079796115,0.244545077631821,0.0,11379,1.0,0.016635371148023645
TGFB1,TGFBR2,CXCL14+ Fibroblasts,"CAFs, DCIS Associated",recompute,recompute,recompute,0.8649048900453102,0.7241065161359392,0.7204611100467462,0.011170777497016586,0.41704959801464375,0.0,0.00047897089681598384,0.021678509594729264,0.0,10961,1.0,0.016612773578640633
TGFB1,TGFBR2,T Lymphocytes,Mast Cells,recompute,recompute,recompute,0.7806633527749638,0.860445251677117,0.6198216015396206,1.0,0.005044198536350481,0.0,0.0045045045045045045,0.3272304972721259,0.0,333,1.0,0.016610184873127095
TGFB1,TGFBR2,11q13 Invasive Tumor Cells,CXCL14+ Fibroblasts,recompute,recompute,recompute,0.6618992459738668,0.9417110959059584,0.6198216015396206,0.9884381288839681,0.005427302044598217,0.0,0.00015368852459016395,0.040901074727365164,0.0,4880,1.0,0.016573660221492176
DLL4,NOTCH3,Endothelial Cells,T Lymphocytes,recompute,recompute,recompute,0.9184503888425789,0.7746834992804791,0.6198216015396206,1.0,0.0046263543438723525,0.0,0.001958650707290533,1.0,0.0,4595,1.0,0.01653031368378788
CSF1,CSF1R,Pericytes,Pericytes,recompute,recompute,recompute,0.9330656492219304,0.8901135829200775,1.0,0.297542793801235,0.007996593535171381,0.0,0.0010391686650679456,0.2313337790493518,0.0,12510,1.0,0.016442535058146295
TGFB1,TGFBR2,Endothelial Cells,B Cells,recompute,recompute,recompute,0.8649048900453102,0.628133940116149,0.6198216015396206,0.5918084951805068,0.009895229901992758,0.0,0.0030559473436765406,0.6440226863892877,0.0,1418,1.0,0.01643674477629111
TGFB1,TGFBR2,"CAFs, Invasive Associated",CXCL14+ Fibroblasts,recompute,recompute,recompute,0.6618992459738668,0.9417110959059584,0.6198216015396206,0.9188457246466148,0.005427302044598217,0.0,0.001174496644295302,0.3125683920999539,0.0,1490,1.0,0.016373214420594674
CSF1,CSF1R,Myoepithelial Cells,11q13 Invasive Tumor Cells,recompute,recompute,recompute,0.7181940594497765,0.6556237992935476,0.6198216015396206,0.241712611075796,0.026828838353614524,0.0,0.0007114818449460255,0.3311646007709457,0.0,5095,1.0,0.01632465834469394
TGFB1,TGFBR2,Dendritic Cells,CXCL14+ Fibroblasts,recompute,recompute,recompute,0.7806633527749638,0.9417110959059584,0.6198216015396206,0.7613650405309432,0.005427302044598217,0.0,0.0016268980477223427,0.4329658235781822,0.0,922,1.0,0.016310639503383306
TGFB1,TGFBR2,11q13 Invasive Tumor Cells (Mitotic),Dendritic Cells,recompute,recompute,recompute,0.6618992459738668,0.628133940116149,0.7917001487310438,0.05212675997941913,0.10646573797703236,0.0,0.0027910685805422643,0.1194975119322716,0.0,209,1.0,0.01622853324172975
CSF1,CSF1R,Myoepithelial Cells,T Lymphocytes,recompute,recompute,recompute,0.7181940594497765,0.7744570596502125,0.6198216015396206,0.241712611075796,0.02165809680677239,0.0,0.0010292772186642268,0.11868573994042438,0.0,1093,1.0,0.016195870025244346
TGFB1,TGFBR2,11q13 Invasive Tumor Cells (Mitotic),T Lymphocytes,recompute,recompute,recompute,0.6618992459738668,0.628133940116149,0.7917001487310438,0.05212675997941913,0.10396504391838439,0.0,0.001004016064257028,0.08932407313029117,0.0,83,1.0,0.01616437243949765
CSF1,CSF1R,T Lymphocytes,11q13 Invasive Tumor Cells,recompute,recompute,recompute,0.6329636802303048,0.6556237992935476,0.7917001487310438,0.2016933258290928,0.026828838353614524,0.0,0.0017167381974248926,0.7990687658679146,0.0,1165,1.0,0.016155285510458146
TGFB1,TGFBR2,11q13 Invasive Tumor Cells,Mast Cells,recompute,recompute,recompute,0.6618992459738668,0.860445251677117,0.6198216015396206,0.9884381288839681,0.005044198536350481,0.0,0.003968253968253968,0.2882744856921109,0.0,42,1.0,0.01612825558247354
DLL4,NOTCH3,Basal-like Structured DCIS Cells,11q13 Invasive Tumor Cells,recompute,recompute,recompute,0.6342079770588467,0.6580560501976399,0.7917001487310438,0.0053032910137447145,1.0,0.0,0.0007446139590296853,0.04048122279634994,0.0,30217,1.0,0.016116359105199828
CSF1,CSF1R,Mast Cells,11q13 Invasive Tumor Cells,recompute,recompute,recompute,0.8552373118926793,0.6556237992935476,0.6198216015396206,0.1878690989799276,0.026828838353614524,0.0,0.0,0.0,0.0,78,1.0,0.016115517167768878
TGFB1,TGFBR2,Myoepithelial Cells,"CAFs, Invasive Associated",recompute,recompute,recompute,0.4625524716153596,0.628133940116149,0.6198216015396206,0.12701346030887714,0.07630971198036683,0.0,0.0034144259496372165,0.2040617292419269,0.0,1562,1.0,0.016105897906351908
CXCL12,CXCR4,CXCL14+ Fibroblasts,Dendritic Cells,recompute,recompute,recompute,0.7487535481622718,0.9008184599638702,0.6198216015396206,0.013109255449725675,0.3180524283074206,0.0,0.005278261760787126,0.07334996657700994,0.0,887,1.0,0.016102253661434095
TGFB1,TGFBR2,T Lymphocytes,Plasma Cells,recompute,recompute,recompute,0.7806633527749638,0.7241065161359392,0.6198216015396206,1.0,0.004952137174709604,0.0,0.005493221131369799,0.7571250397784663,0.0,713,1.0,0.01608993984214276
TGFB1,TGFBR2,Myoepithelial Cells,Macrophages,recompute,recompute,recompute,0.4625524716153596,0.8911579433306727,0.7204611100467462,0.12701346030887714,0.04575875759819427,0.0,0.002538071065989848,0.254123954534187,0.0,591,1.0,0.016075891221155676
JAG1,NOTCH1,"CAFs, DCIS Associated",Basal-like Structured DCIS Cells,recompute,recompute,recompute,0.6303682835571691,0.9232588887953476,0.6198216015396206,0.010161058057093355,0.46352883193182237,0.0,0.0020381693533444508,0.04644355457637472,0.0,1542,1.0,0.01603368879965383
DLL4,NOTCH3,"CAFs, DCIS Associated",Endothelial Cells,recompute,recompute,recompute,0.7160288858520609,0.8818326005152037,0.7204611100467462,0.018679344959851515,0.19937237225527835,0.0,0.0016492578339747123,0.06110372520523224,0.0,16371,1.0,0.016026020269547425
JAG1,NOTCH1,11q13 Invasive Tumor Cells,B Cells,recompute,recompute,recompute,0.7941469661104033,0.8647171432637394,0.7917001487310438,1.0,0.0030854511812878796,0.0,0.003258145363408521,0.6659351469976167,0.0,570,1.0,0.015999606342210416
CSF1,CSF1R,Mast Cells,T Lymphocytes,recompute,recompute,recompute,0.8552373118926793,0.7744570596502125,0.6198216015396206,0.1878690989799276,0.02165809680677239,0.0,0.009839650145772596,1.0,0.0,343,1.0,0.0159883788026482
TGFB1,TGFBR2,B Cells,Basal-like Structured DCIS Cells,recompute,recompute,recompute,0.7806633527749638,0.628133940116149,0.8693461273411047,0.05675679989781828,0.06897244404348622,0.0,0.0011574074074074073,0.07765403031100108,0.0,360,1.0,0.01598577668121444
TGFB1,TGFBR2,"CAFs, Invasive Associated",Mast Cells,recompute,recompute,recompute,0.6618992459738668,0.860445251677117,0.6198216015396206,0.9188457246466148,0.005044198536350481,0.0,0.014743589743589743,1.0,0.0,130,1.0,0.015933196611545908
CSF1,CSF1R,Apocrine Cells,Macrophages,recompute,recompute,recompute,0.24945190643783477,0.9569566492419601,0.24613745147074395,0.02755557660641766,1.0,0.0,0.041666666666666664,0.2099096753573152,0.0,15,1.0,0.015905393425709548
CXCL12,CXCR4,Pericytes,Macrophages,recompute,recompute,recompute,0.7487535481622718,0.7757991160529997,0.8875000050982297,0.06372880775749876,0.04917092614889038,0.0,0.008406417112299468,0.37936037389588095,0.0,2125,1.0,0.01589950055361507
DLL4,NOTCH3,Pericytes,Myoepithelial Cells,recompute,recompute,recompute,0.9184503888425789,0.4638256179742202,0.7204611100467462,0.11694486957515715,0.04464016629523392,0.0,0.005038937242327072,0.45601563359430763,0.0,2183,1.0,0.01587771558463192
TGFB1,TGFBR2,Dendritic Cells,Mast Cells,recompute,recompute,recompute,0.7806633527749638,0.860445251677117,0.6198216015396206,0.7613650405309432,0.005044198536350481,0.0,0.005518763796909493,0.400911536393002,0.0,151,1.0,0.015872303348117688
DLL4,NOTCH3,Basal-like Structured DCIS Cells,Pericytes,recompute,recompute,recompute,0.6342079770588467,0.8818326005152037,0.6198216015396206,0.0053032910137447145,0.8672894033034337,0.0,0.006840451100018486,0.07162569237380502,0.0,1803,1.0,0.015864722625765264
DLL4,NOTCH3,Pericytes,11q13 Invasive Tumor Cells (G1/S),recompute,recompute,recompute,0.9184503888425789,0.6580560501976399,0.6198216015396206,0.11694486957515715,0.0362497659817488,0.0,0.007073386383731211,0.2966533790673963,0.0,377,1.0,0.015854235641821014
TGFB1,TGFBR2,Myoepithelial Cells,Basal-like Structured DCIS Cells,recompute,recompute,recompute,0.4625524716153596,0.628133940116149,0.6198216015396206,0.12701346030887714,0.06897244404348622,0.0,0.0018060606060606062,0.1211741726802065,0.0,6875,1.0,0.015836805258990123
CXCL12,CXCR4,Endothelial Cells,11q13 Invasive Tumor Cells,recompute,recompute,recompute,0.7487535481622718,0.6632137581773894,0.6198216015396206,0.10272295574815776,0.04976777849846808,0.0,0.0009843563066951374,0.3363993118553313,0.0,6003,1.0,0.01582993652052288
TGFB1,TGFBR2,Basal-like Structured DCIS Cells,11q13 Invasive Tumor Cells,recompute,recompute,recompute,0.7806633527749638,0.628133940116149,0.7917001487310438,0.14371478860647843,0.02792871411289051,0.0,0.0004357370575062607,0.16120272147774695,0.0,30217,1.0,0.015804165320123107
CXCL12,CXCR4,"CAFs, DCIS Associated",Myeloid Cells,recompute,recompute,recompute,0.8924110508951895,0.7447682696221608,0.7204611100467462,1.0,0.003215470541813311,0.0,0.012662583442295788,1.0,0.0,1321,1.0,0.015772738114298905
TGFB1,TGFBR2,Macrophages,CXCL14+ Fibroblasts,recompute,recompute,recompute,0.9033788194414196,0.9417110959059584,0.8875000050982297,0.3718323084156244,0.005427302044598217,0.0,0.001538987688098495,0.4095702694997441,0.0,1462,1.0,0.01574519279422943
DLL4,NOTCH3,Myeloid Cells,Pericytes,recompute,recompute,recompute,0.7840818683779507,0.8818326005152037,0.7827641335561659,0.0032417203409647417,0.8672894033034337,0.0,0.004712939160239931,0.04934872357568524,0.0,389,1.0,0.015741758219511175
TGFB1,TGFBR2,11q13 Invasive Tumor Cells (Mitotic),"CAFs, Invasive Associated",recompute,recompute,recompute,0.6618992459738668,0.628133940116149,0.9161861017439125,0.05212675997941913,0.07630971198036683,0.0,0.0012736535662299854,0.0761193691161036,0.0,458,1.0,0.01573058082137406
DLL4,NOTCH3,11q13 Invasive Tumor Cells,11q13 Invasive Tumor Cells (Mitotic),recompute,recompute,recompute,0.6342079770588467,0.6580560501976399,0.8824495942126559,0.06734007498340545,0.06060662711593698,0.0,0.0017577634552607352,0.0497699384046394,0.0,11947,1.0,0.015709525226297365
CSF1,CSF1R,"CAFs, Invasive Associated",11q13 Invasive Tumor Cells,recompute,recompute,recompute,0.6329636802303048,0.6556237992935476,0.8824495942126559,0.1523572567652539,0.026828838353614524,0.0,0.00021507226428079835,0.100107010520918,0.0,5812,1.0,0.015698739095430535
JAG1,NOTCH1,11q13 Invasive Tumor Cells (G1/S),T Lymphocytes,recompute,recompute,recompute,0.7941469661104033,0.8647171432637394,0.7917001487310438,0.032311095449028576,0.08474527904749042,0.0,0.009316770186335402,0.16249718295367213,0.0,69,1.0,0.015684373618354303
CXCL12,CXCR4,11q13 Invasive Tumor Cells,Dendritic Cells,recompute,recompute,recompute,0.6160088550075702,0.9008184599638702,0.7917001487310438,0.010634001710228292,0.3180524283074206,0.0,0.0016504329004329006,0.022935429042893425,0.0,3360,1.0,0.015679425285707742
DLL4,NOTCH3,"CAFs, DCIS Associated",Basal-like Structured DCIS Cells,recompute,recompute,recompute,0.7160288858520609,0.7746834992804791,0.6198216015396206,0.018679344959851515,0.2295016807597237,0.0,0.0008646779074794639,0.04298368721309961,0.0,1542,1.0,0.015658310108460555
TGFB1,TGFBR2,11q13 Invasive Tumor Cells,Plasma Cells,recompute,recompute,recompute,0.6618992459738668,0.7241065161359392,0.6198216015396206,0.9884381288839681,0.004952137174709604,0.0,0.0,0.0,0.0,103,1.0,0.015623104984252185
CXCL12,CXCR4,"CAFs, DCIS Associated",11q13 Invasive Tumor Cells (G1/S),recompute,recompute,recompute,0.8924110508951895,0.6632137581773894,0.6198216015396206,1.0,0.0038860320327025817,0.0,0.00202020202020202,1.0,0.0,135,1.0,0.015571559700228058
DLL4,NOTCH3,Endothelial Cells,Macrophages,recompute,recompute,recompute,0.9184503888425789,0.8923034233058523,0.8875000050982297,1.0,0.001891930584070094,0.0,0.0026434558349451975,1.0,0.0,2585,1.0,0.01548010930782019
TGFB1,TGFBR2,"CAFs, Invasive Associated",Plasma Cells,recompute,recompute,recompute,0.6618992459738668,0.7241065161359392,0.6198216015396206,0.9188457246466148,0.004952137174709604,0.0,0.0029644268774703555,0.4085839189520157,0.0,253,1.0,0.015434155425179338
CSF1,CSF1R,Mast Cells,Endothelial Cells,recompute,recompute,recompute,0.8552373118926793,0.8901135829200775,0.8567148457705164,0.1878690989799276,0.010937673779041644,0.0,0.009057971014492754,1.0,0.0,276,1.0,0.015411971093891872
CSF1,CSF1R,Dendritic Cells,T Lymphocytes,recompute,recompute,recompute,0.6329636802303048,0.7744570596502125,0.909150863993142,0.13793660188765483,0.02165809680677239,0.0,0.0010133423408208073,0.11684829252255485,0.0,5921,1.0,0.015395200831683116
TGFB1,TGFBR2,Endothelial Cells,Plasma Cells,recompute,recompute,recompute,0.8649048900453102,0.7241065161359392,0.7204611100467462,0.5918084951805068,0.004952137174709604,0.0,0.0029887482419127987,0.4119361076916595,0.0,474,1.0,0.015377746084454169
TGFB1,TGFBR2,Dendritic Cells,Plasma Cells,recompute,recompute,recompute,0.7806633527749638,0.7241065161359392,0.6198216015396206,0.7613650405309432,0.004952137174709604,0.0,0.005230125523012551,0.72086284166569,0.0,239,1.0,0.015375169390235383
JAG1,NOTCH1,11q13 Invasive Tumor Cells (G1/S),Myoepithelial Cells,recompute,recompute,recompute,0.7941469661104033,0.46013374214009517,0.6198216015396206,0.032311095449028576,0.17955576343167495,0.0,0.019709870703248186,0.684753519805719,0.0,453,1.0,0.015361506673793575
CSF1,CSF1R,11q13 Invasive Tumor Cells,Endothelial Cells,recompute,recompute,recompute,0.6329636802303048,0.8901135829200775,0.6198216015396206,0.3435917185259688,0.010937673779041644,0.0,0.0001292390405293631,0.014488210879814873,0.0,4836,1.0,0.015358300764056603
CSF1,CSF1R,Basal-like Structured DCIS Cells,Endothelial Cells,recompute,recompute,recompute,0.6329636802303048,0.8901135829200775,0.6198216015396206,0.3430671774934166,0.010937673779041644,0.0,0.000591016548463357,0.06625530762627398,0.0,1692,1.0,0.015354390508794115
TGFB1,TGFBR2,Macrophages,B Cells,recompute,recompute,recompute,0.9033788194414196,0.628133940116149,0.6198216015396206,0.3718323084156244,0.009895229901992758,0.0,0.0036468032278088158,0.7685420419191462,0.0,1074,1.0,0.01532240928604552
TGFB1,TGFBR2,Macrophages,Mast Cells,recompute,recompute,recompute,0.9033788194414196,0.860445251677117,0.8567148457705164,0.3718323084156244,0.005044198536350481,0.0,0.009595959595959595,0.6971001199463772,0.0,165,1.0,0.015232163878616953
CSF1,CSF1R,Endothelial Cells,"CAFs, Invasive Associated",recompute,recompute,recompute,0.9530510539284376,0.6556237992935476,0.6198216015396206,0.3300653030175087,0.009718180396522284,0.0,0.0013311148086522463,0.21156791660697968,0.0,3005,1.0,0.015218452109143812
TGFB1,TGFBR2,Mast Cells,Dendritic Cells,recompute,recompute,recompute,0.830274180208954,0.628133940116149,0.6198216015396206,0.03572830522875711,0.10646573797703236,0.0,0.0025720164609053494,0.11011895940848661,0.0,162,1.0,0.015192427102538701
CSF1,CSF1R,"CAFs, Invasive Associated","CAFs, DCIS Associated",recompute,recompute,recompute,0.6329636802303048,0.46381415478966415,0.6198216015396206,0.1523572567652539,0.044315367430461515,0.0,0.0017006802721088435,0.23401924318193426,0.0,1323,1.0,0.015190352696023233
CSF1,CSF1R,11q13 Invasive Tumor Cells,"CAFs, Invasive Associated",recompute,recompute,recompute,0.6329636802303048,0.6556237992935476,0.8824495942126559,0.3435917185259688,0.009718180396522284,0.0,0.0004014129736673089,0.06380073753652596,0.0,4671,1.0,0.01517837418658065
CSF1,CSF1R,Myoepithelial Cells,Endothelial Cells,recompute,recompute,recompute,0.7181940594497765,0.8901135829200775,0.7204611100467462,0.241712611075796,0.010937673779041644,0.0,0.0005562972852692479,0.06236314002206028,0.0,2247,1.0,0.015167723902629465
CXCL12,CXCR4,Myoepithelial Cells,Dendritic Cells,recompute,recompute,recompute,0.8023917560710954,0.9008184599638702,0.6198216015396206,0.008536715800078514,0.3180524283074206,0.0,0.005339741022560407,0.07420432015033043,0.0,1362,1.0,0.015165151513352185
CSF1,CSF1R,Dendritic Cells,11q13 Invasive Tumor Cells,recompute,recompute,recompute,0.6329636802303048,0.6556237992935476,0.7917001487310438,0.13793660188765483,0.026828838353614524,0.0,0.0022496831432192647,1.0,0.0,3945,1.0,0.015163960293239806
TGFB1,TGFBR2,Mast Cells,T Lymphocytes,recompute,recompute,recompute,0.830274180208954,0.628133940116149,0.6198216015396206,0.03572830522875711,0.10396504391838439,0.0,0.004859086491739552,0.43229726354601555,0.0,343,1.0,0.015132362628674536
TGFB1,TGFBR2,11q13 Invasive Tumor Cells (Mitotic),Basal-like Structured DCIS Cells,recompute,recompute,recompute,0.6618992459738668,0.628133940116149,0.7917001487310438,0.05212675997941913,0.06897244404348622,0.0,0.0012132822477650062,0.08140284556739423,0.0,1305,1.0,0.015095826564432702
TGFB1,TGFBR2,Plasma Cells,T Lymphocytes,recompute,recompute,recompute,0.4625524716153596,0.628133940116149,0.6198216015396206,0.06220829473112404,0.10396504391838439,0.0,0.010070827799911461,0.8959690894463334,0.0,753,1.0,0.015055757966007258
DLL4,NOTCH3,Macrophages,Pericytes,recompute,recompute,recompute,0.8949858186325867,0.8818326005152037,0.8875000050982297,0.0018955660656360717,0.8672894033034337,0.0,0.00478307733764484,0.05008313355026276,0.0,2474,1.0,0.015027243512563444
CSF1,CSF1R,Basal-like Structured DCIS Cells,Basal-like Structured DCIS Cells,recompute,recompute,recompute,0.6329636802303048,0.7744570596502125,1.0,0.3430671774934166,0.006818845693506099,0.0,0.0005236003269309358,0.12254388477086525,0.0,19576,1.0,0.015016814131402548
JAG1,NOTCH1,11q13 Invasive Tumor Cells (G1/S),"CAFs, Invasive Associated",recompute,recompute,recompute,0.7941469661104033,0.6655462707198134,0.9161861017439125,0.032311095449028576,0.07272217354205764,0.0,0.01085434173669468,0.30385838407901117,0.0,408,1.0,0.01499731786779385
TGFB1,TGFBR2,B Cells,Macrophages,recompute,recompute,recompute,0.7806633527749638,0.8911579433306727,0.6198216015396206,0.05675679989781828,0.04575875759819427,0.0,0.002347417840375587,0.23503483118889595,0.0,1065,1.0,0.014957634479572926
CSF1,CSF1R,Pericytes,"CAFs, Invasive Associated",recompute,recompute,recompute,0.9330656492219304,0.6556237992935476,0.6198216015396206,0.297542793801235,0.009718180396522284,0.0,0.0011608273533136346,0.18450236079157117,0.0,2369,1.0,0.014904866208720283
CSF1,CSF1R,Basal-like Structured DCIS Cells,"CAFs, Invasive Associated",recompute,recompute,recompute,0.6329636802303048,0.6556237992935476,0.7917001487310438,0.3430671774934166,0.009718180396522284,0.0,0.0015399035886448848,0.24475288826143882,0.0,1867,1.0,0.014902523155928613
JAG1,NOTCH1,Endothelial Cells,Myoepithelial Cells,recompute,recompute,recompute,0.6303682835571691,0.46013374214009517,0.7204611100467462,0.029179138324176478,0.17955576343167495,0.0,0.004784815480596381,0.16623240666004524,0.0,2702,1.0,0.014901391710018332
DLL4,NOTCH3,"CAFs, DCIS Associated","CAFs, Invasive Associated",recompute,recompute,recompute,0.7160288858520609,0.6580560501976399,0.6198216015396206,0.018679344959851515,0.1973932010691654,0.0,0.0009962143853357243,0.017829972014867742,0.0,1673,1.0,0.014860236021923493
TGFB1,TGFBR2,Pericytes,CXCL14+ Fibroblasts,recompute,recompute,recompute,0.8649048900453102,0.9417110959059584,0.9429656149619918,0.25809749975310686,0.005427302044598217,0.0,0.0010395594515621488,0.27665760293598013,0.0,2966,1.0,0.014857933819386162
CSF1,CSF1R,"CAFs, DCIS Associated",Luminal-like Amorphous DCIS Cells,recompute,recompute,recompute,0.7181940594497765,0.46381415478966415,0.24613745147074395,1.0,0.013082994902830098,0.0,0.0003694367176634214,0.06946704697096957,0.0,5752,1.0,0.014850640148921283
CSF1,CSF1R,Endothelial Cells,Myoepithelial Cells,recompute,recompute,recompute,0.9530510539284376,0.46381415478966415,0.7204611100467462,0.3300653030175087,0.00992063151970032,0.0,0.0003238341968911917,0.048395383930377,0.0,2702,1.0,0.014780928914433278
DLL4,NOTCH3,Myeloid Cells,11q13 Invasive Tumor Cells,recompute,recompute,recompute,0.7840818683779507,0.6580560501976399,0.6198216015396206,0.0032417203409647417,1.0,0.0,0.002455228191796649,0.13347942009778677,0.0,1154,1.0,0.014766514145751173
TGFB1,TGFBR2,Mast Cells,Macrophages,recompute,recompute,recompute,0.830274180208954,0.8911579433306727,0.8567148457705164,0.03572830522875711,0.04575875759819427,0.0,0.00303030303030303,0.30340860026202926,0.0,165,1.0,0.014765559112913702
CSF1,CSF1R,Endothelial Cells,Basal-like Structured DCIS Cells,recompute,recompute,recompute,0.9530510539284376,0.7744570596502125,0.6198216015396206,0.3300653030175087,0.006818845693506099,0.0,0.00031709791983764585,0.07421387831713684,0.0,1971,1.0,0.014749657530410349
CXCL12,CXCR4,Basal-like Structured DCIS Cells,T Lymphocytes,recompute,recompute,recompute,0.6160088550075702,0.9008184599638702,0.8693461273411047,0.0021291294377375697,1.0,0.0,0.0036363636363636355,0.02934073125816424,0.0,575,1.0,0.0147435991128039
CXCL12,CXCR4,"CAFs, Invasive Associated",11q13 Invasive Tumor Cells,recompute,recompute,recompute,0.6160088550075702,0.6632137581773894,0.8824495942126559,0.05480638574296996,0.04976777849846808,0.0,0.0010949133454295195,0.3741816793761682,0.0,5812,1.0,0.014636986273488183
CSF1,CSF1R,Mast Cells,Pericytes,recompute,recompute,recompute,0.8552373118926793,0.8901135829200775,0.8567148457705164,0.1878690989799276,0.007996593535171381,0.0,0.005122950819672131,1.0,0.0,244,1.0,0.014628110063258596
CXCL12,CXCR4,Pericytes,11q13 Invasive Tumor Cells,recompute,recompute,recompute,0.7487535481622718,0.6632137581773894,0.6198216015396206,0.06372880775749876,0.04976777849846808,0.0,0.0003560408260147162,0.12167534057446591,0.0,6894,1.0,0.014619209575481575
CSF1,CSF1R,CXCL14+ Fibroblasts,Dendritic Cells,recompute,recompute,recompute,0.9330656492219304,0.7744570596502125,0.6198216015396206,0.0032976778039481187,0.6590560508382464,0.0,0.0005636978579481398,0.0048384459894291335,0.0,887,1.0,0.014612281414831074
CXCL12,CXCR4,Macrophages,Macrophages,recompute,recompute,recompute,0.7487535481622718,0.7757991160529997,1.0,0.03388623051970213,0.04917092614889038,0.0,0.0076373992159183435,0.34465653838468224,0.0,2458,1.0,0.014598335572392932
CSF1,CSF1R,11q13 Invasive Tumor Cells,Pericytes,recompute,recompute,recompute,0.6329636802303048,0.8901135829200775,0.6198216015396206,0.3435917185259688,0.007996593535171381,0.0,0.0001973338010875285,0.04392932107586813,0.0,5701,1.0,0.01457716943488739
CSF1,CSF1R,Basal-like Structured DCIS Cells,Pericytes,recompute,recompute,recompute,0.6329636802303048,0.8901135829200775,0.6198216015396206,0.3430671774934166,0.007996593535171381,0.0,0.00180255130338325,0.4012736516787841,0.0,1803,1.0,0.014573458057283162
DLL4,NOTCH3,Dendritic Cells,11q13 Invasive Tumor Cells,recompute,recompute,recompute,0.6342079770588467,0.6580560501976399,0.7917001487310438,0.0028649117803088656,1.0,0.0,0.0011829319814110689,0.06431054979795253,0.0,3945,1.0,0.014544362299324714
TGFB1,TGFBR2,B Cells,Myoepithelial Cells,recompute,recompute,recompute,0.7806633527749638,0.7241065161359392,0.6198216015396206,0.05675679989781828,0.046291861436256077,0.0,0.0023521505376344082,0.1721709889490722,0.0,496,1.0,0.014476912462361383
CSF1,CSF1R,Pericytes,Myoepithelial Cells,recompute,recompute,recompute,0.9330656492219304,0.46381415478966415,0.7204611100467462,0.297542793801235,0.00992063151970032,0.0,0.0008016491067338525,0.11980240712769459,0.0,2183,1.0,0.014476358458155165
CSF1,CSF1R,11q13 Invasive Tumor Cells,Basal-like Structured DCIS Cells,recompute,recompute,recompute,0.6329636802303048,0.7744570596502125,0.7917001487310438,0.3435917185259688,0.006818845693506099,0.0,0.00020970394736842106,0.04907929777840075,0.0,30400,1.0,0.014447138835899617
CSF1,CSF1R,Pericytes,Basal-like Structured DCIS Cells,recompute,recompute,recompute,0.9330656492219304,0.7744570596502125,0.6198216015396206,0.297542793801235,0.006818845693506099,0.0,0.00031312625250501,0.07328434577308453,0.0,1996,1.0,0.014445731440921039
JAG1,NOTCH1,11q13 Invasive Tumor Cells,Myeloid Cells,recompute,recompute,recompute,0.7941469661104033,0.7448301506164821,0.6198216015396206,1.0,0.0024587070627964786,0.0,0.00444066515495087,0.21082851119185417,0.0,756,1.0,0.014426320261204982
DLL4,NOTCH3,11q13 Invasive Tumor Cells,11q13 Invasive Tumor Cells (G1/S),recompute,recompute,recompute,0.6342079770588467,0.6580560501976399,0.8824495942126559,0.06734007498340545,0.0362497659817488,0.0,0.0013172490293954513,0.0552445963565869,0.0,12020,1.0,0.014419844707203722
JAG1,NOTCH1,Basal-like Structured DCIS Cells,11q13 Invasive Tumor Cells (G1/S),recompute,recompute,recompute,0.9097736029185509,0.6655462707198134,0.7917001487310438,0.04309654638185767,0.043382027682688826,0.0,0.013389018548089913,0.6518808057732416,0.0,1163,1.0,0.014412438738876269
CSF1,CSF1R,Myoepithelial Cells,Pericytes,recompute,recompute,recompute,0.7181940594497765,0.8901135829200775,0.7204611100467462,0.241712611075796,0.007996593535171381,0.0,0.0005178663904712584,0.11528445109777281,0.0,1931,1.0,0.014396285413792164
TGFB1,TGFBR2,Mast Cells,"CAFs, Invasive Associated",recompute,recompute,recompute,0.830274180208954,0.628133940116149,0.6198216015396206,0.03572830522875711,0.07630971198036683,0.0,0.016782407407407406,1.0,0.0,144,1.0,0.014372163685772137
TGFB1,TGFBR2,11q13 Invasive Tumor Cells (Mitotic),Macrophages,recompute,recompute,recompute,0.6618992459738668,0.8911579433306727,0.6198216015396206,0.05212675997941913,0.04575875759819427,0.0,0.0016181229773462782,0.16201430111079235,0.0,103,1.0,0.01434690001073434
TGFB1,TGFBR2,Macrophages,Plasma Cells,recompute,recompute,recompute,0.9033788194414196,0.7241065161359392,0.7204611100467462,0.3718323084156244,0.004952137174709604,0.0,0.007668711656441718,1.0,0.0,326,1.0,0.014335205821456977
CXCL12,CXCR4,Pericytes,Basal-like Structured DCIS Cells,recompute,recompute,recompute,0.7487535481622718,0.8628183098412396,0.6198216015396206,0.06372880775749876,0.03391524182236365,0.0,0.00047822918564401523,0.03653781354311667,0.0,1996,1.0,0.014328783253114786
DLL4,NOTCH3,Dendritic Cells,Pericytes,recompute,recompute,recompute,0.6342079770588467,0.8818326005152037,0.6198216015396206,0.0028649117803088656,0.8672894033034337,0.0,0.004383401519579193,0.0458981672701966,0.0,1711,1.0,0.014317270553556787
TGFB1,TGFBR2,Pericytes,B Cells,recompute,recompute,recompute,0.8649048900453102,0.628133940116149,0.6198216015396206,0.25809749975310686,0.009895229901992758,0.0,0.002900595798055817,0.6112832741895282,0.0,1063,1.0,0.014313623196318608
TGFB1,TGFBR2,Plasma Cells,"CAFs, Invasive Associated",recompute,recompute,recompute,0.4625524716153596,0.628133940116149,0.6198216015396206,0.06220829473112404,0.07630971198036683,0.0,0.009941520467836256,0.5941507849002332,0.0,285,1.0,0.014299407383404574
TGFB1,TGFBR2,"CAFs, DCIS Associated",B Cells,recompute,recompute,recompute,0.4625524716153596,0.628133940116149,0.6198216015396206,0.47844300379630145,0.009895229901992758,0.0,0.001693446754883427,0.3568838090728188,0.0,4232,1.0,0.014292979048989393
DLL4,NOTCH3,11q13 Invasive Tumor Cells,"CAFs, DCIS Associated",recompute,recompute,recompute,0.6342079770588467,0.4638256179742202,0.6198216015396206,0.06734007498340545,0.06891862663651398,0.0,0.0002113718030014796,0.019878162958885556,0.0,1577,1.0,0.014275037248804261
TGFB1,TGFBR2,Plasma Cells,Macrophages,recompute,recompute,recompute,0.4625524716153596,0.8911579433306727,0.7204611100467462,0.06220829473112404,0.04575875759819427,0.0,0.005192878338278931,0.5199361028229136,0.0,337,1.0,0.014272766346789192
JAG1,NOTCH1,Endothelial Cells,T Lymphocytes,recompute,recompute,recompute,0.6303682835571691,0.8647171432637394,0.6198216015396206,0.029179138324176478,0.08474527904749042,0.0,0.004337012280429037,0.07564341117255816,0.0,4595,1.0,0.014244719041837809
TGFB1,TGFBR2,Pericytes,Mast Cells,recompute,recompute,recompute,0.8649048900453102,0.860445251677117,0.8567148457705164,0.25809749975310686,0.005044198536350481,0.0,0.004074074074074074,0.29596180531056715,0.0,225,1.0,0.014229319303045952
TGFB1,TGFBR2,"CAFs, DCIS Associated",CXCL14+ Fibroblasts,recompute,recompute,recompute,0.4625524716153596,0.9417110959059584,0.7204611100467462,0.47844300379630145,0.005427302044598217,0.0,0.0005737109658678287,0.15268150403189368,0.0,11475,1.0,0.014185698036259629
TGFB1,TGFBR2,11q13 Invasive Tumor Cells (G1/S),Dendritic Cells,recompute,recompute,recompute,0.6618992459738668,0.628133940116149,0.7917001487310438,0.02290427933852047,0.10646573797703236,0.0,0.0034542314335060447,0.14789033305015406,0.0,193,1.0,0.014149961900848364
TGFB1,TGFBR2,Plasma Cells,Myoepithelial Cells,recompute,recompute,recompute,0.4625524716153596,0.7241065161359392,0.8293805866303694,0.06220829473112404,0.046291861436256077,0.0,0.0018004115226337447,0.13178520141780836,0.0,324,1.0,0.01414202960525952
CSF1,CSF1R,Myoepithelial Cells,Myoepithelial Cells,recompute,recompute,recompute,0.7181940594497765,0.46381415478966415,1.0,0.241712611075796,0.00992063151970032,0.0,0.0008552837529627477,0.1278178339144137,0.0,22361,1.0,0.014138526555242632
TGFB1,TGFBR2,Mast Cells,Basal-like Structured DCIS Cells,recompute,recompute,recompute,0.830274180208954,0.628133940116149,0.6198216015396206,0.03572830522875711,0.06897244404348622,0.0,0.005555555555555555,0.37273934549280513,0.0,30,1.0,0.014132037764385536
TGFB1,TGFBR2,T Lymphocytes,Luminal-like Amorphous DCIS Cells,recompute,recompute,recompute,0.7806633527749638,0.25153574142392743,0.24613745147074395,1.0,0.01630369297954023,0.0,0.0030461270670147952,0.6445201556994079,0.0,383,1.0,0.014106564185120409
TGFB1,TGFBR2,11q13 Invasive Tumor Cells (G1/S),T Lymphocytes,recompute,recompute,recompute,0.6618992459738668,0.628133940116149,0.7917001487310438,0.02290427933852047,0.10396504391838439,0.0,0.008454106280193236,0.7521345867927416,0.0,69,1.0,0.014094018896413592
DLL4,NOTCH3,"CAFs, DCIS Associated",Luminal-like Amorphous DCIS Cells,recompute,recompute,recompute,0.7160288858520609,0.4638256179742202,0.24613745147074395,0.018679344959851515,0.5131068416842878,0.0,0.0019413537320352337,0.044102143848565326,0.0,5752,1.0,0.014093064818363508
CXCL12,CXCR4,"CAFs, Invasive Associated",Basal-like Structured DCIS Cells,recompute,recompute,recompute,0.6160088550075702,0.8628183098412396,0.7917001487310438,0.05480638574296996,0.03391524182236365,0.0,0.001985468063534977,0.15169434254323155,0.0,2152,1.0,0.014089066642314308
JAG1,NOTCH1,Myoepithelial Cells,T Lymphocytes,recompute,recompute,recompute,0.6303682835571691,0.8647171432637394,0.6198216015396206,0.027254376065765328,0.08474527904749042,0.0,0.005685531303097635,0.09916342271738277,0.0,1093,1.0,0.01408362717347625
TGFB1,TGFBR2,Plasma Cells,Basal-like Structured DCIS Cells,recompute,recompute,recompute,0.4625524716153596,0.628133940116149,0.6198216015396206,0.06220829473112404,0.06897244404348622,0.0,0.015873015873015872,1.0,0.0,126,1.0,0.014060497053109518
JAG1,NOTCH1,Pericytes,11q13 Invasive Tumor Cells (Mitotic),recompute,recompute,recompute,0.6303682835571691,0.6655462707198134,0.6198216015396206,0.03425584686464733,0.08666944020865194,0.0,0.009152907394113426,0.1097425841062673,0.0,398,1.0,0.014058534000004456
CSF1,CSF1R,"CAFs, DCIS Associated",11q13 Invasive Tumor Cells (Mitotic),recompute,recompute,recompute,0.7181940594497765,0.6556237992935476,0.6198216015396206,1.0,0.0026430507474118963,0.0,0.0,0.0,0.0,233,1.0,0.01405653891477008
DLL4,NOTCH3,11q13 Invasive Tumor Cells (Mitotic),Basal-like Structured DCIS Cells,recompute,recompute,recompute,0.6342079770588467,0.7746834992804791,0.7917001487310438,0.008557082379913908,0.2295016807597237,0.0,0.0024265644955300124,0.12062606015032493,0.0,1305,1.0,0.014033677004906236
CSF1,CSF1R,"CAFs, DCIS Associated",Myeloid Cells,recompute,recompute,recompute,0.7181940594497765,0.7471243099617693,0.7204611100467462,1.0,0.00197514773301428,0.0,0.0016086298258894778,0.29332943899079844,0.0,1321,1.0,0.014032697741972432
JAG1,NOTCH1,Dendritic Cells,11q13 Invasive Tumor Cells,recompute,recompute,recompute,0.8630183004227985,0.6655462707198134,0.7917001487310438,0.001657584379221534,1.0,0.0,0.0028064457722252376,0.11859168438560229,0.0,3945,1.0,0.014002520337401514
DLL4,NOTCH3,T Lymphocytes,Basal-like Structured DCIS Cells,recompute,recompute,recompute,0.6342079770588467,0.7746834992804791,0.8693461273411047,0.007392968575375538,0.2295016807597237,0.0,0.0013568521031207597,0.06744997864579334,0.0,737,1.0,0.013911021249903663
TGFB1,TGFBR2,11q13 Invasive Tumor Cells (Mitotic),Myoepithelial Cells,recompute,recompute,recompute,0.6618992459738668,0.7241065161359392,0.6198216015396206,0.05212675997941913,0.046291861436256077,0.0,0.0030345471521942106,0.2221205555709519,0.0,714,1.0,0.013885806331562589
TGFB1,TGFBR2,Mast Cells,Myoepithelial Cells,recompute,recompute,recompute,0.830274180208954,0.7241065161359392,0.7204611100467462,0.03572830522875711,0.046291861436256077,0.0,0.002525252525252525,0.18484158120939354,0.0,66,1.0,0.0138843420420469
TGFB1,TGFBR2,T Lymphocytes,11q13 Invasive Tumor Cells (G1/S),recompute,recompute,recompute,0.7806633527749638,0.628133940116149,0.7917001487310438,1.0,0.0018417017418815348,0.0,0.0010288065843621398,0.1771886829358094,0.0,81,1.0,0.013879795788077742
TGFB1,TGFBR2,"CAFs, DCIS Associated",Plasma Cells,recompute,recompute,recompute,0.4625524716153596,0.7241065161359392,0.8767341187813952,0.47844300379630145,0.004952137174709604,0.0,0.001222992254382389,0.16856376925374641,0.0,2453,1.0,0.013816854738194242
TGFB1,TGFBR2,"CAFs, DCIS Associated",Mast Cells,recompute,recompute,recompute,0.4625524716153596,0.860445251677117,0.7204611100467462,0.47844300379630145,0.005044198536350481,0.0,0.0021565003080714724,0.15665933233545398,0.0,1082,1.0,0.013804468082910271
DLL4,NOTCH3,Macrophages,11q13 Invasive Tumor Cells,recompute,recompute,recompute,0.8949858186325867,0.6580560501976399,0.6198216015396206,0.0018955660656360717,1.0,0.0,0.00019168104274487253,0.010420813232273176,0.0,1739,1.0,0.013804303462316904
CSF1,CSF1R,Myoepithelial Cells,"CAFs, Invasive Associated",recompute,recompute,recompute,0.7181940594497765,0.6556237992935476,0.6198216015396206,0.241712611075796,0.009718180396522284,0.0,0.0023207426376440463,0.3688597569765374,0.0,1562,1.0,0.013782922988960025
JAG1,NOTCH1,11q13 Invasive Tumor Cells,Plasma Cells,recompute,recompute,recompute,0.7941469661104033,0.46013374214009517,0.6198216015396206,1.0,0.0029919533735881763,0.0,0.006934812760055477,0.2663469458818259,0.0,103,1.0,0.013756290176265054
CXCL12,CXCR4,Macrophages,B Cells,recompute,recompute,recompute,0.7487535481622718,0.9546923450729715,0.6198216015396206,0.03388623051970213,0.04457454658784243,0.0,0.014008803114948372,0.5188183879954313,0.0,1074,1.0,0.013727662076831298
TGFB1,TGFBR2,11q13 Invasive Tumor Cells,11q13 Invasive Tumor Cells (G1/S),recompute,recompute,recompute,0.6618992459738668,0.628133940116149,0.8824495942126559,0.9884381288839681,0.0018417017418815348,0.0,0.00018025513033832503,0.031044872401232496,0.0,12020,1.0,0.013723057109370919
TGFB1,TGFBR2,11q13 Invasive Tumor Cells (G1/S),"CAFs, Invasive Associated",recompute,recompute,recompute,0.6618992459738668,0.628133940116149,0.9161861017439125,0.02290427933852047,0.07630971198036683,0.0,0.0022467320261437907,0.13427499355984943,0.0,408,1.0,0.013715787864814701
TGFB1,TGFBR2,11q13 Invasive Tumor Cells,Luminal-like Amorphous DCIS Cells,recompute,recompute,recompute,0.6618992459738668,0.25153574142392743,0.24613745147074395,0.9884381288839681,0.01630369297954023,0.0,0.0,0.0,0.0,184,1.0,0.013697275154129976
DLL4,NOTCH3,"CAFs, Invasive Associated",Pericytes,recompute,recompute,recompute,0.6342079770588467,0.8818326005152037,0.6198216015396206,0.002196330917593002,0.8672894033034337,0.0,0.00432900432900433,0.045328579624419274,0.0,2541,1.0,0.013696977083307625
JAG1,NOTCH1,Endothelial Cells,11q13 Invasive Tumor Cells (Mitotic),recompute,recompute,recompute,0.6303682835571691,0.6655462707198134,0.6198216015396206,0.029179138324176478,0.08666944020865194,0.0,0.006844506844506847,0.08206505711314165,0.0,407,1.0,0.013687674375135319
DLL4,NOTCH3,11q13 Invasive Tumor Cells (Mitotic),"CAFs, Invasive Associated",recompute,recompute,recompute,0.6342079770588467,0.6580560501976399,0.9161861017439125,0.008557082379913908,0.1973932010691654,0.0,0.009461426491994178,0.16933801805736182,0.0,458,1.0,0.01364654744491598
TGFB1,TGFBR2,"CAFs, Invasive Associated",11q13 Invasive Tumor Cells (G1/S),recompute,recompute,recompute,0.6618992459738668,0.628133940116149,0.9161861017439125,0.9188457246466148,0.0018417017418815348,0.0,0.0032608695652173903,0.5616110863487175,0.0,460,1.0,0.013642124882408572
CSF1,CSF1R,T Lymphocytes,"CAFs, Invasive Associated",recompute,recompute,recompute,0.6329636802303048,0.6556237992935476,0.7917001487310438,0.2016933258290928,0.009718180396522284,0.0,0.001875,0.2980132450331128,0.0,2400,1.0,0.013639921360294835
TGFB1,TGFBR2,Myoepithelial Cells,11q13 Invasive Tumor Cells,recompute,recompute,recompute,0.4625524716153596,0.628133940116149,0.6198216015396206,0.12701346030887714,0.02792871411289051,0.0,0.0005397448478900883,0.1996808324759586,0.0,5095,1.0,0.013621663448506297
JAG1,NOTCH1,11q13 Invasive Tumor Cells (Mitotic),Luminal-like Amorphous DCIS Cells,recompute,recompute,recompute,0.7941469661104033,0.46013374214009517,0.24613745147074395,0.05263539325963273,0.13474796491837557,0.0,0.019129019129019133,1.0,0.0,351,1.0,0.01361843334223134
CSF1,CSF1R,Mast Cells,"CAFs, Invasive Associated",recompute,recompute,recompute,0.8552373118926793,0.6556237992935476,0.6198216015396206,0.1878690989799276,0.009718180396522284,0.0,0.006944444444444444,1.0,0.0,144,1.0,0.013606344914582407
JAG1,NOTCH1,"CAFs, DCIS Associated",Pericytes,recompute,recompute,recompute,0.6303682835571691,0.7728785963662539,0.7204611100467462,0.010161058057093355,0.17748963886584487,0.0,0.0018576644673627596,0.06335438903375551,0.0,15611,1.0,0.013601018489967236
DLL4,NOTCH3,Myoepithelial Cells,Endothelial Cells,recompute,recompute,recompute,0.7160288858520609,0.8818326005152037,0.7204611100467462,0.0069047442087267884,0.19937237225527835,0.0,0.0020768431983385254,0.07694543173992203,0.0,2247,1.0,0.013576570498672993
TGFB1,TGFBR2,Luminal-like Amorphous DCIS Cells,Dendritic Cells,recompute,recompute,recompute,0.4625524716153596,0.628133940116149,0.24613745147074395,0.08160636573734653,0.10646573797703236,0.0,0.002521779000458505,0.1079680801463126,0.0,727,1.0,0.013558786845120598
CSF1,CSF1R,11q13 Invasive Tumor Cells,Myoepithelial Cells,recompute,recompute,recompute,0.6329636802303048,0.46381415478966415,0.6198216015396206,0.3435917185259688,0.00992063151970032,0.0,0.0003631609529343405,0.054272568846965484,0.0,5163,1.0,0.013554869150137603
CSF1,CSF1R,"CAFs, DCIS Associated",B Cells,recompute,recompute,recompute,0.7181940594497765,0.7744570596502125,0.6198216015396206,1.0,0.0017943776934449295,0.0,0.000738421550094518,0.190520492087214,0.0,4232,1.0,0.013548889288928284
TGFB1,TGFBR2,B Cells,11q13 Invasive Tumor Cells,recompute,recompute,recompute,0.7806633527749638,0.628133940116149,0.7917001487310438,0.05675679989781828,0.02792871411289051,0.0,0.0007319113341698033,0.2707736166022228,0.0,797,1.0,0.013537058688843301
CSF1,CSF1R,"CAFs, Invasive Associated","CAFs, Invasive Associated",recompute,recompute,recompute,0.6329636802303048,0.6556237992935476,1.0,0.1523572567652539,0.009718180396522284,0.0,0.0014158957900698508,0.22504303948130094,0.0,5297,1.0,0.013533610788795267
JAG1,NOTCH1,Myoepithelial Cells,11q13 Invasive Tumor Cells (Mitotic),recompute,recompute,recompute,0.6303682835571691,0.6655462707198134,0.6198216015396206,0.027254376065765328,0.08666944020865194,0.0,0.032950357684803804,0.39507199667307824,0.0,659,1.0,0.013532882060022679
TGFB1,TGFBR2,"CAFs, Invasive Associated",Luminal-like Amorphous DCIS Cells,recompute,recompute,recompute,0.6618992459738668,0.25153574142392743,0.24613745147074395,0.9188457246466148,0.01630369297954023,0.0,0.001075268817204301,0.22751264482292466,0.0,155,1.0,0.013531617040491163
TGFB1,TGFBR2,Luminal-like Amorphous DCIS Cells,T Lymphocytes,recompute,recompute,recompute,0.4625524716153596,0.628133940116149,0.24613745147074395,0.08160636573734653,0.10396504391838439,0.0,0.0015822784810126582,0.14077021651545887,0.0,316,1.0,0.013505181098481705
TGFB1,TGFBR2,Basal-like Structured DCIS Cells,B Cells,recompute,recompute,recompute,0.7806633527749638,0.628133940116149,0.8693461273411047,0.14371478860647843,0.009895229901992758,0.0,0.0024691358024691358,0.5203556520227975,0.0,270,1.0,0.013503285045373577
CSF1,CSF1R,"CAFs, DCIS Associated",Mast Cells,recompute,recompute,recompute,0.7181940594497765,0.8388327345645936,0.7204611100467462,1.0,0.0013954866575133426,0.0,0.0011552680221811461,0.05024042134966713,0.0,1082,1.0,0.013501315642629375
JAG1,NOTCH1,Pericytes,Dendritic Cells,recompute,recompute,recompute,0.6303682835571691,0.8647171432637394,0.6198216015396206,0.03425584686464733,0.05197941571611153,0.0,0.005247444132814622,0.2399841072200952,0.0,1579,1.0,0.013486013093624969
TGFB1,TGFBR2,Dendritic Cells,Luminal-like Amorphous DCIS Cells,recompute,recompute,recompute,0.7806633527749638,0.25153574142392743,0.24613745147074395,0.7613650405309432,0.01630369297954023,0.0,0.003435283687943263,0.7268605441317508,0.0,752,1.0,0.01347990209959479
JAG1,NOTCH1,Basal-like Structured DCIS Cells,Luminal-like Amorphous DCIS Cells,recompute,recompute,recompute,0.9097736029185509,0.46013374214009517,0.24613745147074395,0.04309654638185767,0.13474796491837557,0.0,0.0030135201172829464,0.1739469704930126,0.0,877,1.0,0.013473900219223688
JAG1,NOTCH1,11q13 Invasive Tumor Cells,Mast Cells,recompute,recompute,recompute,0.7941469661104033,0.7728785963662539,0.6198216015396206,1.0,0.0015718900135326876,0.0,0.028911564625850344,1.0,0.0,42,1.0,0.013472575774811224
DLL4,NOTCH3,Basal-like Structured DCIS Cells,Basal-like Structured DCIS Cells,recompute,recompute,recompute,0.6342079770588467,0.7746834992804791,1.0,0.0053032910137447145,0.2295016807597237,0.0,0.0012259910093992648,0.060944790676685394,0.0,19576,1.0,0.013472495019436778
DLL4,NOTCH3,11q13 Invasive Tumor Cells (Mitotic),Endothelial Cells,recompute,recompute,recompute,0.6342079770588467,0.8818326005152037,0.6198216015396206,0.008557082379913908,0.19937237225527835,0.0,0.0036036036036036032,0.13351072210008091,0.0,370,1.0,0.013447636645663098
JAG1,NOTCH1,Luminal-like Amorphous DCIS Cells,T Lymphocytes,recompute,recompute,recompute,0.24513582144484414,0.8647171432637394,0.24613745147074395,0.13275554617509155,0.08474527904749042,0.0,0.012206148282097653,0.21289187893297562,0.0,316,1.0,0.013430880240154026
CSF1,CSF1R,T Lymphocytes,Basal-like Structured DCIS Cells,recompute,recompute,recompute,0.6329636802303048,0.7744570596502125,0.8693461273411047,0.2016933258290928,0.006818845693506099,0.0,0.0010176390773405698,0.2381691519615903,0.0,737,1.0,0.013427504932383068
CSF1,CSF1R,"CAFs, Invasive Associated",Endothelial Cells,recompute,recompute,recompute,0.6329636802303048,0.8901135829200775,0.6198216015396206,0.1523572567652539,0.010937673779041644,0.0,0.00068,0.07623070674248579,0.0,3125,1.0,0.013411579046886855
TGFB1,TGFBR2,T Lymphocytes,11q13 Invasive Tumor Cells (Mitotic),recompute,recompute,recompute,0.7806633527749638,0.628133940116149,0.7917001487310438,1.0,0.0014987600472605432,0.0,0.002577319587628866,0.9599625380472957,0.0,97,1.0,0.013411230735990877
TGFB1,TGFBR2,Pericytes,Plasma Cells,recompute,recompute,recompute,0.8649048900453102,0.7241065161359392,0.7204611100467462,0.25809749975310686,0.004952137174709604,0.0,0.00021150592216582064,0.029151644527597283,0.0,394,1.0,0.013391414544504982
CSF1,CSF1R,"CAFs, DCIS Associated",Plasma Cells,recompute,recompute,recompute,0.7181940594497765,0.46381415478966415,0.8767341187813952,1.0,0.0019498903447556172,0.0,0.0009172441907867916,0.08249545570273047,0.0,2453,1.0,0.013363217157378614
CSF1,CSF1R,Myoepithelial Cells,Basal-like Structured DCIS Cells,recompute,recompute,recompute,0.7181940594497765,0.7744570596502125,0.6198216015396206,0.241712611075796,0.006818845693506099,0.0,0.0007454545454545455,0.17446684278359698,0.0,6875,1.0,0.01335834895672694
CSF1,CSF1R,T Lymphocytes,Pericytes,recompute,recompute,recompute,0.6329636802303048,0.8901135829200775,0.6198216015396206,0.2016933258290928,0.007996593535171381,0.0,0.001090014064697609,0.24265269082854357,0.0,3555,1.0,0.013338735982424388
CXCL12,CXCR4,Endothelial Cells,Myoepithelial Cells,recompute,recompute,recompute,0.7487535481622718,0.46000374398572297,0.7204611100467462,0.10272295574815776,0.021502591154489905,0.0,0.0013794495659780624,0.1657211031128427,0.0,2702,1.0,0.01327837395810071
DLL4,NOTCH3,11q13 Invasive Tumor Cells,Myoepithelial Cells,recompute,recompute,recompute,0.6342079770588467,0.4638256179742202,0.6198216015396206,0.06734007498340545,0.04464016629523392,0.0,0.0008070243398540899,0.0730343915723456,0.0,5163,1.0,0.013278289121382302
DLL4,NOTCH3,Luminal-like Amorphous DCIS Cells,Pericytes,recompute,recompute,recompute,0.2490567623945399,0.8818326005152037,0.24613745147074395,0.011649387573427093,0.8672894033034337,0.0,0.0012480798771121353,0.013068521948169267,0.0,1736,1.0,0.01327053067064959
DLL4,NOTCH3,Myoepithelial Cells,Basal-like Structured DCIS Cells,recompute,recompute,recompute,0.7160288858520609,0.7746834992804791,0.6198216015396206,0.0069047442087267884,0.2295016807597237,0.0,0.0015999999999999994,0.07953701481911948,0.0,6875,1.0,0.013265061911942915
TGFB1,TGFBR2,Dendritic Cells,11q13 Invasive Tumor Cells (G1/S),recompute,recompute,recompute,0.7806633527749638,0.628133940116149,0.7917001487310438,0.7613650405309432,0.0018417017418815348,0.0,0.00518341307814992,0.8927257566096043,0.0,209,1.0,0.013263207534475843
TGFB1,TGFBR2,11q13 Invasive Tumor Cells,11q13 Invasive Tumor Cells (Mitotic),recompute,recompute,recompute,0.6618992459738668,0.628133940116149,0.8824495942126559,0.9884381288839681,0.0014987600472605432,0.0,0.00018135654697134566,0.06754905055537735,0.0,11947,1.0,0.013259783364755272
TGFB1,TGFBR2,11q13 Invasive Tumor Cells (Mitotic),11q13 Invasive Tumor Cells,recompute,recompute,recompute,0.6618992459738668,0.628133940116149,0.8824495942126559,0.05212675997941913,0.02792871411289051,0.0,0.00033743767732694274,0.12483646037714254,0.0,12101,1.0,0.013221305200966635
CSF1,CSF1R,Mast Cells,Myoepithelial Cells,recompute,recompute,recompute,0.8552373118926793,0.46381415478966415,0.7204611100467462,0.1878690989799276,0.00992063151970032,0.0,0.007575757575757576,1.0,0.0,66,1.0,0.013215169028055505
JAG1,NOTCH1,Dendritic Cells,Basal-like Structured DCIS Cells,recompute,recompute,recompute,0.8630183004227985,0.9232588887953476,0.8693461273411047,0.001657584379221534,0.46352883193182237,0.0,0.004016064257028112,0.09151364149276901,0.0,1245,1.0,0.013213419143140871
CSF1,CSF1R,Dendritic Cells,Endothelial Cells,recompute,recompute,recompute,0.6329636802303048,0.8901135829200775,0.6198216015396206,0.13793660188765483,0.010937673779041644,0.0,0.00028881700554528653,0.032377535958772984,0.0,2164,1.0,0.013191149545006949
CSF1,CSF1R,Mast Cells,Basal-like Structured DCIS Cells,recompute,recompute,recompute,0.8552373118926793,0.7744570596502125,0.6198216015396206,0.1878690989799276,0.006818845693506099,0.0,0.0,0.0,0.0,30,1.0,0.01318721025577559
TGFB1,TGFBR2,"CAFs, Invasive Associated",11q13 Invasive Tumor Cells (Mitotic),recompute,recompute,recompute,0.6618992459738668,0.628133940116149,0.9161861017439125,0.9188457246466148,0.0014987600472605432,0.0,0.0023764258555133075,0.8851365607470311,0.0,526,1.0,0.013181583311502189
TGFB1,TGFBR2,11q13 Invasive Tumor Cells (G1/S),Basal-like Structured DCIS Cells,recompute,recompute,recompute,0.6618992459738668,0.628133940116149,0.7917001487310438,0.02290427933852047,0.06897244404348622,0.0,0.0013338949733221004,0.08949512507620005,0.0,1187,1.0,0.013162333746790897
CXCL12,CXCR4,Macrophages,11q13 Invasive Tumor Cells,recompute,recompute,recompute,0.7487535481622718,0.6632137581773894,0.6198216015396206,0.03388623051970213,0.04976777849846808,0.0,0.00023524491609597993,0.08039388517542345,0.0,1739,1.0,0.013158462482912974
TGFB1,TGFBR2,Endothelial Cells,Luminal-like Amorphous DCIS Cells,recompute,recompute,recompute,0.8649048900453102,0.25153574142392743,0.24613745147074395,0.5918084951805068,0.01630369297954023,0.0,0.0023293172690763047,0.4928526932429138,0.0,2075,1.0,0.013148277924838676
JAG1,NOTCH1,Endothelial Cells,Dendritic Cells,recompute,recompute,recompute,0.6303682835571691,0.8647171432637394,0.6198216015396206,0.029179138324176478,0.05197941571611153,0.0,0.004106637942641713,0.18781102102223296,0.0,2122,1.0,0.013130256386924215
DLL4,NOTCH3,T Lymphocytes,Endothelial Cells,recompute,recompute,recompute,0.6342079770588467,0.8818326005152037,0.6198216015396206,0.007392968575375538,0.19937237225527835,0.0,0.0022720917225950775,0.08417923832075674,0.0,4768,1.0,0.013123857430380987
CXCL12,CXCR4,Pericytes,"CAFs, DCIS Associated",recompute,recompute,recompute,0.7487535481622718,0.46000374398572297,0.7204611100467462,0.06372880775749876,0.0310998965832685,0.0,0.002280258078978897,0.43031465596435015,0.0,12977,1.0,0.013040701729937307
CXCL12,CXCR4,Macrophages,Endothelial Cells,recompute,recompute,recompute,0.7487535481622718,0.7757991160529997,0.8875000050982297,0.03388623051970213,0.027958038284341596,0.0,0.0023949169110459435,0.3358358275118075,0.0,2790,1.0,0.013025601847709073
DLL4,NOTCH3,Plasma Cells,Pericytes,recompute,recompute,recompute,0.7160288858520609,0.8818326005152037,0.7204611100467462,0.0012306151710811475,0.8672894033034337,0.0,0.00331858407079646,0.03474856822978158,0.0,452,1.0,0.01301276285718114
DLL4,NOTCH3,T Lymphocytes,"CAFs, Invasive Associated",recompute,recompute,recompute,0.6342079770588467,0.6580560501976399,0.7917001487310438,0.007392968575375538,0.1973932010691654,0.0,0.0019444444444444442,0.034801133711019346,0.0,2400,1.0,0.012997739599898295
JAG1,NOTCH1,Dendritic Cells,Endothelial Cells,recompute,recompute,recompute,0.8630183004227985,0.7728785963662539,0.6198216015396206,0.001657584379221534,0.7025747778867708,0.0,0.0034988117243200437,0.0497369264417355,0.0,2164,1.0,0.012994556832980052
JAG1,NOTCH1,Myoepithelial Cells,Dendritic Cells,recompute,recompute,recompute,0.6303682835571691,0.8647171432637394,0.6198216015396206,0.027254376065765328,0.05197941571611153,0.0,0.016886930983847283,0.7722988474528503,0.0,1362,1.0,0.012981767846909948
DLL4,NOTCH3,Luminal-like Amorphous DCIS Cells,11q13 Invasive Tumor Cells,recompute,recompute,recompute,0.2490567623945399,0.6580560501976399,0.24613745147074395,0.011649387573427093,1.0,0.0,0.0,0.0,0.0,186,1.0,0.01294216918842544
CSF1,CSF1R,Endothelial Cells,Luminal-like Amorphous DCIS Cells,recompute,recompute,recompute,0.9530510539284376,0.46381415478966415,0.24613745147074395,0.3300653030175087,0.013082994902830098,0.0,0.0005421686746987952,0.10194670694806955,0.0,2075,1.0,0.012941686670514697
DLL4,NOTCH3,Pericytes,Dendritic Cells,recompute,recompute,recompute,0.9184503888425789,0.7746834992804791,0.6198216015396206,0.11694486957515715,0.009044464882971325,0.0,0.0034832172260924636,0.395592118798981,0.0,1579,1.0,0.012926130917613942
CSF1,CSF1R,"CAFs, DCIS Associated",CXCL14+ Fibroblasts,recompute,recompute,recompute,0.7181940594497765,0.8901135829200775,0.7204611100467462,1.0,0.0010015918709323055,0.0,0.00030501089324618734,0.34904497137376417,0.0,11475,1.0,0.012902251048471793
CXCL12,CXCR4,Macrophages,Basal-like Structured DCIS Cells,recompute,recompute,recompute,0.7487535481622718,0.8628183098412396,0.6198216015396206,0.03388623051970213,0.03391524182236365,0.0,0.001224364860728497,0.09354430121155798,0.0,594,1.0,0.012897055472692482
CXCL12,CXCR4,"CAFs, Invasive Associated",Endothelial Cells,recompute,recompute,recompute,0.6160088550075702,0.7757991160529997,0.6198216015396206,0.05480638574296996,0.027958038284341596,0.0,0.004567272727272729,0.640462225959171,0.0,3125,1.0,0.012867381458934004
TGFB1,TGFBR2,Luminal-like Amorphous DCIS Cells,"CAFs, Invasive Associated",recompute,recompute,recompute,0.4625524716153596,0.628133940116149,0.24613745147074395,0.08160636573734653,0.07630971198036683,0.0,0.0011337868480725624,0.06776029359606502,0.0,147,1.0,0.012826726276409383
TGFB1,TGFBR2,Dendritic Cells,11q13 Invasive Tumor Cells (Mitotic),recompute,recompute,recompute,0.7806633527749638,0.628133940116149,0.7917001487310438,0.7613650405309432,0.0014987600472605432,0.0,0.0027100271002710027,1.0,0.0,246,1.0,0.012815457753130456
CSF1,CSF1R,Dendritic Cells,"CAFs, Invasive Associated",recompute,recompute,recompute,0.6329636802303048,0.6556237992935476,0.7917001487310438,0.13793660188765483,0.009718180396522284,0.0,0.0014306909707503179,0.22739459137753412,0.0,2359,1.0,0.012802944632363797
JAG1,NOTCH1,"CAFs, DCIS Associated",Myoepithelial Cells,recompute,recompute,recompute,0.6303682835571691,0.46013374214009517,0.8293805866303694,0.010161058057093355,0.17955576343167495,0.0,0.0013629480060575456,0.04735106883812717,0.0,9905,1.0,0.01279563498941875
DLL4,NOTCH3,"CAFs, DCIS Associated","CAFs, DCIS Associated",recompute,recompute,recompute,0.7160288858520609,0.4638256179742202,1.0,0.018679344959851515,0.06891862663651398,0.0,0.00022122961527116426,0.02080522700400572,0.0,94924,1.0,0.012739840023188537
CXCL12,CXCR4,11q13 Invasive Tumor Cells (Mitotic),T Lymphocytes,recompute,recompute,recompute,0.6160088550075702,0.9008184599638702,0.7917001487310438,0.0009692519480124524,1.0,0.0,0.0038335158817086536,0.030931493796257495,0.0,83,1.0,0.012731249344543685
CSF1,CSF1R,"CAFs, Invasive Associated",Pericytes,recompute,recompute,recompute,0.6329636802303048,0.8901135829200775,0.6198216015396206,0.1523572567652539,0.007996593535171381,0.0,0.0010330578512396695,0.2299734246588836,0.0,2541,1.0,0.012729459017588407
TGFB1,TGFBR2,Myeloid Cells,T Lymphocytes,recompute,recompute,recompute,0.744134323411945,0.628133940116149,0.6198216015396206,0.013941536844336442,0.10396504391838439,0.0,0.003006872852233677,0.26751178602422254,0.0,388,1.0,0.012701688128704857
CSF1,CSF1R,Pericytes,Luminal-like Amorphous DCIS Cells,recompute,recompute,recompute,0.9330656492219304,0.46381415478966415,0.24613745147074395,0.297542793801235,0.013082994902830098,0.0,0.0001964379256155055,0.03693721266234404,0.0,1909,1.0,0.012675014972337579
DLL4,NOTCH3,Endothelial Cells,Myeloid Cells,recompute,recompute,recompute,0.9184503888425789,0.7470475610360806,0.7827641335561659,1.0,0.0007714919761827168,0.0,0.0012690355329949238,0.36812984001069315,0.0,394,1.0,0.012673463623881227
CXCL12,CXCR4,T Lymphocytes,11q13 Invasive Tumor Cells,recompute,recompute,recompute,0.6160088550075702,0.6632137581773894,0.7917001487310438,0.025575340320379867,0.04976777849846808,0.0,0.000351150994927819,0.12000426293567502,0.0,1165,1.0,0.012659849036456585
CSF1,CSF1R,"CAFs, Invasive Associated",Basal-like Structured DCIS Cells,recompute,recompute,recompute,0.6329636802303048,0.7744570596502125,0.7917001487310438,0.1523572567652539,0.006818845693506099,0.0,0.0005808550185873606,0.13594382357163265,0.0,2152,1.0,0.012615910280418207
TGFB1,TGFBR2,Luminal-like Amorphous DCIS Cells,Basal-like Structured DCIS Cells,recompute,recompute,recompute,0.4625524716153596,0.628133940116149,0.24613745147074395,0.08160636573734653,0.06897244404348622,0.0,0.001755358462675536,0.11777240960692847,0.0,902,1.0,0.012612421072764531
CSF1,CSF1R,Dendritic Cells,Basal-like Structured DCIS Cells,recompute,recompute,recompute,0.6329636802303048,0.7744570596502125,0.8693461273411047,0.13793660188765483,0.006818845693506099,0.0,0.004417670682730923,1.0,0.0,1245,1.0,0.012603562561622879
CXCL12,CXCR4,T Lymphocytes,Basal-like Structured DCIS Cells,recompute,recompute,recompute,0.6160088550075702,0.8628183098412396,0.8693461273411047,0.025575340320379867,0.03391524182236365,0.0,0.0007401011471567781,0.056545435806986545,0.0,737,1.0,0.012603348569486012
TGFB1,TGFBR2,CXCL14+ Fibroblasts,Dendritic Cells,recompute,recompute,recompute,0.8649048900453102,0.628133940116149,0.6198216015396206,0.011170777497016586,0.10646573797703236,0.0,0.0032882375046974824,0.14078342724827944,0.0,887,1.0,0.012601730084663908
DLL4,NOTCH3,Myoepithelial Cells,"CAFs, Invasive Associated",recompute,recompute,recompute,0.7160288858520609,0.6580560501976399,0.6198216015396206,0.0069047442087267884,0.1973932010691654,0.0,0.0020273154075970976,0.036284335495300954,0.0,1562,1.0,0.01258896710382495
JAG1,NOTCH1,11q13 Invasive Tumor Cells (G1/S),Luminal-like Amorphous DCIS Cells,recompute,recompute,recompute,0.7941469661104033,0.46013374214009517,0.24613745147074395,0.032311095449028576,0.13474796491837557,0.0,0.0,0.0,0.0,19,1.0,0.012554693840317757
TGFB1,TGFBR2,CXCL14+ Fibroblasts,T Lymphocytes,recompute,recompute,recompute,0.8649048900453102,0.628133940116149,0.6198216015396206,0.011170777497016586,0.10396504391838439,0.0,0.000708842814105972,0.0630634604556229,0.0,1881,1.0,0.012551908138361009
JAG1,NOTCH1,Luminal-like Amorphous DCIS Cells,"CAFs, Invasive Associated",recompute,recompute,recompute,0.24513582144484414,0.6655462707198134,0.24613745147074395,0.13275554617509155,0.07272217354205764,0.0,0.0009718172983479105,0.027205227277646817,0.0,147,1.0,0.01253373183693369
JAG1,NOTCH1,"CAFs, Invasive Associated",T Lymphocytes,recompute,recompute,recompute,0.7941469661104033,0.8647171432637394,0.7917001487310438,0.00838985805983649,0.08474527904749042,0.0,0.00493788819875776,0.08612350696544618,0.0,2300,1.0,0.012527595770802933
JAG1,NOTCH1,Pericytes,11q13 Invasive Tumor Cells (G1/S),recompute,recompute,recompute,0.6303682835571691,0.6655462707198134,0.6198216015396206,0.03425584686464733,0.043382027682688826,0.0,0.00473664266767715,0.2306163388880953,0.0,377,1.0,0.012527007953577859
CSF1,CSF1R,Dendritic Cells,Pericytes,recompute,recompute,recompute,0.6329636802303048,0.8901135829200775,0.6198216015396206,0.13793660188765483,0.007996593535171381,0.0,0.0008036236119228522,0.17889808779717947,0.0,1711,1.0,0.012520240677179871
TGFB1,TGFBR2,11q13 Invasive Tumor Cells (G1/S),Macrophages,recompute,recompute,recompute,0.6618992459738668,0.8911579433306727,0.6198216015396206,0.02290427933852047,0.04575875759819427,0.0,0.0014005602240896359,0.14023086566732448,0.0,119,1.0,0.012509330666135668
DLL4,NOTCH3,Pericytes,CXCL14+ Fibroblasts,recompute,recompute,recompute,0.9184503888425789,0.8818326005152037,0.9429656149619918,0.11694486957515715,0.004265561924923322,0.0,0.0020791189031242985,0.45159772518265023,0.0,2966,1.0,0.012497295358127498
TGFB1,TGFBR2,Luminal-like Amorphous DCIS Cells,Macrophages,recompute,recompute,recompute,0.4625524716153596,0.8911579433306727,0.24613745147074395,0.08160636573734653,0.04575875759819427,0.0,0.00037537537537537537,0.03758439868110723,0.0,222,1.0,0.012485769264672023
CSF1,CSF1R,11q13 Invasive Tumor Cells (Mitotic),11q13 Invasive Tumor Cells,recompute,recompute,recompute,0.6329636802303048,0.6556237992935476,0.8824495942126559,0.03853853776662391,0.026828838353614524,0.0,0.00032022146930005784,0.14904950251693938,0.0,12101,1.0,0.01248447068254184
CXCL12,CXCR4,T Lymphocytes,Macrophages,recompute,recompute,recompute,0.6160088550075702,0.7757991160529997,0.6198216015396206,0.025575340320379867,0.04917092614889038,0.0,0.004544133576391644,0.20506527210630165,0.0,3441,1.0,0.012450558651981424
TGFB1,TGFBR2,T Lymphocytes,Myeloid Cells,recompute,recompute,recompute,0.7806633527749638,0.7821407762924618,0.6198216015396206,1.0,0.0009726234029574384,0.0,0.002077562326869806,0.6820055666711579,0.0,361,1.0,0.012425888106779059
TGFB1,TGFBR2,Endothelial Cells,11q13 Invasive Tumor Cells (G1/S),recompute,recompute,recompute,0.8649048900453102,0.628133940116149,0.6198216015396206,0.5918084951805068,0.0018417017418815348,0.0,0.003739316239316239,0.6440127129782303,0.0,312,1.0,0.012419812321529578
DLL4,NOTCH3,Basal-like Structured DCIS Cells,Endothelial Cells,recompute,recompute,recompute,0.6342079770588467,0.8818326005152037,0.6198216015396206,0.0053032910137447145,0.19937237225527835,0.0,0.0026595744680851068,0.09853517389035231,0.0,1692,1.0,0.012416979828252517
CSF1,CSF1R,T Lymphocytes,Myoepithelial Cells,recompute,recompute,recompute,0.6329636802303048,0.46381415478966415,0.6198216015396206,0.2016933258290928,0.00992063151970032,0.0,0.0005868544600938967,0.08770243285035455,0.0,1278,1.0,0.012403287323894062
CSF1,CSF1R,Endothelial Cells,Myeloid Cells,recompute,recompute,recompute,0.9530510539284376,0.7471243099617693,0.7827641335561659,0.3300653030175087,0.00197514773301428,0.0,0.0012690355329949238,0.23140530839465193,0.0,394,1.0,0.0123991031466603
DLL4,NOTCH3,Plasma Cells,11q13 Invasive Tumor Cells,recompute,recompute,recompute,0.7160288858520609,0.6580560501976399,0.6198216015396206,0.0012306151710811475,1.0,0.0,0.0,0.0,0.0,148,1.0,0.012376494670727342
TGFB1,TGFBR2,Basal-like Structured DCIS Cells,CXCL14+ Fibroblasts,recompute,recompute,recompute,0.7806633527749638,0.9417110959059584,0.6198216015396206,0.14371478860647843,0.005427302044598217,0.0,0.0006011421701232341,0.1599817610816888,0.0,1109,1.0,0.012353473311525448
JAG1,NOTCH1,"CAFs, Invasive Associated",11q13 Invasive Tumor Cells (Mitotic),recompute,recompute,recompute,0.7941469661104033,0.6655462707198134,0.9161861017439125,0.00838985805983649,0.08666944020865194,0.0,0.005703422053231938,0.0683835471527758,0.0,526,1.0,0.012334285706584975
DLL4,NOTCH3,Myeloid Cells,Endothelial Cells,recompute,recompute,recompute,0.7840818683779507,0.8818326005152037,0.7827641335561659,0.0032417203409647417,0.19937237225527835,0.0,0.0014492753623188406,0.05369452954024995,0.0,460,1.0,0.012320738211675472
TGFB1,TGFBR2,CXCL14+ Fibroblasts,Macrophages,recompute,recompute,recompute,0.8649048900453102,0.8911579433306727,0.8875000050982297,0.011170777497016586,0.04575875759819427,0.0,0.000526685393258427,0.052734289722508605,0.0,1424,1.0,0.01231993038860431
CSF1,CSF1R,"CAFs, DCIS Associated",11q13 Invasive Tumor Cells (G1/S),recompute,recompute,recompute,0.7181940594497765,0.6556237992935476,0.6198216015396206,1.0,0.0011919786089109867,0.0,0.0,0.0,0.0,135,1.0,0.012309466364270013
CXCL12,CXCR4,Luminal-like Amorphous DCIS Cells,T Lymphocytes,recompute,recompute,recompute,0.2556690013679459,0.9008184599638702,0.24613745147074395,0.006120705198198609,1.0,0.0,0.006041426927502875,0.04874646807131716,0.0,316,1.0,0.012304081843679822
DLL4,NOTCH3,Basal-like Structured DCIS Cells,"CAFs, Invasive Associated",recompute,recompute,recompute,0.6342079770588467,0.6580560501976399,0.7917001487310438,0.0053032910137447145,0.1973932010691654,0.0,0.0015175861453311907,0.027161340871711483,0.0,1867,1.0,0.012297654960133991
CSF1,CSF1R,B Cells,T Lymphocytes,recompute,recompute,recompute,0.6329636802303048,0.7744570596502125,0.9318789094584047,0.034822583417649544,0.02165809680677239,0.0,0.0006018054162487463,0.06939405617111807,0.0,4985,1.0,0.012289556375229964
JAG1,NOTCH1,"CAFs, Invasive Associated",Myoepithelial Cells,recompute,recompute,recompute,0.7941469661104033,0.46013374214009517,0.6198216015396206,0.00838985805983649,0.17955576343167495,0.0,0.004962673905666779,0.17241150262813734,0.0,1684,1.0,0.012269711926179531
CXCL12,CXCR4,Pericytes,Myoepithelial Cells,recompute,recompute,recompute,0.7487535481622718,0.46000374398572297,0.7204611100467462,0.06372880775749876,0.021502591154489905,0.0,0.001457543830425186,0.17510301019386545,0.0,2183,1.0,0.012262799125152709
TGFB1,TGFBR2,Macrophages,Luminal-like Amorphous DCIS Cells,recompute,recompute,recompute,0.9033788194414196,0.25153574142392743,0.24613745147074395,0.3718323084156244,0.01630369297954023,0.0,0.004752851711026615,1.0,0.0,263,1.0,0.01225688532084848
CSF1,CSF1R,Endothelial Cells,11q13 Invasive Tumor Cells (Mitotic),recompute,recompute,recompute,0.9530510539284376,0.6556237992935476,0.6198216015396206,0.3300653030175087,0.0026430507474118963,0.0,0.0,0.0,0.0,407,1.0,0.01224966199992833
CSF1,CSF1R,11q13 Invasive Tumor Cells,11q13 Invasive Tumor Cells (Mitotic),recompute,recompute,recompute,0.6329636802303048,0.6556237992935476,0.8824495942126559,0.3435917185259688,0.0026430507474118963,0.0,0.00020925755419770654,0.08458925560334872,0.0,11947,1.0,0.012217402411269963
CXCL12,CXCR4,CXCL14+ Fibroblasts,Macrophages,recompute,recompute,recompute,0.7487535481622718,0.7757991160529997,0.8875000050982297,0.013109255449725675,0.04917092614889038,0.0,0.005139172625127684,0.23191788160635615,0.0,1424,1.0,0.012215855816721917
TGFB1,TGFBR2,Myeloid Cells,Macrophages,recompute,recompute,recompute,0.744134323411945,0.8911579433306727,0.7827641335561659,0.013941536844336442,0.04575875759819427,0.0,0.0030864197530864196,0.30902727804465946,0.0,162,1.0,0.012208726718640624
DLL4,NOTCH3,"CAFs, DCIS Associated",11q13 Invasive Tumor Cells (Mitotic),recompute,recompute,recompute,0.7160288858520609,0.6580560501976399,0.6198216015396206,0.018679344959851515,0.06060662711593698,0.0,0.001430615164520744,0.04050694557668961,0.0,233,1.0,0.012205541071671084
DLL4,NOTCH3,11q13 Invasive Tumor Cells (G1/S),11q13 Invasive Tumor Cells,recompute,recompute,recompute,0.6342079770588467,0.6580560501976399,0.8824495942126559,0.0008958753988410421,1.0,0.0,0.0006892748828232698,0.03747269274384419,0.0,12090,1.0,0.012201301604631965
JAG1,NOTCH1,Pericytes,Luminal-like Amorphous DCIS Cells,recompute,recompute,recompute,0.6303682835571691,0.46013374214009517,0.24613745147074395,0.03425584686464733,0.13474796491837557,0.0,0.0025817555938037863,0.14902457810716896,0.0,1909,1.0,0.01219884955332379
JAG1,NOTCH1,Endothelial Cells,11q13 Invasive Tumor Cells (G1/S),recompute,recompute,recompute,0.6303682835571691,0.6655462707198134,0.6198216015396206,0.029179138324176478,0.043382027682688826,0.0,0.00412087912087912,0.20063621483264288,0.0,312,1.0,0.012196549495363434
CXCL12,CXCR4,Basal-like Structured DCIS Cells,Dendritic Cells,recompute,recompute,recompute,0.6160088550075702,0.9008184599638702,0.8693461273411047,0.0021291294377375697,0.3180524283074206,0.0,0.0023075583420411002,0.03206724769140176,0.0,1044,1.0,0.012181103533056896
CSF1,CSF1R,11q13 Invasive Tumor Cells,Luminal-like Amorphous DCIS Cells,recompute,recompute,recompute,0.6329636802303048,0.46381415478966415,0.24613745147074395,0.3435917185259688,0.013082994902830098,0.0,0.0,0.0,0.0,184,1.0,0.012169566862536571
CSF1,CSF1R,Basal-like Structured DCIS Cells,Luminal-like Amorphous DCIS Cells,recompute,recompute,recompute,0.6329636802303048,0.46381415478966415,0.24613745147074395,0.3430671774934166,0.013082994902830098,0.0,0.0019954389965792475,0.37521244607138227,0.0,877,1.0,0.012166468465546091
CSF1,CSF1R,11q13 Invasive Tumor Cells (Mitotic),T Lymphocytes,recompute,recompute,recompute,0.6329636802303048,0.7744570596502125,0.7917001487310438,0.03853853776662391,0.02165809680677239,0.0,0.0015060240963855422,0.17365932229569458,0.0,83,1.0,0.012163973138373207
TGFB1,TGFBR2,Mast Cells,11q13 Invasive Tumor Cells,recompute,recompute,recompute,0.830274180208954,0.628133940116149,0.6198216015396206,0.03572830522875711,0.02792871411289051,0.0,0.0010683760683760683,0.3952501326592887,0.0,78,1.0,0.012155346935188386
CSF1,CSF1R,Pericytes,Myeloid Cells,recompute,recompute,recompute,0.9330656492219304,0.7471243099617693,0.7827641335561659,0.297542793801235,0.00197514773301428,0.0,0.0011867088607594937,0.21639325516018879,0.0,316,1.0,0.012143611727637905
DLL4,NOTCH3,11q13 Invasive Tumor Cells (Mitotic),Luminal-like Amorphous DCIS Cells,recompute,recompute,recompute,0.6342079770588467,0.4638256179742202,0.24613745147074395,0.008557082379913908,0.5131068416842878,0.0,0.0075973409306742635,0.17259040280100205,0.0,351,1.0,0.012125966572287955
DLL4,NOTCH3,Endothelial Cells,B Cells,recompute,recompute,recompute,0.9184503888425789,0.7746834992804791,0.6198216015396206,1.0,0.0007179840585900947,0.0,0.0021156558533145273,1.0,0.0,1418,1.0,0.012117915822504722
CSF1,CSF1R,Endothelial Cells,Mast Cells,recompute,recompute,recompute,0.9530510539284376,0.8388327345645936,0.8567148457705164,0.3300653030175087,0.0013954866575133426,0.0,0.0,0.0,0.0,225,1.0,0.012110426039793596
TGFB1,TGFBR2,11q13 Invasive Tumor Cells (G1/S),Myoepithelial Cells,recompute,recompute,recompute,0.6618992459738668,0.7241065161359392,0.6198216015396206,0.02290427933852047,0.046291861436256077,0.0,0.0014716703458425313,0.10772224600282539,0.0,453,1.0,0.01210729445646605
TGFB1,TGFBR2,Plasma Cells,11q13 Invasive Tumor Cells,recompute,recompute,recompute,0.4625524716153596,0.628133940116149,0.6198216015396206,0.06220829473112404,0.02792871411289051,0.0,0.0022522522522522522,0.8332300093898519,0.0,148,1.0,0.01209381283939494
JAG1,NOTCH1,T Lymphocytes,11q13 Invasive Tumor Cells,recompute,recompute,recompute,0.8630183004227985,0.6655462707198134,0.7917001487310438,0.0006856224272495787,1.0,0.0,0.000551808706315144,0.02331772257572096,0.0,1165,1.0,0.012086718091045442
DLL4,NOTCH3,CXCL14+ Fibroblasts,Pericytes,recompute,recompute,recompute,0.9184503888425789,0.8818326005152037,0.9429656149619918,0.0004696576149175879,0.8672894033034337,0.0,0.00041433602651750565,0.004338471884500041,0.0,3218,1.0,0.012082275398327081
CSF1,CSF1R,11q13 Invasive Tumor Cells (Mitotic),"CAFs, DCIS Associated",recompute,recompute,recompute,0.6329636802303048,0.46381415478966415,0.6198216015396206,0.03853853776662391,0.044315367430461515,0.0,0.0,0.0,0.0,157,1.0,0.012080174830485103
TGFB1,TGFBR2,11q13 Invasive Tumor Cells,Myeloid Cells,recompute,recompute,recompute,0.6618992459738668,0.7821407762924618,0.6198216015396206,0.9884381288839681,0.0009726234029574384,0.0,0.0,0.0,0.0,756,1.0,0.012065362351841254
TGFB1,TGFBR2,Myeloid Cells,"CAFs, Invasive Associated",recompute,recompute,recompute,0.744134323411945,0.628133940116149,0.6198216015396206,0.013941536844336442,0.07630971198036683,0.0,0.0078125,0.46691077306038553,0.0,160,1.0,0.012063598087813262
CSF1,CSF1R,B Cells,11q13 Invasive Tumor Cells,recompute,recompute,recompute,0.6329636802303048,0.6556237992935476,0.7917001487310438,0.034822583417649544,0.026828838353614524,0.0,0.0007841907151819323,0.36500749381905606,0.0,797,1.0,0.012055250288402902
TGFB1,TGFBR2,Endothelial Cells,Myeloid Cells,recompute,recompute,recompute,0.8649048900453102,0.7821407762924618,0.7827641335561659,0.5918084951805068,0.0009726234029574384,0.0,0.0016920473773265653,0.5554517982364083,0.0,394,1.0,0.012041181413754242
TGFB1,TGFBR2,Basal-like Structured DCIS Cells,Mast Cells,recompute,recompute,recompute,0.7806633527749638,0.860445251677117,0.6198216015396206,0.14371478860647843,0.005044198536350481,0.0,0.0,0.0,0.0,18,1.0,0.012021483018046935
CXCL12,CXCR4,"CAFs, Invasive Associated","CAFs, DCIS Associated",recompute,recompute,recompute,0.6160088550075702,0.46000374398572297,0.6198216015396206,0.05480638574296996,0.0310998965832685,0.0,0.005359719645433933,1.0,0.0,1323,1.0,0.012005149240044127
TGFB1,TGFBR2,Endothelial Cells,11q13 Invasive Tumor Cells (Mitotic),recompute,recompute,recompute,0.8649048900453102,0.628133940116149,0.6198216015396206,0.5918084951805068,0.0014987600472605432,0.0,0.0016380016380016379,0.6100990413797719,0.0,407,1.0,0.012000534538469878
CSF1,CSF1R,Pericytes,11q13 Invasive Tumor Cells (Mitotic),recompute,recompute,recompute,0.9330656492219304,0.6556237992935476,0.6198216015396206,0.297542793801235,0.0026430507474118963,0.0,0.00157035175879397,0.6347913547067884,0.0,398,1.0,0.011997249910933852
CSF1,CSF1R,Basal-like Structured DCIS Cells,11q13 Invasive Tumor Cells (Mitotic),recompute,recompute,recompute,0.6329636802303048,0.6556237992935476,0.7917001487310438,0.3430671774934166,0.0026430507474118963,0.0,0.00078125,0.3158086989666272,0.0,1280,1.0,0.011995363936950418
JAG1,NOTCH1,11q13 Invasive Tumor Cells (Mitotic),Macrophages,recompute,recompute,recompute,0.7941469661104033,0.7728785963662539,0.6198216015396206,0.05263539325963273,0.014834469652737872,0.0,0.0006934812760055478,0.13882923918953513,0.0,103,1.0,0.011989604570929076
JAG1,NOTCH1,11q13 Invasive Tumor Cells (Mitotic),"CAFs, DCIS Associated",recompute,recompute,recompute,0.7941469661104033,0.46013374214009517,0.6198216015396206,0.05263539325963273,0.024824385714313182,0.0,0.007279344858962693,1.0,0.0,157,1.0,0.011982149174048357
JAG1,NOTCH1,"CAFs, DCIS Associated",T Lymphocytes,recompute,recompute,recompute,0.6303682835571691,0.8647171432637394,0.6198216015396206,0.010161058057093355,0.08474527904749042,0.0,0.001089525779287929,0.01900281603482703,0.0,11604,1.0,0.011948086164050041
DLL4,NOTCH3,Myoepithelial Cells,Luminal-like Amorphous DCIS Cells,recompute,recompute,recompute,0.7160288858520609,0.4638256179742202,0.24613745147074395,0.0069047442087267884,0.5131068416842878,0.0,0.002080083203328134,0.04725369062648343,0.0,12820,1.0,0.011939051918738374
TGFB1,TGFBR2,CXCL14+ Fibroblasts,"CAFs, Invasive Associated",recompute,recompute,recompute,0.8649048900453102,0.628133940116149,0.6198216015396206,0.011170777497016586,0.07630971198036683,0.0,0.0007032348804500703,0.04202853653426818,0.0,1422,1.0,0.011921342539826579
TGFB1,TGFBR2,"CAFs, Invasive Associated",Myeloid Cells,recompute,recompute,recompute,0.6618992459738668,0.7821407762924618,0.6198216015396206,0.9188457246466148,0.0009726234029574384,0.0,0.0005827505827505828,0.1913007067352665,0.0,143,1.0,0.011919440980978515
DLL4,NOTCH3,Endothelial Cells,Plasma Cells,recompute,recompute,recompute,0.9184503888425789,0.4638256179742202,0.7204611100467462,1.0,0.0009249287638231187,0.0,0.0066807313642756674,1.0,0.0,474,1.0,0.011899325111747997
JAG1,NOTCH1,11q13 Invasive Tumor Cells,CXCL14+ Fibroblasts,recompute,recompute,recompute,0.7941469661104033,0.7728785963662539,0.6198216015396206,1.0,0.0007383002999486475,0.0,0.0006001170960187354,0.09769348074723612,0.0,4880,1.0,0.011878263900924039
DLL4,NOTCH3,Dendritic Cells,Basal-like Structured DCIS Cells,recompute,recompute,recompute,0.6342079770588467,0.7746834992804791,0.8693461273411047,0.0028649117803088656,0.2295016807597237,0.0,0.00013386880856760375,0.0066547033817871085,0.0,1245,1.0,0.01187794292958359
CSF1,CSF1R,B Cells,"CAFs, DCIS Associated",recompute,recompute,recompute,0.6329636802303048,0.46381415478966415,0.6198216015396206,0.034822583417649544,0.044315367430461515,0.0,0.000611695620259359,0.08417134511314983,0.0,4087,1.0,0.011877750018959854
JAG1,NOTCH1,Endothelial Cells,Luminal-like Amorphous DCIS Cells,recompute,recompute,recompute,0.6303682835571691,0.46013374214009517,0.24613745147074395,0.029179138324176478,0.13474796491837557,0.0,0.0013425129087779695,0.0774927806157279,0.0,2075,1.0,0.011877047808619881
TGFB1,TGFBR2,Dendritic Cells,Myeloid Cells,recompute,recompute,recompute,0.7806633527749638,0.7821407762924618,0.6198216015396206,0.7613650405309432,0.0009726234029574384,0.0,0.003105590062111801,1.0,0.0,161,1.0,0.01187388743153912
DLL4,NOTCH3,Myeloid Cells,Basal-like Structured DCIS Cells,recompute,recompute,recompute,0.7840818683779507,0.7746834992804791,0.6198216015396206,0.0032417203409647417,0.2295016807597237,0.0,0.005144032921810699,0.2557131392075601,0.0,162,1.0,0.011872783166151965
JAG1,NOTCH1,Basal-like Structured DCIS Cells,Macrophages,recompute,recompute,recompute,0.9097736029185509,0.7728785963662539,0.6198216015396206,0.04309654638185767,0.014834469652737872,0.0,0.0012030075187969924,0.24083219598353042,0.0,475,1.0,0.011862358290192101
TGFB1,TGFBR2,Myeloid Cells,Basal-like Structured DCIS Cells,recompute,recompute,recompute,0.744134323411945,0.628133940116149,0.6198216015396206,0.013941536844336442,0.06897244404348622,0.0,0.0030864197530864196,0.20707741416266953,0.0,162,1.0,0.011862043007492162
CSF1,CSF1R,Pericytes,Mast Cells,recompute,recompute,recompute,0.9330656492219304,0.8388327345645936,0.8567148457705164,0.297542793801235,0.0013954866575133426,0.0,0.0022222222222222222,0.09664024160060415,0.0,225,1.0,0.01186088299645613
JAG1,NOTCH1,Basal-like Structured DCIS Cells,"CAFs, DCIS Associated",recompute,recompute,recompute,0.9097736029185509,0.46013374214009517,0.6198216015396206,0.04309654638185767,0.024824385714313182,0.0,0.0013392857142857143,0.19259813917919966,0.0,800,1.0,0.011854982017816198
TGFB1,TGFBR2,B Cells,B Cells,recompute,recompute,recompute,0.7806633527749638,0.628133940116149,1.0,0.05675679989781828,0.009895229901992758,0.0,0.0010578279266572634,0.22293092990398408,0.0,1418,1.0,0.01183931918325503
CSF1,CSF1R,"CAFs, Invasive Associated",Myoepithelial Cells,recompute,recompute,recompute,0.6329636802303048,0.46381415478966415,0.6198216015396206,0.1523572567652539,0.00992063151970032,0.0,0.0007422802850356294,0.11093003680003277,0.0,1684,1.0,0.011836739094388041
DLL4,NOTCH3,T Lymphocytes,Luminal-like Amorphous DCIS Cells,recompute,recompute,recompute,0.6342079770588467,0.4638256179742202,0.24613745147074395,0.007392968575375538,0.5131068416842878,0.0,0.0008703220191470844,0.019771289615911136,0.0,383,1.0,0.011834009253335654
CSF1,CSF1R,Endothelial Cells,B Cells,recompute,recompute,recompute,0.9530510539284376,0.7744570596502125,0.6198216015396206,0.3300653030175087,0.0017943776934449295,0.0,0.0009696755994358251,0.25018645832564135,0.0,1418,1.0,0.01180726744116409
DLL4,NOTCH3,11q13 Invasive Tumor Cells (G1/S),Pericytes,recompute,recompute,recompute,0.6342079770588467,0.8818326005152037,0.6198216015396206,0.0008958753988410421,0.8672894033034337,0.0,0.0004830917874396135,0.005058406711710556,0.0,345,1.0,0.011795513359007054
DLL4,NOTCH3,Macrophages,Endothelial Cells,recompute,recompute,recompute,0.8949858186325867,0.8818326005152037,0.8875000050982297,0.0018955660656360717,0.19937237225527835,0.0,0.001911589008363202,0.07082289201007878,0.0,2790,1.0,0.011761502799090894
CSF1,CSF1R,Endothelial Cells,CXCL14+ Fibroblasts,recompute,recompute,recompute,0.9530510539284376,0.8901135829200775,0.9429656149619918,0.3300653030175087,0.0010015918709323055,0.0,0.0003897116134060795,0.445973838827964,0.0,2566,1.0,0.011759587276978277
DLL4,NOTCH3,Mast Cells,Pericytes,recompute,recompute,recompute,0.8516956437178343,0.8818326005152037,0.8567148457705164,0.00047235258648800887,0.8672894033034337,0.0,0.014344262295081968,0.15019736322271712,0.0,244,1.0,0.011753243581934754
CSF1,CSF1R,Basal-like Structured DCIS Cells,B Cells,recompute,recompute,recompute,0.6329636802303048,0.7744570596502125,0.8693461273411047,0.3430671774934166,0.0017943776934449295,0.0,0.000925925925925926,0.23889858444832288,0.0,270,1.0,0.011743856156519735
TGFB1,TGFBR2,CXCL14+ Fibroblasts,Basal-like Structured DCIS Cells,recompute,recompute,recompute,0.8649048900453102,0.628133940116149,0.6198216015396206,0.011170777497016586,0.06897244404348622,0.0,6.256256256256256e-05,0.004197515151946004,0.0,1332,1.0,0.01172216422373385
CSF1,CSF1R,Myoepithelial Cells,Luminal-like Amorphous DCIS Cells,recompute,recompute,recompute,0.7181940594497765,0.46381415478966415,0.24613745147074395,0.241712611075796,0.013082994902830098,0.0,0.00037051482059282374,0.06966976809546961,0.0,12820,1.0,0.01172092072489952
CXCL12,CXCR4,CXCL14+ Fibroblasts,B Cells,recompute,recompute,recompute,0.7487535481622718,0.9546923450729715,0.6198216015396206,0.013109255449725675,0.04457454658784243,0.0,0.0030456269394322486,0.11279530779225473,0.0,791,1.0,0.011718060646755424
CXCL12,CXCR4,Endothelial Cells,"CAFs, Invasive Associated",recompute,recompute,recompute,0.7487535481622718,0.6632137581773894,0.6198216015396206,0.10272295574815776,0.008007263802792432,0.0,0.0016033882922402063,0.3872998145212944,0.0,3005,1.0,0.011674417739486903
TGFB1,TGFBR2,Myeloid Cells,Myoepithelial Cells,recompute,recompute,recompute,0.744134323411945,0.7241065161359392,0.7204611100467462,0.013941536844336442,0.046291861436256077,0.0,0.000980392156862745,0.07176202564599986,0.0,85,1.0,0.011654134044882577
TGFB1,TGFBR2,Basal-like Structured DCIS Cells,Plasma Cells,recompute,recompute,recompute,0.7806633527749638,0.7241065161359392,0.6198216015396206,0.14371478860647843,0.004952137174709604,0.0,0.002109704641350211,0.29077842895881845,0.0,79,1.0,0.011644960008039988
CSF1,CSF1R,Dendritic Cells,Myoepithelial Cells,recompute,recompute,recompute,0.6329636802303048,0.46381415478966415,0.6198216015396206,0.13793660188765483,0.00992063151970032,0.0,0.002921388101983003,0.4365866859101573,0.0,1412,1.0,0.01164219328487996
TGFB1,TGFBR2,Macrophages,11q13 Invasive Tumor Cells (G1/S),recompute,recompute,recompute,0.9033788194414196,0.628133940116149,0.6198216015396206,0.3718323084156244,0.0018417017418815348,0.0,0.0012919896640826872,0.22251602043101643,0.0,129,1.0,0.011577806325790512
CXCL12,CXCR4,Dendritic Cells,11q13 Invasive Tumor Cells,recompute,recompute,recompute,0.6160088550075702,0.6632137581773894,0.7917001487310438,0.014925651776972337,0.04976777849846808,0.0,0.0003110957483581057,0.10631556374149152,0.0,3945,1.0,0.01157303307745926
CSF1,CSF1R,Mast Cells,Luminal-like Amorphous DCIS Cells,recompute,recompute,recompute,0.8552373118926793,0.46381415478966415,0.24613745147074395,0.1878690989799276,0.013082994902830098,0.0,0.006097560975609756,1.0,0.0,41,1.0,0.011570759716730699
CSF1,CSF1R,11q13 Invasive Tumor Cells,B Cells,recompute,recompute,recompute,0.6329636802303048,0.7744570596502125,0.7917001487310438,0.3435917185259688,0.0017943776934449295,0.0,0.0002192982456140351,0.056581243685129096,0.0,570,1.0,0.011565097809450569
CSF1,CSF1R,Pericytes,B Cells,recompute,recompute,recompute,0.9330656492219304,0.7744570596502125,0.6198216015396206,0.297542793801235,0.0017943776934449295,0.0,0.00047036688617121356,0.12135958193988179,0.0,1063,1.0,0.01156397117387458
DLL4,NOTCH3,Pericytes,T Lymphocytes,recompute,recompute,recompute,0.9184503888425789,0.7746834992804791,0.6198216015396206,0.11694486957515715,0.0046263543438723525,0.0,0.0013048278630934454,0.7113009871883661,0.0,3321,1.0,0.01155964852417904
JAG1,NOTCH1,"CAFs, Invasive Associated",Dendritic Cells,recompute,recompute,recompute,0.7941469661104033,0.8647171432637394,0.7917001487310438,0.00838985805983649,0.05197941571611153,0.0,0.0036951077994258853,0.1689902977302567,0.0,2339,1.0,0.011547475517015748
DLL4,NOTCH3,11q13 Invasive Tumor Cells,Dendritic Cells,recompute,recompute,recompute,0.6342079770588467,0.7746834992804791,0.7917001487310438,0.06734007498340545,0.009044464882971325,0.0,0.000744047619047619,0.08450215849345116,0.0,3360,1.0,0.011545931092660717
TGFB1,TGFBR2,11q13 Invasive Tumor Cells (G1/S),11q13 Invasive Tumor Cells,recompute,recompute,recompute,0.6618992459738668,0.628133940116149,0.8824495942126559,0.02290427933852047,0.02792871411289051,0.0,0.0001792114695340502,0.06630002225252586,0.0,12090,1.0,0.011527903482497708
CXCL12,CXCR4,Dendritic Cells,Basal-like Structured DCIS Cells,recompute,recompute,recompute,0.6160088550075702,0.8628183098412396,0.8693461273411047,0.014925651776972337,0.03391524182236365,0.0,0.0011317999269806495,0.08647212663200944,0.0,1245,1.0,0.011521383032402702
CSF1,CSF1R,Pericytes,CXCL14+ Fibroblasts,recompute,recompute,recompute,0.9330656492219304,0.8901135829200775,0.9429656149619918,0.297542793801235,0.0010015918709323055,0.0,0.0002950101146325017,0.3376003916481747,0.0,2966,1.0,0.011517273489845839
TGFB1,TGFBR2,CXCL14+ Fibroblasts,Myoepithelial Cells,recompute,recompute,recompute,0.8649048900453102,0.7241065161359392,0.7204611100467462,0.011170777497016586,0.046291861436256077,0.0,0.0003980891719745223,0.029139039076003126,0.0,1884,1.0,0.011516706951174962
JAG1,NOTCH1,Luminal-like Amorphous DCIS Cells,11q13 Invasive Tumor Cells (G1/S),recompute,recompute,recompute,0.24513582144484414,0.6655462707198134,0.24613745147074395,0.13275554617509155,0.043382027682688826,0.0,0.0,0.0,0.0,26,1.0,0.011499728084086029
DLL4,NOTCH3,"CAFs, DCIS Associated",Myoepithelial Cells,recompute,recompute,recompute,0.7160288858520609,0.4638256179742202,0.8293805866303694,0.018679344959851515,0.04464016629523392,0.0,0.0005384485949856975,0.04872872302076387,0.0,9905,1.0,0.01148650280151544
JAG1,NOTCH1,"CAFs, DCIS Associated",11q13 Invasive Tumor Cells (Mitotic),recompute,recompute,recompute,0.6303682835571691,0.6655462707198134,0.6198216015396206,0.010161058057093355,0.08666944020865194,0.0,0.001226241569589209,0.014702532516803627,0.0,233,1.0,0.011480852120652085
CXCL12,CXCR4,Endothelial Cells,Mast Cells,recompute,recompute,recompute,0.7487535481622718,0.7757991160529997,0.8567148457705164,0.10272295574815776,0.004443041812720275,0.0,0.00909090909090909,0.33982830770286376,0.0,225,1.0,0.011465127843016135
TGFB1,TGFBR2,Myoepithelial Cells,B Cells,recompute,recompute,recompute,0.4625524716153596,0.628133940116149,0.6198216015396206,0.12701346030887714,0.009895229901992758,0.0,0.0010575296108291032,0.22286806162143932,0.0,394,1.0,0.011458453796545413
TGFB1,TGFBR2,Pericytes,Luminal-like Amorphous DCIS Cells,recompute,recompute,recompute,0.8649048900453102,0.25153574142392743,0.24613745147074395,0.25809749975310686,0.01630369297954023,0.0,0.0004801815959490134,0.10160006794737729,0.0,1909,1.0,0.011449925058645418
CXCL12,CXCR4,11q13 Invasive Tumor Cells,B Cells,recompute,recompute,recompute,0.6160088550075702,0.9546923450729715,0.7917001487310438,0.010634001710228292,0.04457454658784243,0.0,0.00047846889952153106,0.017720176457531978,0.0,570,1.0,0.011410356603948213
JAG1,NOTCH1,T Lymphocytes,Basal-like Structured DCIS Cells,recompute,recompute,recompute,0.8630183004227985,0.9232588887953476,0.8693461273411047,0.0006856224272495787,0.46352883193182237,0.0,0.001259934095754991,0.028709988128716155,0.0,737,1.0,0.011405580449355317
JAG1,NOTCH1,Pericytes,Macrophages,recompute,recompute,recompute,0.6303682835571691,0.7728785963662539,0.8875000050982297,0.03425584686464733,0.014834469652737872,0.0,0.003058823529411765,0.6123512747875355,0.0,2125,1.0,0.011401977895748592
CXCL12,CXCR4,Mast Cells,Dendritic Cells,recompute,recompute,recompute,0.7487535481622718,0.9008184599638702,0.6198216015396206,0.001641777062288553,0.3180524283074206,0.0,0.006172839506172839,0.08578156824785882,0.0,162,1.0,0.011389633317196122
CXCL12,CXCR4,Dendritic Cells,Macrophages,recompute,recompute,recompute,0.6160088550075702,0.7757991160529997,0.6198216015396206,0.014925651776972337,0.04917092614889038,0.0,0.005817513778322109,0.2625297047013928,0.0,1633,1.0,0.01138170974213748
DLL4,NOTCH3,11q13 Invasive Tumor Cells (Mitotic),11q13 Invasive Tumor Cells (Mitotic),recompute,recompute,recompute,0.6342079770588467,0.6580560501976399,1.0,0.008557082379913908,0.06060662711593698,0.0,0.003221649484536082,0.09121892705575396,0.0,1552,1.0,0.011373396208008077
TGFB1,TGFBR2,Myoepithelial Cells,CXCL14+ Fibroblasts,recompute,recompute,recompute,0.4625524716153596,0.9417110959059584,0.7204611100467462,0.12701346030887714,0.005427302044598217,0.0,0.000270914607715648,0.07209841232103091,0.0,1538,1.0,0.011372448316274479
CXCL12,CXCR4,11q13 Invasive Tumor Cells,11q13 Invasive Tumor Cells,recompute,recompute,recompute,0.6160088550075702,0.6632137581773894,1.0,0.010634001710228292,0.04976777849846808,0.0,6.983665731506308e-05,0.023866361502715264,0.0,423716,1.0,0.011371410288999998
CXCL12,CXCR4,T Lymphocytes,Endothelial Cells,recompute,recompute,recompute,0.6160088550075702,0.7757991160529997,0.6198216015396206,0.025575340320379867,0.027958038284341596,0.0,0.0015348535692495439,0.21523035565908344,0.0,4768,1.0,0.011332400140542659
CXCL12,CXCR4,"CAFs, Invasive Associated",Myoepithelial Cells,recompute,recompute,recompute,0.6160088550075702,0.46000374398572297,0.6198216015396206,0.05480638574296996,0.021502591154489905,0.0,0.0010796804145972788,0.12970813412053214,0.0,1684,1.0,0.011289019306390391
CSF1,CSF1R,Endothelial Cells,Plasma Cells,recompute,recompute,recompute,0.9530510539284376,0.46381415478966415,0.7204611100467462,0.3300653030175087,0.0019498903447556172,0.0,0.0023734177215189874,0.21346134265695973,0.0,474,1.0,0.01127060350018069
DLL4,NOTCH3,Myeloid Cells,"CAFs, Invasive Associated",recompute,recompute,recompute,0.7840818683779507,0.6580560501976399,0.6198216015396206,0.0032417203409647417,0.1973932010691654,0.0,0.004166666666666667,0.07457385795218432,0.0,160,1.0,0.011267650140024234
CXCL12,CXCR4,Endothelial Cells,11q13 Invasive Tumor Cells (Mitotic),recompute,recompute,recompute,0.7487535481622718,0.6632137581773894,0.6198216015396206,0.10272295574815776,0.006423079245780309,0.0,0.0014518650882287243,0.19527542183942237,0.0,407,1.0,0.011253262309924371
CXCL12,CXCR4,CXCL14+ Fibroblasts,11q13 Invasive Tumor Cells,recompute,recompute,recompute,0.7487535481622718,0.6632137581773894,0.6198216015396206,0.013109255449725675,0.04976777849846808,0.0,0.00014397005422872038,0.049201114312884514,0.0,5683,1.0,0.011232186553678759
CXCL12,CXCR4,CXCL14+ Fibroblasts,Endothelial Cells,recompute,recompute,recompute,0.7487535481622718,0.7757991160529997,0.9429656149619918,0.013109255449725675,0.027958038284341596,0.0,0.0009225092250922506,0.12936217017267074,0.0,2710,1.0,0.011231683988404996
TGFB1,TGFBR2,Macrophages,Myeloid Cells,recompute,recompute,recompute,0.9033788194414196,0.7821407762924618,0.7827641335561659,0.3718323084156244,0.0009726234029574384,0.0,0.002793296089385475,0.9169609294908305,0.0,179,1.0,0.011224844847332272
JAG1,NOTCH1,T Lymphocytes,Endothelial Cells,recompute,recompute,recompute,0.8630183004227985,0.7728785963662539,0.6198216015396206,0.0006856224272495787,0.7025747778867708,0.0,0.0017527564717162033,0.02491609339767104,0.0,4768,1.0,0.011216662527443577
CSF1,CSF1R,11q13 Invasive Tumor Cells,Myeloid Cells,recompute,recompute,recompute,0.6329636802303048,0.7471243099617693,0.6198216015396206,0.3435917185259688,0.00197514773301428,0.0,0.0,0.0,0.0,756,1.0,0.011214514538148736
CSF1,CSF1R,Basal-like Structured DCIS Cells,Myeloid Cells,recompute,recompute,recompute,0.6329636802303048,0.7471243099617693,0.6198216015396206,0.3430671774934166,0.00197514773301428,0.0,0.0,0.0,0.0,129,1.0,0.011211659299462988
DLL4,NOTCH3,Dendritic Cells,Endothelial Cells,recompute,recompute,recompute,0.6342079770588467,0.8818326005152037,0.6198216015396206,0.0028649117803088656,0.19937237225527835,0.0,0.0036968576709796672,0.13696571306015698,0.0,2164,1.0,0.011205822115693811
DLL4,NOTCH3,"CAFs, DCIS Associated",11q13 Invasive Tumor Cells (G1/S),recompute,recompute,recompute,0.7160288858520609,0.6580560501976399,0.6198216015396206,0.018679344959851515,0.0362497659817488,0.0,0.0,0.0,0.0,135,1.0,0.011203521703270243
DLL4,NOTCH3,Basal-like Structured DCIS Cells,Luminal-like Amorphous DCIS Cells,recompute,recompute,recompute,0.6342079770588467,0.4638256179742202,0.24613745147074395,0.0053032910137447145,0.5131068416842878,0.0,0.002280501710376283,0.051806640293459286,0.0,877,1.0,0.011196605492365265
DLL4,NOTCH3,"CAFs, Invasive Associated",Basal-like Structured DCIS Cells,recompute,recompute,recompute,0.6342079770588467,0.7746834992804791,0.7917001487310438,0.002196330917593002,0.2295016807597237,0.0,0.000851920693928129,0.04234951803604761,0.0,2152,1.0,0.011187517612639317
TGFB1,TGFBR2,Macrophages,11q13 Invasive Tumor Cells (Mitotic),recompute,recompute,recompute,0.9033788194414196,0.628133940116149,0.6198216015396206,0.3718323084156244,0.0014987600472605432,0.0,0.0006459948320413436,0.24061076535035575,0.0,129,1.0,0.01118695364273048
JAG1,NOTCH1,"CAFs, DCIS Associated","CAFs, Invasive Associated",recompute,recompute,recompute,0.6303682835571691,0.6655462707198134,0.6198216015396206,0.010161058057093355,0.07272217354205764,0.0,0.0014516266757749127,0.04063709681221722,0.0,1673,1.0,0.011149984607640535
CSF1,CSF1R,T Lymphocytes,Luminal-like Amorphous DCIS Cells,recompute,recompute,recompute,0.6329636802303048,0.46381415478966415,0.24613745147074395,0.2016933258290928,0.013082994902830098,0.0,0.0013054830287206266,0.24547654994748397,0.0,383,1.0,0.011135676245303235
CXCL12,CXCR4,Myoepithelial Cells,Macrophages,recompute,recompute,recompute,0.8023917560710954,0.7757991160529997,0.7204611100467462,0.008536715800078514,0.04917092614889038,0.0,0.0011536686663590218,0.052062153325890065,0.0,591,1.0,0.01111196891622678
CSF1,CSF1R,Mast Cells,Mast Cells,recompute,recompute,recompute,0.8552373118926793,0.8388327345645936,1.0,0.1878690989799276,0.0013954866575133426,0.0,0.0,0.0,0.0,14,1.0,0.011110263695219226
JAG1,NOTCH1,Endothelial Cells,Macrophages,recompute,recompute,recompute,0.6303682835571691,0.7728785963662539,0.8875000050982297,0.029179138324176478,0.014834469652737872,0.0,0.0023487151146725617,0.470193419382739,0.0,2585,1.0,0.011101197370184394
DLL4,NOTCH3,Macrophages,Basal-like Structured DCIS Cells,recompute,recompute,recompute,0.8949858186325867,0.7746834992804791,0.6198216015396206,0.0018955660656360717,0.2295016807597237,0.0,0.0002805836139169472,0.013947989411321462,0.0,594,1.0,0.011099132818357647
DLL4,NOTCH3,Dendritic Cells,"CAFs, Invasive Associated",recompute,recompute,recompute,0.6342079770588467,0.6580560501976399,0.7917001487310438,0.0028649117803088656,0.1973932010691654,0.0,0.002260844990815317,0.04046398396727254,0.0,2359,1.0,0.0110981362480666
CSF1,CSF1R,Myoepithelial Cells,11q13 Invasive Tumor Cells (Mitotic),recompute,recompute,recompute,0.7181940594497765,0.6556237992935476,0.6198216015396206,0.241712611075796,0.0026430507474118963,0.0,0.0015174506828528073,0.6134068811491393,0.0,659,1.0,0.011094173492477542
CSF1,CSF1R,Mast Cells,Myeloid Cells,recompute,recompute,recompute,0.8552373118926793,0.7471243099617693,0.7827641335561659,0.1878690989799276,0.00197514773301428,0.0,0.0,0.0,0.0,23,1.0,0.01108565265606605
CSF1,CSF1R,Myoepithelial Cells,Myeloid Cells,recompute,recompute,recompute,0.7181940594497765,0.7471243099617693,0.7204611100467462,0.241712611075796,0.00197514773301428,0.0,0.0,0.0,0.0,51,1.0,0.011075356761781235
TGFB1,TGFBR2,Myoepithelial Cells,Mast Cells,recompute,recompute,recompute,0.4625524716153596,0.860445251677117,0.7204611100467462,0.12701346030887714,0.005044198536350481,0.0,0.006578947368421052,0.47792875259481543,0.0,38,1.0,0.011066822330863025
JAG1,NOTCH1,11q13 Invasive Tumor Cells (G1/S),Macrophages,recompute,recompute,recompute,0.7941469661104033,0.7728785963662539,0.6198216015396206,0.032311095449028576,0.014834469652737872,0.0,0.004201680672268907,0.8411418609718894,0.0,119,1.0,0.011053093323716012
JAG1,NOTCH1,11q13 Invasive Tumor Cells (G1/S),"CAFs, DCIS Associated",recompute,recompute,recompute,0.7941469661104033,0.46013374214009517,0.6198216015396206,0.032311095449028576,0.024824385714313182,0.0,0.0055658627087198514,0.8004078511343362,0.0,77,1.0,0.011046220269896738
DLL4,NOTCH3,"CAFs, Invasive Associated","CAFs, Invasive Associated",recompute,recompute,recompute,0.6342079770588467,0.6580560501976399,1.0,0.002196330917593002,0.1973932010691654,0.0,0.0021710402114404376,0.03885668264074546,0.0,5297,1.0,0.011038780426098916
CSF1,CSF1R,Pericytes,Plasma Cells,recompute,recompute,recompute,0.9330656492219304,0.46381415478966415,0.7204611100467462,0.297542793801235,0.0019498903447556172,0.0,0.0012690355329949238,0.11413499878104784,0.0,394,1.0,0.011038365535269845
CXCL12,CXCR4,Macrophages,Myoepithelial Cells,recompute,recompute,recompute,0.7487535481622718,0.46000374398572297,0.7204611100467462,0.03388623051970213,0.021502591154489905,0.0,0.0008900190718372536,0.10692304090998835,0.0,715,1.0,0.011037503867133999
CXCL12,CXCR4,Myoepithelial Cells,B Cells,recompute,recompute,recompute,0.8023917560710954,0.9546923450729715,0.6198216015396206,0.008536715800078514,0.04457454658784243,0.0,0.002768804799261652,0.10254315310449977,0.0,394,1.0,0.011036105186711415
JAG1,NOTCH1,"CAFs, DCIS Associated",Dendritic Cells,recompute,recompute,recompute,0.6303682835571691,0.8647171432637394,0.6198216015396206,0.010161058057093355,0.05197941571611153,0.0,0.0006269101167620092,0.028670808277415416,0.0,3646,1.0,0.011013304945240863
CXCL12,CXCR4,CXCL14+ Fibroblasts,Basal-like Structured DCIS Cells,recompute,recompute,recompute,0.7487535481622718,0.8628183098412396,0.6198216015396206,0.013109255449725675,0.03391524182236365,0.0,0.00040950040950040947,0.03128677641873054,0.0,1332,1.0,0.011009047086659044
JAG1,NOTCH1,"CAFs, Invasive Associated",11q13 Invasive Tumor Cells (G1/S),recompute,recompute,recompute,0.7941469661104033,0.6655462707198134,0.9161861017439125,0.00838985805983649,0.043382027682688826,0.0,0.0017080745341614904,0.08316225716251575,0.0,460,1.0,0.010990597963346869
DLL4,NOTCH3,CXCL14+ Fibroblasts,11q13 Invasive Tumor Cells,recompute,recompute,recompute,0.9184503888425789,0.6580560501976399,0.6198216015396206,0.0004696576149175879,1.0,0.0,0.0001759633996128805,0.009566317549317112,0.0,5683,1.0,0.010987426656679495
CSF1,CSF1R,T Lymphocytes,11q13 Invasive Tumor Cells (Mitotic),recompute,recompute,recompute,0.6329636802303048,0.6556237992935476,0.7917001487310438,0.2016933258290928,0.0026430507474118963,0.0,0.002577319587628866,1.0,0.0,97,1.0,0.010979068381653863
TGFB1,TGFBR2,Myoepithelial Cells,Plasma Cells,recompute,recompute,recompute,0.4625524716153596,0.7241065161359392,0.8293805866303694,0.12701346030887714,0.004952137174709604,0.0,0.00228310502283105,0.3146780258595433,0.0,219,1.0,0.010974719916411775
CSF1,CSF1R,Mast Cells,11q13 Invasive Tumor Cells (Mitotic),recompute,recompute,recompute,0.8552373118926793,0.6556237992935476,0.6198216015396206,0.1878690989799276,0.0026430507474118963,0.0,0.0,0.0,0.0,10,1.0,0.01095204197264811
TGFB1,TGFBR2,11q13 Invasive Tumor Cells (Mitotic),B Cells,recompute,recompute,recompute,0.6618992459738668,0.628133940116149,0.7917001487310438,0.05212675997941913,0.009895229901992758,0.0,0.0,0.0,0.0,42,1.0,0.010922331138158155
CSF1,CSF1R,T Lymphocytes,B Cells,recompute,recompute,recompute,0.6329636802303048,0.7744570596502125,0.9318789094584047,0.2016933258290928,0.0017943776934449295,0.0,0.0002994011976047904,0.07724864407311038,0.0,5010,1.0,0.010874031266656283
DLL4,NOTCH3,Mast Cells,11q13 Invasive Tumor Cells,recompute,recompute,recompute,0.8516956437178343,0.6580560501976399,0.6198216015396206,0.00047235258648800887,1.0,0.0,0.0,0.0,0.0,78,1.0,0.010860460887060129
TGFB1,TGFBR2,Luminal-like Amorphous DCIS Cells,11q13 Invasive Tumor Cells,recompute,recompute,recompute,0.4625524716153596,0.628133940116149,0.24613745147074395,0.08160636573734653,0.02792871411289051,0.0,0.002240143369175627,0.8287502781565731,0.0,186,1.0,0.010848283622514056
JAG1,NOTCH1,Myoepithelial Cells,"CAFs, DCIS Associated",recompute,recompute,recompute,0.6303682835571691,0.46013374214009517,0.8293805866303694,0.027254376065765328,0.024824385714313182,0.0,0.0008535302407749261,0.122743290959464,0.0,7197,1.0,0.010845707856747515
DLL4,NOTCH3,Pericytes,Macrophages,recompute,recompute,recompute,0.9184503888425789,0.8923034233058523,0.8875000050982297,0.11694486957515715,0.001891930584070094,0.0,0.0006274509803921569,0.2775822159463469,0.0,2125,1.0,0.010825240593575293
TGFB1,TGFBR2,Pericytes,11q13 Invasive Tumor Cells (G1/S),recompute,recompute,recompute,0.8649048900453102,0.628133940116149,0.6198216015396206,0.25809749975310686,0.0018417017418815348,0.0,0.0004420866489832007,0.07613943404668733,0.0,377,1.0,0.010815554792564182
CXCL12,CXCR4,Macrophages,Pericytes,recompute,recompute,recompute,0.7487535481622718,0.7757991160529997,0.8875000050982297,0.03388623051970213,0.009156953124503932,0.0,0.0011942382597192617,0.3125872592855257,0.0,2474,1.0,0.01081446986479156
TGFB1,TGFBR2,"CAFs, DCIS Associated",11q13 Invasive Tumor Cells (G1/S),recompute,recompute,recompute,0.4625524716153596,0.628133940116149,0.6198216015396206,0.47844300379630145,0.0018417017418815348,0.0,0.0,0.0,0.0,135,1.0,0.010799955813638814
CSF1,CSF1R,11q13 Invasive Tumor Cells,Mast Cells,recompute,recompute,recompute,0.6329636802303048,0.8388327345645936,0.6198216015396206,0.3435917185259688,0.0013954866575133426,0.0,0.0,0.0,0.0,42,1.0,0.01078984977389814
CSF1,CSF1R,Basal-like Structured DCIS Cells,Mast Cells,recompute,recompute,recompute,0.6329636802303048,0.8388327345645936,0.6198216015396206,0.3430671774934166,0.0013954866575133426,0.0,0.027777777777777776,1.0,0.0,18,1.0,0.010787102655743088
CXCL12,CXCR4,Pericytes,"CAFs, Invasive Associated",recompute,recompute,recompute,0.7487535481622718,0.6632137581773894,0.6198216015396206,0.06372880775749876,0.008007263802792432,0.0,0.0014774166314900797,0.3568712520329796,0.0,2369,1.0,0.01078151888884779
CXCL12,CXCR4,11q13 Invasive Tumor Cells,Macrophages,recompute,recompute,recompute,0.6160088550075702,0.7757991160529997,0.6198216015396206,0.010634001710228292,0.04917092614889038,0.0,0.0005383217818450979,0.024293102484560392,0.0,1351,1.0,0.010756428523331706
TGFB1,TGFBR2,Luminal-like Amorphous DCIS Cells,Luminal-like Amorphous DCIS Cells,recompute,recompute,recompute,0.4625524716153596,0.25153574142392743,1.0,0.08160636573734653,0.01630369297954023,0.0,0.00022259500612942788,0.04709815606905957,0.0,77495,1.0,0.010755448234383909
CXCL12,CXCR4,Endothelial Cells,Luminal-like Amorphous DCIS Cells,recompute,recompute,recompute,0.7487535481622718,0.46000374398572297,0.24613745147074395,0.10272295574815776,0.017738069381683,0.0,0.0011171960569550928,0.2785282601346565,0.0,2075,1.0,0.010751655884852843
CSF1,CSF1R,"CAFs, Invasive Associated",11q13 Invasive Tumor Cells (Mitotic),recompute,recompute,recompute,0.6329636802303048,0.6556237992935476,0.9161861017439125,0.1523572567652539,0.0026430507474118963,0.0,0.0,0.0,0.0,526,1.0,0.01073572197753263
CSF1,CSF1R,Endothelial Cells,11q13 Invasive Tumor Cells (G1/S),recompute,recompute,recompute,0.9530510539284376,0.6556237992935476,0.6198216015396206,0.3300653030175087,0.0011919786089109867,0.0,0.0,0.0,0.0,312,1.0,0.010727164295284176
CXCL12,CXCR4,11q13 Invasive Tumor Cells,Basal-like Structured DCIS Cells,recompute,recompute,recompute,0.6160088550075702,0.8628183098412396,0.7917001487310438,0.010634001710228292,0.03391524182236365,0.0,0.00010765550239234443,0.008225128853239944,0.0,30400,1.0,0.010719960999964492
JAG1,NOTCH1,Endothelial Cells,"CAFs, DCIS Associated",recompute,recompute,recompute,0.6303682835571691,0.46013374214009517,0.7204611100467462,0.029179138324176478,0.024824385714313182,0.0,0.001055392749554275,0.15177245415163812,0.0,13942,1.0,0.010715358763452998
CSF1,CSF1R,11q13 Invasive Tumor Cells,11q13 Invasive Tumor Cells (G1/S),recompute,recompute,recompute,0.6329636802303048,0.6556237992935476,0.8824495942126559,0.3435917185259688,0.0011919786089109867,0.0,0.0001247920133111481,0.0360672130618943,0.0,12020,1.0,0.010698914217229892
CSF1,CSF1R,Myoepithelial Cells,B Cells,recompute,recompute,recompute,0.7181940594497765,0.7744570596502125,0.6198216015396206,0.241712611075796,0.0017943776934449295,0.0,0.00031725888324873094,0.08185611396071975,0.0,394,1.0,0.01069350921397849
DLL4,NOTCH3,Myeloid Cells,Luminal-like Amorphous DCIS Cells,recompute,recompute,recompute,0.7840818683779507,0.4638256179742202,0.24613745147074395,0.0032417203409647417,0.5131068416842878,0.0,0.004098360655737705,0.09310332692082744,0.0,122,1.0,0.01068594896741416
CXCL12,CXCR4,"CAFs, Invasive Associated",Pericytes,recompute,recompute,recompute,0.6160088550075702,0.7757991160529997,0.6198216015396206,0.05480638574296996,0.009156953124503932,0.0,0.002915816965403743,0.7632038467835179,0.0,2541,1.0,0.010683107825140056
DLL4,NOTCH3,T Lymphocytes,11q13 Invasive Tumor Cells (Mitotic),recompute,recompute,recompute,0.6342079770588467,0.6580560501976399,0.7917001487310438,0.007392968575375538,0.06060662711593698,0.0,0.010309278350515464,0.29190056657841273,0.0,97,1.0,0.010675768829740931
CSF1,CSF1R,11q13 Invasive Tumor Cells (Mitotic),Endothelial Cells,recompute,recompute,recompute,0.6329636802303048,0.8901135829200775,0.6198216015396206,0.03853853776662391,0.010937673779041644,0.0,0.0010135135135135136,0.11361889915911037,0.0,370,1.0,0.010665599600046052
CSF1,CSF1R,Myoepithelial Cells,Mast Cells,recompute,recompute,recompute,0.7181940594497765,0.8388327345645936,0.7204611100467462,0.241712611075796,0.0013954866575133426,0.0,0.0,0.0,0.0,38,1.0,0.01065596154389342
CXCL12,CXCR4,Endothelial Cells,Myeloid Cells,recompute,recompute,recompute,0.7487535481622718,0.7447682696221608,0.7827641335561659,0.10272295574815776,0.003215470541813311,0.0,0.006922011998154128,0.5875693845084453,0.0,394,1.0,0.010628795998141807
CSF1,CSF1R,"CAFs, Invasive Associated",Luminal-like Amorphous DCIS Cells,recompute,recompute,recompute,0.6329636802303048,0.46381415478966415,0.24613745147074395,0.1523572567652539,0.013082994902830098,0.0,0.0,0.0,0.0,155,1.0,0.010627029021677677
CSF1,CSF1R,11q13 Invasive Tumor Cells (Mitotic),"CAFs, Invasive Associated",recompute,recompute,recompute,0.6329636802303048,0.6556237992935476,0.9161861017439125,0.03853853776662391,0.009718180396522284,0.0,0.0016375545851528383,0.2602735764481334,0.0,458,1.0,0.010606766163854045
JAG1,NOTCH1,Myoepithelial Cells,Macrophages,recompute,recompute,recompute,0.6303682835571691,0.7728785963662539,0.7204611100467462,0.027254376065765328,0.014834469652737872,0.0,0.003988397389412618,0.7984443045773773,0.0,591,1.0,0.010600771809830037
TGFB1,TGFBR2,B Cells,CXCL14+ Fibroblasts,recompute,recompute,recompute,0.7806633527749638,0.9417110959059584,0.6198216015396206,0.05675679989781828,0.005427302044598217,0.0,0.00020833333333333332,0.05544367907487277,0.0,800,1.0,0.010581368255889437
CXCL12,CXCR4,Myoepithelial Cells,11q13 Invasive Tumor Cells,recompute,recompute,recompute,0.8023917560710954,0.6632137581773894,0.6198216015396206,0.008536715800078514,0.04976777849846808,0.0,0.00012489963422249978,0.042683884603224496,0.0,5095,1.0,0.010578507486858513
CSF1,CSF1R,Mast Cells,B Cells,recompute,recompute,recompute,0.8552373118926793,0.7744570596502125,0.6198216015396206,0.1878690989799276,0.0017943776934449295,0.0,0.002232142857142857,0.5759162303664925,0.0,112,1.0,0.010556510750963345
CXCL12,CXCR4,B Cells,B Cells,recompute,recompute,recompute,0.6160088550075702,0.9546923450729715,1.0,0.0052742025956585255,0.04457454658784243,0.0,0.0032055391716886783,0.11871768430645543,0.0,1418,1.0,0.010554779845376797
CXCL12,CXCR4,Plasma Cells,Macrophages,recompute,recompute,recompute,0.8730912658940219,0.7757991160529997,0.7204611100467462,0.005708610653010913,0.04917092614889038,0.0,0.006743997841920688,0.30433959065876376,0.0,337,1.0,0.01053844477769457
DLL4,NOTCH3,Macrophages,"CAFs, Invasive Associated",recompute,recompute,recompute,0.8949858186325867,0.6580560501976399,0.6198216015396206,0.0018955660656360717,0.1973932010691654,0.0,0.0006154603643525356,0.011015340908742144,0.0,1354,1.0,0.010533431269211685
CXCL12,CXCR4,11q13 Invasive Tumor Cells (Mitotic),Dendritic Cells,recompute,recompute,recompute,0.6160088550075702,0.9008184599638702,0.7917001487310438,0.0009692519480124524,0.3180524283074206,0.0,0.0008699434536755111,0.012089268426405507,0.0,209,1.0,0.010518508078286753
CSF1,CSF1R,Pericytes,11q13 Invasive Tumor Cells (G1/S),recompute,recompute,recompute,0.9330656492219304,0.6556237992935476,0.6198216015396206,0.297542793801235,0.0011919786089109867,0.0,0.0,0.0,0.0,377,1.0,0.010506124241381027
CSF1,CSF1R,Basal-like Structured DCIS Cells,11q13 Invasive Tumor Cells (G1/S),recompute,recompute,recompute,0.6329636802303048,0.6556237992935476,0.7917001487310438,0.3430671774934166,0.0011919786089109867,0.0,0.0004299226139294927,0.12425563227399529,0.0,1163,1.0,0.01050447267313554
CSF1,CSF1R,B Cells,Endothelial Cells,recompute,recompute,recompute,0.6329636802303048,0.8901135829200775,0.6198216015396206,0.034822583417649544,0.010937673779041644,0.0,0.0004970178926441351,0.0557176841469461,0.0,1509,1.0,0.01048687851205362
TGFB1,TGFBR2,Pericytes,Myeloid Cells,recompute,recompute,recompute,0.8649048900453102,0.7821407762924618,0.7827641335561659,0.25809749975310686,0.0009726234029574384,0.0,0.0018459915611814344,0.6059873653227903,0.0,316,1.0,0.010485831345608092
CXCL12,CXCR4,"CAFs, Invasive Associated",11q13 Invasive Tumor Cells (Mitotic),recompute,recompute,recompute,0.6160088550075702,0.6632137581773894,0.9161861017439125,0.05480638574296996,0.006423079245780309,0.0,0.000691323885240235,0.0929828566114594,0.0,526,1.0,0.010470479393381986
CXCL12,CXCR4,Plasma Cells,B Cells,recompute,recompute,recompute,0.8730912658940219,0.9546923450729715,0.6198216015396206,0.005708610653010913,0.04457454658784243,0.0,0.006493506493506492,0.24048810906650536,0.0,315,1.0,0.010466496617098102
DLL4,NOTCH3,Myoepithelial Cells,"CAFs, DCIS Associated",recompute,recompute,recompute,0.7160288858520609,0.4638256179742202,0.8293805866303694,0.0069047442087267884,0.06891862663651398,0.0,0.0003473669584549118,0.03266763545869375,0.0,7197,1.0,0.010461340638312217
CSF1,CSF1R,Dendritic Cells,Luminal-like Amorphous DCIS Cells,recompute,recompute,recompute,0.6329636802303048,0.46381415478966415,0.24613745147074395,0.13793660188765483,0.013082994902830098,0.0,0.00016622340425531914,0.0312558240125952,0.0,752,1.0,0.010452365717265715
TGFB1,TGFBR2,Pericytes,11q13 Invasive Tumor Cells (Mitotic),recompute,recompute,recompute,0.8649048900453102,0.628133940116149,0.6198216015396206,0.25809749975310686,0.0014987600472605432,0.0,0.002303182579564489,0.8578559699300372,0.0,398,1.0,0.010450434795692238
CSF1,CSF1R,Myoepithelial Cells,Plasma Cells,recompute,recompute,recompute,0.7181940594497765,0.46381415478966415,0.8293805866303694,0.241712611075796,0.0019498903447556172,0.0,0.0,0.0,0.0,219,1.0,0.010449814300379598
CSF1,CSF1R,Macrophages,11q13 Invasive Tumor Cells,recompute,recompute,recompute,0.8975263081978373,0.6556237992935476,0.6198216015396206,0.013294251962681188,0.026828838353614524,0.0,0.0002156411730879816,0.10037181342396355,0.0,1739,1.0,0.010448143957754218
TGFB1,TGFBR2,Mast Cells,CXCL14+ Fibroblasts,recompute,recompute,recompute,0.830274180208954,0.9417110959059584,0.8567148457705164,0.03572830522875711,0.005427302044598217,0.0,0.0,0.0,0.0,148,1.0,0.010445489805972652
TGFB1,TGFBR2,"CAFs, DCIS Associated",11q13 Invasive Tumor Cells (Mitotic),recompute,recompute,recompute,0.4625524716153596,0.628133940116149,0.6198216015396206,0.47844300379630145,0.0014987600472605432,0.0,0.0,0.0,0.0,233,1.0,0.010435362419354131
TGFB1,TGFBR2,Mast Cells,Mast Cells,recompute,recompute,recompute,0.830274180208954,0.860445251677117,1.0,0.03572830522875711,0.005044198536350481,0.0,0.0,0.0,0.0,14,1.0,0.010430178156340546
DLL4,NOTCH3,Luminal-like Amorphous DCIS Cells,Basal-like Structured DCIS Cells,recompute,recompute,recompute,0.2490567623945399,0.7746834992804791,0.24613745147074395,0.011649387573427093,0.2295016807597237,0.0,0.0014781966001478197,0.07348209055720577,0.0,902,1.0,0.01040594733172292
CXCL12,CXCR4,Pericytes,11q13 Invasive Tumor Cells (Mitotic),recompute,recompute,recompute,0.7487535481622718,0.6632137581773894,0.6198216015396206,0.06372880775749876,0.006423079245780309,0.0,0.0,0.0,0.0,398,1.0,0.0103925748472438
DLL4,NOTCH3,Luminal-like Amorphous DCIS Cells,Endothelial Cells,recompute,recompute,recompute,0.2490567623945399,0.8818326005152037,0.24613745147074395,0.011649387573427093,0.19937237225527835,0.0,0.001199704688076781,0.0444481293813254,0.0,1806,1.0,0.010386561147942775
CXCL12,CXCR4,Myoepithelial Cells,Basal-like Structured DCIS Cells,recompute,recompute,recompute,0.8023917560710954,0.8628183098412396,0.6198216015396206,0.008536715800078514,0.03391524182236365,0.0,0.0017123966942148784,0.13083105967448516,0.0,6875,1.0,0.010368354057586225
DLL4,NOTCH3,11q13 Invasive Tumor Cells (Mitotic),11q13 Invasive Tumor Cells (G1/S),recompute,recompute,recompute,0.6342079770588467,0.6580560501976399,0.9592803095773328,0.008557082379913908,0.0362497659817488,0.0,0.0035674470457079163,0.14961648683399123,0.0,1495,1.0,0.010367609088428514
CSF1,CSF1R,Macrophages,T Lymphocytes,recompute,recompute,recompute,0.8975263081978373,0.7744570596502125,0.6198216015396206,0.013294251962681188,0.02165809680677239,0.0,0.0002796420581655481,0.03224546700345112,0.0,3576,1.0,0.010365716572551139
CXCL12,CXCR4,Dendritic Cells,Endothelial Cells,recompute,recompute,recompute,0.6160088550075702,0.7757991160529997,0.6198216015396206,0.014925651776972337,0.027958038284341596,0.0,0.001491345992270206,0.20912934937761363,0.0,2164,1.0,0.010359542305428019
CXCL12,CXCR4,Endothelial Cells,11q13 Invasive Tumor Cells (G1/S),recompute,recompute,recompute,0.7487535481622718,0.6632137581773894,0.6198216015396206,0.10272295574815776,0.0038860320327025817,0.0,0.000437062937062937,0.24723739089306468,0.0,312,1.0,0.01034917423142441
DLL4,NOTCH3,Endothelial Cells,Mast Cells,recompute,recompute,recompute,0.9184503888425789,0.8341464445360613,0.8567148457705164,1.0,0.00018718663110571166,0.0,0.0022222222222222222,0.6869901245169604,0.0,225,1.0,0.010349166904542685
CSF1,CSF1R,Mast Cells,CXCL14+ Fibroblasts,recompute,recompute,recompute,0.8552373118926793,0.8901135829200775,0.8567148457705164,0.1878690989799276,0.0010015918709323055,0.0,0.0,0.0,0.0,148,1.0,0.010347127797608107
DLL4,NOTCH3,Myoepithelial Cells,11q13 Invasive Tumor Cells (Mitotic),recompute,recompute,recompute,0.7160288858520609,0.6580560501976399,0.6198216015396206,0.0069047442087267884,0.06060662711593698,0.0,0.0017703591299949417,0.050126576810000566,0.0,659,1.0,0.01034002116850379
CSF1,CSF1R,11q13 Invasive Tumor Cells,Plasma Cells,recompute,recompute,recompute,0.6329636802303048,0.46381415478966415,0.6198216015396206,0.3435917185259688,0.0019498903447556172,0.0,0.0,0.0,0.0,103,1.0,0.010335720885502251
CSF1,CSF1R,Basal-like Structured DCIS Cells,Plasma Cells,recompute,recompute,recompute,0.6329636802303048,0.46381415478966415,0.6198216015396206,0.3430671774934166,0.0019498903447556172,0.0,0.0015822784810126582,0.1423075617713065,0.0,79,1.0,0.01033308938950508
JAG1,NOTCH1,Dendritic Cells,Pericytes,recompute,recompute,recompute,0.8630183004227985,0.7728785963662539,0.6198216015396206,0.001657584379221534,0.17748963886584487,0.0,0.0019203473323870753,0.06549214570955535,0.0,1711,1.0,0.010331773683714057
TGFB1,TGFBR2,"CAFs, DCIS Associated",Myeloid Cells,recompute,recompute,recompute,0.4625524716153596,0.7821407762924618,0.7204611100467462,0.47844300379630145,0.0009726234029574384,0.0,0.0010093363613424174,0.331336878887426,0.0,1321,1.0,0.010326963672111883
DLL4,NOTCH3,11q13 Invasive Tumor Cells,T Lymphocytes,recompute,recompute,recompute,0.6342079770588467,0.7746834992804791,0.7917001487310438,0.06734007498340545,0.0046263543438723525,0.0,0.0,0.0,0.0,827,1.0,0.010325356146105413
CSF1,CSF1R,11q13 Invasive Tumor Cells,CXCL14+ Fibroblasts,recompute,recompute,recompute,0.6329636802303048,0.8901135829200775,0.6198216015396206,0.3435917185259688,0.0010015918709323055,0.0,0.00012807377049180329,0.1465636360697433,0.0,4880,1.0,0.01031109517346404
CSF1,CSF1R,Basal-like Structured DCIS Cells,CXCL14+ Fibroblasts,recompute,recompute,recompute,0.6329636802303048,0.8901135829200775,0.6198216015396206,0.3430671774934166,0.0010015918709323055,0.0,0.0009017132551848512,1.0,0.0,1109,1.0,0.010308469947224291
CSF1,CSF1R,Dendritic Cells,11q13 Invasive Tumor Cells (Mitotic),recompute,recompute,recompute,0.6329636802303048,0.6556237992935476,0.7917001487310438,0.13793660188765483,0.0026430507474118963,0.0,0.0020325203252032522,0.8216161273928514,0.0,246,1.0,0.01030536766981859
TGFB1,TGFBR2,B Cells,Mast Cells,recompute,recompute,recompute,0.7806633527749638,0.860445251677117,0.6198216015396206,0.05675679989781828,0.005044198536350481,0.0,0.000859106529209622,0.062409940201384836,0.0,97,1.0,0.010297001951442938
CSF1,CSF1R,Plasma Cells,"CAFs, DCIS Associated",recompute,recompute,recompute,0.7181940594497765,0.46381415478966415,0.8767341187813952,0.009092431017982948,0.044315367430461515,0.0,0.00035714285714285714,0.0491440410682062,0.0,2450,1.0,0.010274990918102645
CSF1,CSF1R,11q13 Invasive Tumor Cells (G1/S),11q13 Invasive Tumor Cells,recompute,recompute,recompute,0.6329636802303048,0.6556237992935476,0.8824495942126559,0.011973593206576157,0.026828838353614524,0.0,8.271298593879239e-05,0.03849938429429779,0.0,12090,1.0,0.010274445353396116
CSF1,CSF1R,T Lymphocytes,Myeloid Cells,recompute,recompute,recompute,0.6329636802303048,0.7471243099617693,0.6198216015396206,0.2016933258290928,0.00197514773301428,0.0,0.00554016620498615,1.0,0.0,361,1.0,0.010261762358158495
CSF1,CSF1R,Myeloid Cells,"CAFs, DCIS Associated",recompute,recompute,recompute,0.7866181160593629,0.46381415478966415,0.7204611100467462,0.009981073684215833,0.044315367430461515,0.0,0.00048003072196620584,0.06605381864006209,0.0,1302,1.0,0.010254357224681064
JAG1,NOTCH1,"CAFs, DCIS Associated",11q13 Invasive Tumor Cells (G1/S),recompute,recompute,recompute,0.6303682835571691,0.6655462707198134,0.6198216015396206,0.010161058057093355,0.043382027682688826,0.0,0.0015873015873015873,0.07728209756516616,0.0,135,1.0,0.01023013678589918
TGFB1,TGFBR2,Mast Cells,B Cells,recompute,recompute,recompute,0.830274180208954,0.628133940116149,0.6198216015396206,0.03572830522875711,0.009895229901992758,0.0,0.000744047619047619,0.15680360049794123,0.0,112,1.0,0.010224997979458163
TGFB1,TGFBR2,Basal-like Structured DCIS Cells,Luminal-like Amorphous DCIS Cells,recompute,recompute,recompute,0.7806633527749638,0.25153574142392743,0.24613745147074395,0.14371478860647843,0.01630369297954023,0.0,0.0006651463321930824,0.1407361571453097,0.0,877,1.0,0.01020950838836076
TGFB1,TGFBR2,Myeloid Cells,11q13 Invasive Tumor Cells,recompute,recompute,recompute,0.744134323411945,0.628133940116149,0.6198216015396206,0.013941536844336442,0.02792871411289051,0.0,7.221259387637204e-05,0.026715346921511715,0.0,1154,1.0,0.010202863204877797
DLL4,NOTCH3,Plasma Cells,Endothelial Cells,recompute,recompute,recompute,0.7160288858520609,0.8818326005152037,0.7204611100467462,0.0012306151710811475,0.19937237225527835,0.0,0.0018656716417910447,0.06912168914696355,0.0,536,1.0,0.010184811781394616
CSF1,CSF1R,Myoepithelial Cells,CXCL14+ Fibroblasts,recompute,recompute,recompute,0.7181940594497765,0.8901135829200775,0.7204611100467462,0.241712611075796,0.0010015918709323055,0.0,0.00016254876462938882,0.18601574616914102,0.0,1538,1.0,0.010183147675480798
CSF1,CSF1R,B Cells,"CAFs, Invasive Associated",recompute,recompute,recompute,0.6329636802303048,0.6556237992935476,0.7917001487310438,0.034822583417649544,0.009718180396522284,0.0,0.0011621900826446281,0.18471895353292114,0.0,968,1.0,0.010178258119055936
TGFB1,TGFBR2,Plasma Cells,B Cells,recompute,recompute,recompute,0.4625524716153596,0.628133940116149,0.6198216015396206,0.06220829473112404,0.009895229901992758,0.0,0.003174603174603174,0.6690286954578826,0.0,315,1.0,0.010173235902364804
CXCL12,CXCR4,Luminal-like Amorphous DCIS Cells,Dendritic Cells,recompute,recompute,recompute,0.2556690013679459,0.9008184599638702,0.24613745147074395,0.006120705198198609,0.3180524283074206,0.0,0.004126547455295734,0.05734503737064562,0.0,727,1.0,0.010165583971074622
CSF1,CSF1R,Dendritic Cells,B Cells,recompute,recompute,recompute,0.6329636802303048,0.7744570596502125,0.909150863993142,0.13793660188765483,0.0017943776934449295,0.0,0.0003180661577608143,0.08206439923797351,0.0,1572,1.0,0.010164858182243231
TGFB1,TGFBR2,11q13 Invasive Tumor Cells (Mitotic),CXCL14+ Fibroblasts,recompute,recompute,recompute,0.6618992459738668,0.9417110959059584,0.6198216015396206,0.05212675997941913,0.005427302044598217,0.0,0.0007374631268436578,0.1962608108845054,0.0,339,1.0,0.010149320907080945
CSF1,CSF1R,11q13 Invasive Tumor Cells (Mitotic),Pericytes,recompute,recompute,recompute,0.6329636802303048,0.8901135829200775,0.6198216015396206,0.03853853776662391,0.007996593535171381,0.0,0.0009894459102902375,0.2202647840400389,0.0,379,1.0,0.010123141543001852
DLL4,NOTCH3,11q13 Invasive Tumor Cells (Mitotic),"CAFs, DCIS Associated",recompute,recompute,recompute,0.6342079770588467,0.4638256179742202,0.6198216015396206,0.008557082379913908,0.06891862663651398,0.0,0.005307855626326964,0.49916979277328855,0.0,157,1.0,0.010121681725784114
CXCL12,CXCR4,Myoepithelial Cells,Endothelial Cells,recompute,recompute,recompute,0.8023917560710954,0.7757991160529997,0.7204611100467462,0.008536715800078514,0.027958038284341596,0.0,0.0007282437188979243,0.10212059167411708,0.0,2247,1.0,0.01011402633631333
DLL4,NOTCH3,Dendritic Cells,Luminal-like Amorphous DCIS Cells,recompute,recompute,recompute,0.6342079770588467,0.4638256179742202,0.24613745147074395,0.0028649117803088656,0.5131068416842878,0.0,0.0019946808510638296,0.04531358730455165,0.0,752,1.0,0.01010448363309477
CSF1,CSF1R,Luminal-like Amorphous DCIS Cells,Luminal-like Amorphous DCIS Cells,recompute,recompute,recompute,0.24945190643783477,0.46381415478966415,1.0,0.07022613207428953,0.013082994902830098,0.0,0.00021452996967546292,0.040339150841263584,0.0,77495,1.0,0.01010236049623188
DLL4,NOTCH3,Basal-like Structured DCIS Cells,11q13 Invasive Tumor Cells (Mitotic),recompute,recompute,recompute,0.6342079770588467,0.6580560501976399,0.7917001487310438,0.0053032910137447145,0.06060662711593698,0.0,0.001171875,0.03318088471653051,0.0,1280,1.0,0.010100750249169071
CSF1,CSF1R,"CAFs, Invasive Associated",B Cells,recompute,recompute,recompute,0.6329636802303048,0.7744570596502125,0.7917001487310438,0.1523572567652539,0.0017943776934449295,0.0,0.0012268266085059978,0.31653411134646925,0.0,917,1.0,0.010099178668217189
TGFB1,TGFBR2,Plasma Cells,CXCL14+ Fibroblasts,recompute,recompute,recompute,0.4625524716153596,0.9417110959059584,0.7204611100467462,0.06220829473112404,0.005427302044598217,0.0,0.00027233115468409583,0.07247539748349381,0.0,306,1.0,0.010096877079854554
TGFB1,TGFBR2,CXCL14+ Fibroblasts,11q13 Invasive Tumor Cells,recompute,recompute,recompute,0.8649048900453102,0.628133940116149,0.6198216015396206,0.011170777497016586,0.02792871411289051,0.0,0.00010264531644084696,0.037974058143933065,0.0,5683,1.0,0.010082549689318182
CSF1,CSF1R,Mast Cells,Plasma Cells,recompute,recompute,recompute,0.8552373118926793,0.46381415478966415,0.7204611100467462,0.1878690989799276,0.0019498903447556172,0.0,0.0125,1.0,0.0,50,1.0,0.010076696205313741
TGFB1,TGFBR2,Plasma Cells,Plasma Cells,recompute,recompute,recompute,0.4625524716153596,0.7241065161359392,1.0,0.06220829473112404,0.004952137174709604,0.0,0.0014723203769140163,0.20292840890235564,0.0,283,1.0,0.010052349162146656
CSF1,CSF1R,Macrophages,Endothelial Cells,recompute,recompute,recompute,0.8975263081978373,0.8901135829200775,0.8875000050982297,0.013294251962681188,0.010937673779041644,0.0,0.00044802867383512545,0.05022579771669156,0.0,2790,1.0,0.010050980529551343
TGFB1,TGFBR2,Basal-like Structured DCIS Cells,11q13 Invasive Tumor Cells (G1/S),recompute,recompute,recompute,0.7806633527749638,0.628133940116149,0.7917001487310438,0.14371478860647843,0.0018417017418815348,0.0,0.0005732301519059903,0.09872593855752751,0.0,1163,1.0,0.010045386648903861
DLL4,NOTCH3,Myoepithelial Cells,Myoepithelial Cells,recompute,recompute,recompute,0.7160288858520609,0.4638256179742202,1.0,0.0069047442087267884,0.04464016629523392,0.0,0.0003950330187976091,0.03574984638516183,0.0,22361,1.0,0.010039064314193021
CSF1,CSF1R,11q13 Invasive Tumor Cells (Mitotic),Basal-like Structured DCIS Cells,recompute,recompute,recompute,0.6329636802303048,0.7744570596502125,0.7917001487310438,0.03853853776662391,0.006818845693506099,0.0,0.0008620689655172414,0.2017593850525196,0.0,1305,1.0,0.010032841559568566
CXCL12,CXCR4,Plasma Cells,11q13 Invasive Tumor Cells,recompute,recompute,recompute,0.8730912658940219,0.6632137581773894,0.6198216015396206,0.005708610653010913,0.04976777849846808,0.0,0.0003071253071253071,0.1049586834234695,0.0,148,1.0,0.010032516993265852
JAG1,NOTCH1,"CAFs, Invasive Associated",Luminal-like Amorphous DCIS Cells,recompute,recompute,recompute,0.7941469661104033,0.46013374214009517,0.24613745147074395,0.00838985805983649,0.13474796491837557,0.0,0.0018433179723502304,0.10640034393888194,0.0,155,1.0,0.01002782344292262
JAG1,NOTCH1,Myeloid Cells,Endothelial Cells,recompute,recompute,recompute,0.6303682835571691,0.7728785963662539,0.7827641335561659,0.0003788349535045612,0.7025747778867708,0.0,0.0021739130434782605,0.03090299268824483,0.0,460,1.0,0.010024939790782726
CSF1,CSF1R,B Cells,Basal-like Structured DCIS Cells,recompute,recompute,recompute,0.6329636802303048,0.7744570596502125,0.8693461273411047,0.034822583417649544,0.006818845693506099,0.0,0.0,0.0,0.0,360,1.0,0.010019750663264632
CXCL12,CXCR4,CXCL14+ Fibroblasts,"CAFs, DCIS Associated",recompute,recompute,recompute,0.7487535481622718,0.46000374398572297,0.7204611100467462,0.013109255449725675,0.0310998965832685,0.0,0.0009455009911172673,0.17842845836501664,0.0,10961,1.0,0.01001939221578689
CSF1,CSF1R,11q13 Invasive Tumor Cells (G1/S),T Lymphocytes,recompute,recompute,recompute,0.6329636802303048,0.7744570596502125,0.7917001487310438,0.011973593206576157,0.02165809680677239,0.0,0.0,0.0,0.0,69,1.0,0.010010682909060925
DLL4,NOTCH3,11q13 Invasive Tumor Cells,CXCL14+ Fibroblasts,recompute,recompute,recompute,0.6342079770588467,0.8818326005152037,0.6198216015396206,0.06734007498340545,0.004265561924923322,0.0,0.0002390710382513661,0.05192773576784548,0.0,4880,1.0,0.009992847301430382
DLL4,NOTCH3,Macrophages,Luminal-like Amorphous DCIS Cells,recompute,recompute,recompute,0.8949858186325867,0.4638256179742202,0.24613745147074395,0.0018955660656360717,0.5131068416842878,0.0,0.0012674271229404308,0.02879241035320899,0.0,263,1.0,0.009989634714937868
JAG1,NOTCH1,Myeloid Cells,11q13 Invasive Tumor Cells,recompute,recompute,recompute,0.6303682835571691,0.6655462707198134,0.6198216015396206,0.0003788349535045612,1.0,0.0,0.0022901708343649415,0.0967755085332613,0.0,1154,1.0,0.009975089657593975
TGFB1,TGFBR2,B Cells,Plasma Cells,recompute,recompute,recompute,0.7806633527749638,0.7241065161359392,0.6198216015396206,0.05675679989781828,0.004952137174709604,0.0,0.0011223344556677889,0.154690207998294,0.0,297,1.0,0.009974491146163394
JAG1,NOTCH1,"CAFs, DCIS Associated",Luminal-like Amorphous DCIS Cells,recompute,recompute,recompute,0.6303682835571691,0.46013374214009517,0.24613745147074395,0.010161058057093355,0.13474796491837557,0.0,0.0008320087423008152,0.0480253638649726,0.0,5752,1.0,0.009962147387753851
CSF1,CSF1R,B Cells,Pericytes,recompute,recompute,recompute,0.6329636802303048,0.8901135829200775,0.6198216015396206,0.034822583417649544,0.007996593535171381,0.0,0.00041288191577208916,0.09191340836903357,0.0,1211,1.0,0.009953510304411302
DLL4,NOTCH3,Plasma Cells,Basal-like Structured DCIS Cells,recompute,recompute,recompute,0.7160288858520609,0.7746834992804791,0.6198216015396206,0.0012306151710811475,0.2295016807597237,0.0,0.0,0.0,0.0,126,1.0,0.009951125643614512
CXCL12,CXCR4,T Lymphocytes,Myoepithelial Cells,recompute,recompute,recompute,0.6160088550075702,0.46000374398572297,0.6198216015396206,0.025575340320379867,0.021502591154489905,0.0,0.0011381419832124054,0.136731454058827,0.0,1278,1.0,0.0099423246588763
CSF1,CSF1R,11q13 Invasive Tumor Cells (G1/S),"CAFs, DCIS Associated",recompute,recompute,recompute,0.6329636802303048,0.46381415478966415,0.6198216015396206,0.011973593206576157,0.044315367430461515,0.0,0.00487012987012987,0.6701460145664481,0.0,77,1.0,0.009941718740935841
CXCL12,CXCR4,Pericytes,Luminal-like Amorphous DCIS Cells,recompute,recompute,recompute,0.7487535481622718,0.46000374398572297,0.24613745147074395,0.06372880775749876,0.017738069381683,0.0,0.0009524263060145719,0.23744949713099447,0.0,1909,1.0,0.009929332973656897
JAG1,NOTCH1,Dendritic Cells,T Lymphocytes,recompute,recompute,recompute,0.8630183004227985,0.8647171432637394,0.909150863993142,0.001657584379221534,0.08474527904749042,0.0,0.0006273071633652619,0.010941092766570511,0.0,5921,1.0,0.009920204977605327
DLL4,NOTCH3,T Lymphocytes,"CAFs, DCIS Associated",recompute,recompute,recompute,0.6342079770588467,0.4638256179742202,0.6198216015396206,0.007392968575375538,0.06891862663651398,0.0,0.0006128014216992985,0.057630045015465634,0.0,10879,1.0,0.009877981642798411
TGFB1,TGFBR2,11q13 Invasive Tumor Cells (Mitotic),Mast Cells,recompute,recompute,recompute,0.6618992459738668,0.860445251677117,0.6198216015396206,0.05212675997941913,0.005044198536350481,0.0,0.0,0.0,0.0,5,1.0,0.009876565549815884
DLL4,NOTCH3,Luminal-like Amorphous DCIS Cells,"CAFs, Invasive Associated",recompute,recompute,recompute,0.2490567623945399,0.6580560501976399,0.24613745147074395,0.011649387573427093,0.1973932010691654,0.0,0.0,0.0,0.0,147,1.0,0.009875576119644923
CSF1,CSF1R,T Lymphocytes,Mast Cells,recompute,recompute,recompute,0.6329636802303048,0.8388327345645936,0.6198216015396206,0.2016933258290928,0.0013954866575133426,0.0,0.00037537537537537537,0.016324365135237186,0.0,333,1.0,0.00987317586359389
JAG1,NOTCH1,Luminal-like Amorphous DCIS Cells,Macrophages,recompute,recompute,recompute,0.24513582144484414,0.7728785963662539,0.24613745147074395,0.13275554617509155,0.014834469652737872,0.0,0.0022522522522522522,0.45088234889934614,0.0,222,1.0,0.009859089382051872
JAG1,NOTCH1,Luminal-like Amorphous DCIS Cells,"CAFs, DCIS Associated",recompute,recompute,recompute,0.24513582144484414,0.46013374214009517,0.24613745147074395,0.13275554617509155,0.024824385714313182,0.0,0.00241560038649606,0.3473793041149735,0.0,4879,1.0,0.00985295878585157
JAG1,NOTCH1,Basal-like Structured DCIS Cells,B Cells,recompute,recompute,recompute,0.9097736029185509,0.8647171432637394,0.8693461273411047,0.04309654638185767,0.0030854511812878796,0.0,0.0007936507936507937,0.16221497170454766,0.0,270,1.0,0.00984299201041913
CXCL12,CXCR4,Plasma Cells,Basal-like Structured DCIS Cells,recompute,recompute,recompute,0.8730912658940219,0.8628183098412396,0.6198216015396206,0.005708610653010913,0.03391524182236365,0.0,0.004329004329004329,0.3307459221408657,0.0,126,1.0,0.009833210252405999
TGFB1,TGFBR2,Plasma Cells,Mast Cells,recompute,recompute,recompute,0.4625524716153596,0.860445251677117,0.7204611100467462,0.06220829473112404,0.005044198536350481,0.0,0.0,0.0,0.0,48,1.0,0.009825531110957695
CXCL12,CXCR4,Pericytes,Myeloid Cells,recompute,recompute,recompute,0.7487535481622718,0.7447682696221608,0.7827641335561659,0.06372880775749876,0.003215470541813311,0.0,0.004602991944764096,0.39072124471954006,0.0,316,1.0,0.009815869825531195
CSF1,CSF1R,Luminal-like Amorphous DCIS Cells,"CAFs, DCIS Associated",recompute,recompute,recompute,0.24945190643783477,0.46381415478966415,0.24613745147074395,0.07022613207428953,0.044315367430461515,0.0,0.00015372002459520392,0.021152384964794633,0.0,4879,1.0,0.009800772437687554
DLL4,NOTCH3,T Lymphocytes,11q13 Invasive Tumor Cells (G1/S),recompute,recompute,recompute,0.6342079770588467,0.6580560501976399,0.7917001487310438,0.007392968575375538,0.0362497659817488,0.0,0.0,0.0,0.0,81,1.0,0.00979933679963628
JAG1,NOTCH1,11q13 Invasive Tumor Cells (Mitotic),B Cells,recompute,recompute,recompute,0.7941469661104033,0.8647171432637394,0.7917001487310438,0.05263539325963273,0.0030854511812878796,0.0,0.0,0.0,0.0,42,1.0,0.009794650768275117
CSF1,CSF1R,"CAFs, Invasive Associated",Myeloid Cells,recompute,recompute,recompute,0.6329636802303048,0.7471243099617693,0.6198216015396206,0.1523572567652539,0.00197514773301428,0.0,0.005244755244755245,0.9563673934352399,0.0,143,1.0,0.009793033129865413
CXCL12,CXCR4,11q13 Invasive Tumor Cells,Endothelial Cells,recompute,recompute,recompute,0.6160088550075702,0.7757991160529997,0.6198216015396206,0.010634001710228292,0.027958038284341596,0.0,0.00022558087074216104,0.03163288799169301,0.0,4836,1.0,0.009790416279043215
CXCL12,CXCR4,11q13 Invasive Tumor Cells (G1/S),T Lymphocytes,recompute,recompute,recompute,0.6160088550075702,0.9008184599638702,0.7917001487310438,0.0001971810371238748,1.0,0.0,0.0013175230566534915,0.01063069973121893,0.0,69,1.0,0.009763646010594913
CSF1,CSF1R,Myeloid Cells,11q13 Invasive Tumor Cells,recompute,recompute,recompute,0.7866181160593629,0.6556237992935476,0.6198216015396206,0.009981073684215833,0.026828838353614524,0.0,0.0004332755632582322,0.2016713847998528,0.0,1154,1.0,0.009744155025905381
CXCL12,CXCR4,B Cells,11q13 Invasive Tumor Cells,recompute,recompute,recompute,0.6160088550075702,0.6632137581773894,0.7917001487310438,0.0052742025956585255,0.04976777849846808,0.0,5.7032052013231435e-05,0.0194904456043582,0.0,797,1.0,0.009730859462461449
CSF1,CSF1R,Myoepithelial Cells,11q13 Invasive Tumor Cells (G1/S),recompute,recompute,recompute,0.7181940594497765,0.6556237992935476,0.6198216015396206,0.241712611075796,0.0011919786089109867,0.0,0.0038507109004739335,1.0,0.0,422,1.0,0.009715290248407633
TGFB1,TGFBR2,Basal-like Structured DCIS Cells,11q13 Invasive Tumor Cells (Mitotic),recompute,recompute,recompute,0.7806633527749638,0.628133940116149,0.7917001487310438,0.14371478860647843,0.0014987600472605432,0.0,0.00039062499999999997,0.14549432217279326,0.0,1280,1.0,0.00970626659337543
JAG1,NOTCH1,Macrophages,Endothelial Cells,recompute,recompute,recompute,0.6303682835571691,0.7728785963662539,0.8875000050982297,0.00027502314493788786,0.7025747778867708,0.0,0.0013824884792626728,0.019652594428469065,0.0,2790,1.0,0.009704919453467464
CXCL12,CXCR4,Macrophages,"CAFs, Invasive Associated",recompute,recompute,recompute,0.7487535481622718,0.6632137581773894,0.6198216015396206,0.03388623051970213,0.008007263802792432,0.0,0.0003021350879548812,0.07298098912884539,0.0,1354,1.0,0.00970423271348772
CXCL12,CXCR4,B Cells,Basal-like Structured DCIS Cells,recompute,recompute,recompute,0.6160088550075702,0.8628183098412396,0.8693461273411047,0.0052742025956585255,0.03391524182236365,0.0,0.0007575757575757577,0.05788053637465151,0.0,360,1.0,0.009687430974327756
CSF1,CSF1R,Myeloid Cells,T Lymphocytes,recompute,recompute,recompute,0.7866181160593629,0.7744570596502125,0.6198216015396206,0.009981073684215833,0.02165809680677239,0.0,0.0,0.0,0.0,388,1.0,0.009667281542629653
DLL4,NOTCH3,"CAFs, Invasive Associated",Luminal-like Amorphous DCIS Cells,recompute,recompute,recompute,0.6342079770588467,0.4638256179742202,0.24613745147074395,0.002196330917593002,0.5131068416842878,0.0,0.0,0.0,0.0,155,1.0,0.009666708486330422
CXCL12,CXCR4,Dendritic Cells,"CAFs, DCIS Associated",recompute,recompute,recompute,0.6160088550075702,0.46000374398572297,0.6198216015396206,0.014925651776972337,0.0310998965832685,0.0,0.00301122738173098,0.5682581663652071,0.0,3336,1.0,0.0096653582418561
CXCL12,CXCR4,Myoepithelial Cells,"CAFs, DCIS Associated",recompute,recompute,recompute,0.8023917560710954,0.46000374398572297,0.8293805866303694,0.008536715800078514,0.0310998965832685,0.0,0.0006252605252188412,0.1179948753511793,0.0,7197,1.0,0.009660331308182448
DLL4,NOTCH3,11q13 Invasive Tumor Cells (G1/S),Basal-like Structured DCIS Cells,recompute,recompute,recompute,0.6342079770588467,0.7746834992804791,0.7917001487310438,0.0008958753988410421,0.2295016807597237,0.0,0.0002808199943836001,0.013959740034245913,0.0,1187,1.0,0.009634426096458554
CSF1,CSF1R,Dendritic Cells,Myeloid Cells,recompute,recompute,recompute,0.6329636802303048,0.7471243099617693,0.6198216015396206,0.13793660188765483,0.00197514773301428,0.0,0.002329192546583851,0.4247221654075755,0.0,161,1.0,0.009632077182235174
CXCL12,CXCR4,"CAFs, Invasive Associated",11q13 Invasive Tumor Cells (G1/S),recompute,recompute,recompute,0.6160088550075702,0.6632137581773894,0.9161861017439125,0.05480638574296996,0.0038860320327025817,0.0,0.000691699604743083,0.3912800447177198,0.0,460,1.0,0.009629280162880829
CSF1,CSF1R,T Lymphocytes,11q13 Invasive Tumor Cells (G1/S),recompute,recompute,recompute,0.6329636802303048,0.6556237992935476,0.7917001487310438,0.2016933258290928,0.0011919786089109867,0.0,0.0,0.0,0.0,81,1.0,0.009614491431669701
CXCL12,CXCR4,Plasma Cells,Endothelial Cells,recompute,recompute,recompute,0.8730912658940219,0.7757991160529997,0.7204611100467462,0.005708610653010913,0.027958038284341596,0.0,0.0020352781546811396,0.28540419091012575,0.0,536,1.0,0.009592009195574612
CSF1,CSF1R,Mast Cells,11q13 Invasive Tumor Cells (G1/S),recompute,recompute,recompute,0.8552373118926793,0.6556237992935476,0.6198216015396206,0.1878690989799276,0.0011919786089109867,0.0,0.0,0.0,0.0,1,1.0,0.00959082410683102
DLL4,NOTCH3,B Cells,11q13 Invasive Tumor Cells,recompute,recompute,recompute,0.6342079770588467,0.6580560501976399,0.7917001487310438,0.00023276310008261776,1.0,0.0,0.00020911752404851526,0.011368754210114839,0.0,797,1.0,0.009571897099373238
CXCL12,CXCR4,B Cells,Macrophages,recompute,recompute,recompute,0.6160088550075702,0.7757991160529997,0.6198216015396206,0.0052742025956585255,0.04917092614889038,0.0,0.002304737516005121,0.10400698348935554,0.0,1065,1.0,0.009569990615423258
TGFB1,TGFBR2,11q13 Invasive Tumor Cells (Mitotic),Plasma Cells,recompute,recompute,recompute,0.6618992459738668,0.7241065161359392,0.6198216015396206,0.05212675997941913,0.004952137174709604,0.0,0.0,0.0,0.0,5,1.0,0.009567223168034468
TGFB1,TGFBR2,Mast Cells,Plasma Cells,recompute,recompute,recompute,0.830274180208954,0.7241065161359392,0.7204611100467462,0.03572830522875711,0.004952137174709604,0.0,0.0016666666666666666,0.2297149588774666,0.0,50,1.0,0.00956621428282862
CXCL12,CXCR4,Myoepithelial Cells,Plasma Cells,recompute,recompute,recompute,0.8023917560710954,0.46000374398572297,0.8293805866303694,0.008536715800078514,0.029279151553362335,0.0,0.0029057700290577,0.06861213040429485,0.0,219,1.0,0.009563685361537604
CXCL12,CXCR4,Pericytes,11q13 Invasive Tumor Cells (G1/S),recompute,recompute,recompute,0.7487535481622718,0.6632137581773894,0.6198216015396206,0.06372880775749876,0.0038860320327025817,0.0,0.00024113817217265494,0.13640683635479434,0.0,377,1.0,0.009557634474795063
CSF1,CSF1R,Luminal-like Amorphous DCIS Cells,11q13 Invasive Tumor Cells,recompute,recompute,recompute,0.24945190643783477,0.6556237992935476,0.24613745147074395,0.07022613207428953,0.026828838353614524,0.0,0.0,0.0,0.0,186,1.0,0.009549633111910262
CSF1,CSF1R,Macrophages,Pericytes,recompute,recompute,recompute,0.8975263081978373,0.8901135829200775,0.8875000050982297,0.013294251962681188,0.007996593535171381,0.0,0.0006063055780113178,0.13497227671976517,0.0,2474,1.0,0.009539782324677238
CXCL12,CXCR4,Macrophages,Mast Cells,recompute,recompute,recompute,0.7487535481622718,0.7757991160529997,0.8567148457705164,0.03388623051970213,0.004443041812720275,0.0,0.0035812672176308543,0.13387175757991604,0.0,165,1.0,0.009530262764385724
TGFB1,TGFBR2,11q13 Invasive Tumor Cells (G1/S),B Cells,recompute,recompute,recompute,0.6618992459738668,0.628133940116149,0.7917001487310438,0.02290427933852047,0.009895229901992758,0.0,0.0043859649122807015,0.9243159608299694,0.0,38,1.0,0.009523384964697814
JAG1,NOTCH1,Dendritic Cells,Myoepithelial Cells,recompute,recompute,recompute,0.8630183004227985,0.46013374214009517,0.6198216015396206,0.001657584379221534,0.17955576343167495,0.0,0.0032881424524484025,0.114235509295634,0.0,1412,1.0,0.00949455779786133
DLL4,NOTCH3,Myoepithelial Cells,11q13 Invasive Tumor Cells (G1/S),recompute,recompute,recompute,0.7160288858520609,0.6580560501976399,0.6198216015396206,0.0069047442087267884,0.0362497659817488,0.0,0.0,0.0,0.0,422,1.0,0.009491152493229491
CSF1,CSF1R,Luminal-like Amorphous DCIS Cells,T Lymphocytes,recompute,recompute,recompute,0.24945190643783477,0.7744570596502125,0.24613745147074395,0.07022613207428953,0.02165809680677239,0.0,0.00039556962025316455,0.0456130498434894,0.0,316,1.0,0.009474294248831214
CSF1,CSF1R,T Lymphocytes,Plasma Cells,recompute,recompute,recompute,0.6329636802303048,0.46381415478966415,0.6198216015396206,0.2016933258290928,0.0019498903447556172,0.0,0.0012272089761570827,0.11037318605825033,0.0,713,1.0,0.009457628430235034
JAG1,NOTCH1,Macrophages,11q13 Invasive Tumor Cells,recompute,recompute,recompute,0.6303682835571691,0.6655462707198134,0.6198216015396206,0.00027502314493788786,1.0,0.0,0.00020537254579807768,0.00867840610846429,0.0,1739,1.0,0.009456651748160249
DLL4,NOTCH3,CXCL14+ Fibroblasts,Endothelial Cells,recompute,recompute,recompute,0.9184503888425789,0.8818326005152037,0.9429656149619918,0.0004696576149175879,0.19937237225527835,0.0,0.0002460024600246002,0.009114200586167886,0.0,2710,1.0,0.009456539104993163
CSF1,CSF1R,Plasma Cells,11q13 Invasive Tumor Cells,recompute,recompute,recompute,0.7181940594497765,0.6556237992935476,0.6198216015396206,0.009092431017982948,0.026828838353614524,0.0,0.0,0.0,0.0,148,1.0,0.009449473865762628
DLL4,NOTCH3,Plasma Cells,"CAFs, Invasive Associated",recompute,recompute,recompute,0.7160288858520609,0.6580560501976399,0.6198216015396206,0.0012306151710811475,0.1973932010691654,0.0,0.004093567251461989,0.0732655446547776,0.0,285,1.0,0.009443935822169361
JAG1,NOTCH1,CXCL14+ Fibroblasts,Endothelial Cells,recompute,recompute,recompute,0.6303682835571691,0.7728785963662539,0.9429656149619918,0.0002196427612790349,0.7025747778867708,0.0,0.0009752240379546652,0.013863177004584268,0.0,2710,1.0,0.009442894175759163
CSF1,CSF1R,T Lymphocytes,CXCL14+ Fibroblasts,recompute,recompute,recompute,0.6329636802303048,0.8901135829200775,0.6198216015396206,0.2016933258290928,0.0010015918709323055,0.0,0.00046542553191489364,0.5326184902279182,0.0,1880,1.0,0.009435094846282117
JAG1,NOTCH1,Plasma Cells,11q13 Invasive Tumor Cells,recompute,recompute,recompute,0.6303682835571691,0.6655462707198134,0.6198216015396206,0.00027055134627077156,1.0,0.0,0.002895752895752895,0.12236552612934647,0.0,148,1.0,0.009430850245872969
DLL4,NOTCH3,B Cells,Pericytes,recompute,recompute,recompute,0.6342079770588467,0.8818326005152037,0.6198216015396206,0.00023276310008261776,0.8672894033034337,0.0,0.0013762730525736305,0.014410820111809592,0.0,1211,1.0,0.009422444082604764
CSF1,CSF1R,"CAFs, Invasive Associated",Mast Cells,recompute,recompute,recompute,0.6329636802303048,0.8388327345645936,0.6198216015396206,0.1523572567652539,0.0013954866575133426,0.0,0.0019230769230769232,0.08363097830821513,0.0,130,1.0,0.009422196203198138
CXCL12,CXCR4,CXCL14+ Fibroblasts,Myoepithelial Cells,recompute,recompute,recompute,0.7487535481622718,0.46000374398572297,0.7204611100467462,0.013109255449725675,0.021502591154489905,0.0,0.0011580775911986102,0.13912643175730968,0.0,1884,1.0,0.009421716456887634
DLL4,NOTCH3,11q13 Invasive Tumor Cells (Mitotic),Myoepithelial Cells,recompute,recompute,recompute,0.6342079770588467,0.4638256179742202,0.6198216015396206,0.008557082379913908,0.04464016629523392,0.0,0.0009337068160597572,0.08449894984605498,0.0,714,1.0,0.009414939800653124
CSF1,CSF1R,11q13 Invasive Tumor Cells (Mitotic),Myoepithelial Cells,recompute,recompute,recompute,0.6329636802303048,0.46381415478966415,0.6198216015396206,0.03853853776662391,0.00992063151970032,0.0,0.0,0.0,0.0,714,1.0,0.009413203270815403
CSF1,CSF1R,"CAFs, Invasive Associated",11q13 Invasive Tumor Cells (G1/S),recompute,recompute,recompute,0.6329636802303048,0.6556237992935476,0.9161861017439125,0.1523572567652539,0.0011919786089109867,0.0,0.0005434782608695652,0.1570753264507136,0.0,460,1.0,0.009401390298129007
CXCL12,CXCR4,Endothelial Cells,CXCL14+ Fibroblasts,recompute,recompute,recompute,0.7487535481622718,0.7757991160529997,0.9429656149619918,0.10272295574815776,0.0012252690191386984,0.0,0.0005137107631261956,0.4121870783746612,0.0,2566,1.0,0.009398988080256673
CSF1,CSF1R,Plasma Cells,T Lymphocytes,recompute,recompute,recompute,0.7181940594497765,0.7744570596502125,0.6198216015396206,0.009092431017982948,0.02165809680677239,0.0,0.00033200531208499334,0.038283462816846345,0.0,753,1.0,0.00937492517793358
CXCL12,CXCR4,"CAFs, Invasive Associated",Luminal-like Amorphous DCIS Cells,recompute,recompute,recompute,0.6160088550075702,0.46000374398572297,0.24613745147074395,0.05480638574296996,0.017738069381683,0.0,0.002346041055718475,0.5848917290620239,0.0,155,1.0,0.009372971905572885
CXCL12,CXCR4,Myoepithelial Cells,Myoepithelial Cells,recompute,recompute,recompute,0.8023917560710954,0.46000374398572297,1.0,0.008536715800078514,0.021502591154489905,0.0,0.0007887108642888802,0.09475231113242122,0.0,22361,1.0,0.009371771600350628
DLL4,NOTCH3,11q13 Invasive Tumor Cells (G1/S),"CAFs, Invasive Associated",recompute,recompute,recompute,0.6342079770588467,0.6580560501976399,0.9161861017439125,0.0008958753988410421,0.1973932010691654,0.0,0.0028594771241830064,0.05117813781032257,0.0,408,1.0,0.00936865318931692
CXCL12,CXCR4,Plasma Cells,Plasma Cells,recompute,recompute,recompute,0.8730912658940219,0.46000374398572297,1.0,0.005708610653010913,0.029279151553362335,0.0,0.006906521040796657,0.16307936194276743,0.0,283,1.0,0.009357327035981904
CXCL12,CXCR4,Macrophages,11q13 Invasive Tumor Cells (Mitotic),recompute,recompute,recompute,0.7487535481622718,0.6632137581773894,0.6198216015396206,0.03388623051970213,0.006423079245780309,0.0,0.00035236081747709656,0.047392424978321364,0.0,129,1.0,0.009354151845368705
JAG1,NOTCH1,Plasma Cells,Endothelial Cells,recompute,recompute,recompute,0.6303682835571691,0.7728785963662539,0.7204611100467462,0.00027055134627077156,0.7025747778867708,0.0,0.0011993603411513856,0.017049358972459166,0.0,536,1.0,0.009347864703084892
DLL4,NOTCH3,Basal-like Structured DCIS Cells,"CAFs, DCIS Associated",recompute,recompute,recompute,0.6342079770588467,0.4638256179742202,0.6198216015396206,0.0053032910137447145,0.06891862663651398,0.0,0.0008333333333333333,0.0783696574654063,0.0,800,1.0,0.009345933499592722
CXCL12,CXCR4,T Lymphocytes,"CAFs, Invasive Associated",recompute,recompute,recompute,0.6160088550075702,0.6632137581773894,0.7917001487310438,0.025575340320379867,0.008007263802792432,0.0,0.0012689393939393937,0.3065133968421571,0.0,2400,1.0,0.00933651035042515
CXCL12,CXCR4,CXCL14+ Fibroblasts,Pericytes,recompute,recompute,recompute,0.7487535481622718,0.7757991160529997,0.9429656149619918,0.013109255449725675,0.009156953124503932,0.0,0.0006073789479631616,0.15897909746767128,0.0,3218,1.0,0.009325074529652607
JAG1,NOTCH1,Dendritic Cells,11q13 Invasive Tumor Cells (Mitotic),recompute,recompute,recompute,0.8630183004227985,0.6655462707198134,0.7917001487310438,0.001657584379221534,0.08666944020865194,0.0,0.0026132404181184667,0.0313325311867248,0.0,246,1.0,0.009315022001121661
JAG1,NOTCH1,Dendritic Cells,Dendritic Cells,recompute,recompute,recompute,0.8630183004227985,0.8647171432637394,1.0,0.001657584379221534,0.05197941571611153,0.0,0.0011575310752573284,0.05293797411543787,0.0,4011,1.0,0.009290390561744515
DLL4,NOTCH3,Basal-like Structured DCIS Cells,11q13 Invasive Tumor Cells (G1/S),recompute,recompute,recompute,0.6342079770588467,0.6580560501976399,0.7917001487310438,0.0053032910137447145,0.0362497659817488,0.0,0.0007165376898824878,0.030051140345122636,0.0,1163,1.0,0.009271524627329325
CSF1,CSF1R,Dendritic Cells,Mast Cells,recompute,recompute,recompute,0.6329636802303048,0.8388327345645936,0.6198216015396206,0.13793660188765483,0.0013954866575133426,0.0,0.0,0.0,0.0,151,1.0,0.009267335242499576
JAG1,NOTCH1,Myeloid Cells,Basal-like Structured DCIS Cells,recompute,recompute,recompute,0.6303682835571691,0.9232588887953476,0.6198216015396206,0.0003788349535045612,0.46352883193182237,0.0,0.004850088183421516,0.11051845857526203,0.0,162,1.0,0.009267312495748583
CSF1,CSF1R,B Cells,Myoepithelial Cells,recompute,recompute,recompute,0.6329636802303048,0.46381415478966415,0.6198216015396206,0.034822583417649544,0.00992063151970032,0.0,0.00025201612903225806,0.03766253668775306,0.0,496,1.0,0.00925546831046242
DLL4,NOTCH3,Myeloid Cells,11q13 Invasive Tumor Cells (Mitotic),recompute,recompute,recompute,0.7840818683779507,0.6580560501976399,0.6198216015396206,0.0032417203409647417,0.06060662711593698,0.0,0.005555555555555555,0.15730197198947796,0.0,30,1.0,0.009254749814362953
CXCL12,CXCR4,Plasma Cells,"CAFs, DCIS Associated",recompute,recompute,recompute,0.8730912658940219,0.46000374398572297,0.8767341187813952,0.005708610653010913,0.0310998965832685,0.0,0.0016697588126159551,0.31510542408253706,0.0,2450,1.0,0.00924690794957609
DLL4,NOTCH3,11q13 Invasive Tumor Cells (G1/S),Endothelial Cells,recompute,recompute,recompute,0.6342079770588467,0.8818326005152037,0.6198216015396206,0.0008958753988410421,0.19937237225527835,0.0,0.0,0.0,0.0,262,1.0,0.00923209657664019
DLL4,NOTCH3,Mast Cells,Endothelial Cells,recompute,recompute,recompute,0.8516956437178343,0.8818326005152037,0.8567148457705164,0.00047235258648800887,0.19937237225527835,0.0,0.0030193236714975845,0.11186360320885405,0.0,276,1.0,0.009199012924210038
DLL4,NOTCH3,T Lymphocytes,Myoepithelial Cells,recompute,recompute,recompute,0.6342079770588467,0.4638256179742202,0.6198216015396206,0.007392968575375538,0.04464016629523392,0.0,0.00013041210224308815,0.01180208337051707,0.0,1278,1.0,0.009188255967582212
CSF1,CSF1R,Myeloid Cells,Endothelial Cells,recompute,recompute,recompute,0.7866181160593629,0.8901135829200775,0.7827641335561659,0.009981073684215833,0.010937673779041644,0.0,0.0005434782608695652,0.060926076360682375,0.0,460,1.0,0.009179602898495327
DLL4,NOTCH3,Myeloid Cells,"CAFs, DCIS Associated",recompute,recompute,recompute,0.7840818683779507,0.4638256179742202,0.7204611100467462,0.0032417203409647417,0.06891862663651398,0.0,0.0007680491551459293,0.07223009904645743,0.0,1302,1.0,0.009146186335328918
CXCL12,CXCR4,11q13 Invasive Tumor Cells,"CAFs, DCIS Associated",recompute,recompute,recompute,0.6160088550075702,0.46000374398572297,0.6198216015396206,0.010634001710228292,0.0310998965832685,0.0,0.00028823427682019947,0.05439359465949524,0.0,1577,1.0,0.00913436886340731
DLL4,NOTCH3,"CAFs, DCIS Associated",Dendritic Cells,recompute,recompute,recompute,0.7160288858520609,0.7746834992804791,0.6198216015396206,0.018679344959851515,0.009044464882971325,0.0,9.142439202779301e-05,0.01038315057736317,0.0,3646,1.0,0.009134353213017246
TGFB1,TGFBR2,Luminal-like Amorphous DCIS Cells,B Cells,recompute,recompute,recompute,0.4625524716153596,0.628133940116149,0.24613745147074395,0.08160636573734653,0.009895229901992758,0.0,0.00047348484848484844,0.09978410940778078,0.0,176,1.0,0.009125504908435276
DLL4,NOTCH3,Dendritic Cells,11q13 Invasive Tumor Cells (Mitotic),recompute,recompute,recompute,0.6342079770588467,0.6580560501976399,0.7917001487310438,0.0028649117803088656,0.06060662711593698,0.0,0.0,0.0,0.0,246,1.0,0.009115518595729873
JAG1,NOTCH1,CXCL14+ Fibroblasts,11q13 Invasive Tumor Cells,recompute,recompute,recompute,0.6303682835571691,0.6655462707198134,0.6198216015396206,0.0002196427612790349,1.0,0.0,0.00017596339961288047,0.007435666905390517,0.0,5683,1.0,0.00910883149280518
CXCL12,CXCR4,Dendritic Cells,Myoepithelial Cells,recompute,recompute,recompute,0.6160088550075702,0.46000374398572297,0.6198216015396206,0.014925651776972337,0.021502591154489905,0.0,0.001255472572753026,0.15082704349327325,0.0,1412,1.0,0.009088801281331847
JAG1,NOTCH1,Dendritic Cells,"CAFs, Invasive Associated",recompute,recompute,recompute,0.8630183004227985,0.6655462707198134,0.7917001487310438,0.001657584379221534,0.07272217354205764,0.0,0.0011808877853812145,0.03305798388782305,0.0,2359,1.0,0.009046571703986057
CXCL12,CXCR4,11q13 Invasive Tumor Cells,Plasma Cells,recompute,recompute,recompute,0.6160088550075702,0.46000374398572297,0.6198216015396206,0.010634001710228292,0.029279151553362335,0.0,0.00176522506619594,0.041681155502193,0.0,103,1.0,0.00904298486241974
JAG1,NOTCH1,11q13 Invasive Tumor Cells (G1/S),B Cells,recompute,recompute,recompute,0.7941469661104033,0.8647171432637394,0.7917001487310438,0.032311095449028576,0.0030854511812878796,0.0,0.0,0.0,0.0,38,1.0,0.00902958795467284
CSF1,CSF1R,"CAFs, Invasive Associated",Plasma Cells,recompute,recompute,recompute,0.6329636802303048,0.46381415478966415,0.6198216015396206,0.1523572567652539,0.0019498903447556172,0.0,0.0029644268774703555,0.2666157481407086,0.0,253,1.0,0.00902562983965548
CSF1,CSF1R,Dendritic Cells,11q13 Invasive Tumor Cells (G1/S),recompute,recompute,recompute,0.6329636802303048,0.6556237992935476,0.7917001487310438,0.13793660188765483,0.0011919786089109867,0.0,0.0017942583732057417,0.5185740442631215,0.0,209,1.0,0.009024524278147483
CSF1,CSF1R,"CAFs, Invasive Associated",CXCL14+ Fibroblasts,recompute,recompute,recompute,0.6329636802303048,0.8901135829200775,0.6198216015396206,0.1523572567652539,0.0010015918709323055,0.0,0.0007550335570469798,0.8640368988165268,0.0,1490,1.0,0.00900412552816555
CXCL12,CXCR4,T Lymphocytes,11q13 Invasive Tumor Cells (Mitotic),recompute,recompute,recompute,0.6160088550075702,0.6632137581773894,0.7917001487310438,0.025575340320379867,0.006423079245780309,0.0,0.0,0.0,0.0,97,1.0,0.008999695092054828
JAG1,NOTCH1,"CAFs, DCIS Associated",Macrophages,recompute,recompute,recompute,0.6303682835571691,0.7728785963662539,0.7204611100467462,0.010161058057093355,0.014834469652737872,0.0,0.000675867956744451,0.13530319775593644,0.0,10040,1.0,0.008993346204720568
TGFB1,TGFBR2,Basal-like Structured DCIS Cells,Myeloid Cells,recompute,recompute,recompute,0.7806633527749638,0.7821407762924618,0.6198216015396206,0.14371478860647843,0.0009726234029574384,0.0,0.0006459948320413436,0.2120620237452954,0.0,129,1.0,0.008993133068703373
DLL4,NOTCH3,Plasma Cells,Luminal-like Amorphous DCIS Cells,recompute,recompute,recompute,0.7160288858520609,0.4638256179742202,0.24613745147074395,0.0012306151710811475,0.5131068416842878,0.0,0.0024600246002460025,0.055884899799955465,0.0,271,1.0,0.008956385314872691
CXCL12,CXCR4,Macrophages,Luminal-like Amorphous DCIS Cells,recompute,recompute,recompute,0.7487535481622718,0.46000374398572297,0.24613745147074395,0.03388623051970213,0.017738069381683,0.0,0.0010369858278603526,0.25853103993711135,0.0,263,1.0,0.008937196962641614
DLL4,NOTCH3,"CAFs, Invasive Associated",11q13 Invasive Tumor Cells (Mitotic),recompute,recompute,recompute,0.6342079770588467,0.6580560501976399,0.9161861017439125,0.002196330917593002,0.06060662711593698,0.0,0.0,0.0,0.0,526,1.0,0.00893544886770949
JAG1,NOTCH1,B Cells,11q13 Invasive Tumor Cells,recompute,recompute,recompute,0.8630183004227985,0.6655462707198134,0.7917001487310438,0.00011090031177372873,1.0,0.0,0.0006273525721455456,0.026509971783773092,0.0,797,1.0,0.008921854894307166
JAG1,NOTCH1,T Lymphocytes,Pericytes,recompute,recompute,recompute,0.8630183004227985,0.7728785963662539,0.6198216015396206,0.0006856224272495787,0.17748963886584487,0.0,0.0007434197307615031,0.02535382662774305,0.0,3555,1.0,0.008918197073563951
CXCL12,CXCR4,"CAFs, Invasive Associated",Myeloid Cells,recompute,recompute,recompute,0.6160088550075702,0.7447682696221608,0.6198216015396206,0.05480638574296996,0.003215470541813311,0.0,0.0,0.0,0.0,143,1.0,0.008912345128086821
TGFB1,TGFBR2,CXCL14+ Fibroblasts,CXCL14+ Fibroblasts,recompute,recompute,recompute,0.8649048900453102,0.9417110959059584,1.0,0.011170777497016586,0.005427302044598217,0.0,4.146968565978269e-05,0.011036313326672858,0.0,4019,1.0,0.00889049153451127
CSF1,CSF1R,Dendritic Cells,Plasma Cells,recompute,recompute,recompute,0.6329636802303048,0.46381415478966415,0.6198216015396206,0.13793660188765483,0.0019498903447556172,0.0,0.005230125523012552,0.4703890117126867,0.0,239,1.0,0.008877286748752298
CXCL12,CXCR4,Basal-like Structured DCIS Cells,B Cells,recompute,recompute,recompute,0.6160088550075702,0.9546923450729715,0.8693461273411047,0.0021291294377375697,0.04457454658784243,0.0,0.00101010101010101,0.037409261410345285,0.0,270,1.0,0.008864529956240602
DLL4,NOTCH3,Pericytes,Myeloid Cells,recompute,recompute,recompute,0.9184503888425789,0.7470475610360806,0.7827641335561659,0.11694486957515715,0.0007714919761827168,0.0,0.0015822784810126582,0.45899733216523136,0.0,316,1.0,0.008862553238763771
CSF1,CSF1R,Dendritic Cells,CXCL14+ Fibroblasts,recompute,recompute,recompute,0.6329636802303048,0.8901135829200775,0.6198216015396206,0.13793660188765483,0.0010015918709323055,0.0,0.0006778741865509761,0.775738117158728,0.0,922,1.0,0.008856135876976923
TGFB1,TGFBR2,11q13 Invasive Tumor Cells (G1/S),CXCL14+ Fibroblasts,recompute,recompute,recompute,0.6618992459738668,0.9417110959059584,0.6198216015396206,0.02290427933852047,0.005427302044598217,0.0,0.0,0.0,0.0,380,1.0,0.008849382874935153
CXCL12,CXCR4,Macrophages,Myeloid Cells,recompute,recompute,recompute,0.7487535481622718,0.7447682696221608,0.7827641335561659,0.03388623051970213,0.003215470541813311,0.0,0.0025393600812595226,0.21555152467069602,0.0,179,1.0,0.00883507101868434
DLL4,NOTCH3,CXCL14+ Fibroblasts,Basal-like Structured DCIS Cells,recompute,recompute,recompute,0.9184503888425789,0.7746834992804791,0.6198216015396206,0.0004696576149175879,0.2295016807597237,0.0,0.00025025025025025025,0.012440098664151576,0.0,1332,1.0,0.00883426738099112
TGFB1,TGFBR2,Luminal-like Amorphous DCIS Cells,CXCL14+ Fibroblasts,recompute,recompute,recompute,0.4625524716153596,0.9417110959059584,0.24613745147074395,0.08160636573734653,0.005427302044598217,0.0,0.00012042389210019268,0.03204836940744091,0.0,1384,1.0,0.008832715007709747
JAG1,NOTCH1,11q13 Invasive Tumor Cells (Mitotic),Myeloid Cells,recompute,recompute,recompute,0.7941469661104033,0.7448301506164821,0.6198216015396206,0.05263539325963273,0.0024587070627964786,0.0,0.0,0.0,0.0,23,1.0,0.008831515339037591
JAG1,NOTCH1,"CAFs, Invasive Associated",Macrophages,recompute,recompute,recompute,0.7941469661104033,0.7728785963662539,0.6198216015396206,0.00838985805983649,0.014834469652737872,0.0,0.001836884643644379,0.36772917507588104,0.0,1361,1.0,0.008828448527548141
JAG1,NOTCH1,"CAFs, Invasive Associated","CAFs, DCIS Associated",recompute,recompute,recompute,0.7941469661104033,0.46013374214009517,0.6198216015396206,0.00838985805983649,0.024824385714313182,0.0,0.0009718172983479103,0.13975375178536026,0.0,1323,1.0,0.008822958806246284
CSF1,CSF1R,Macrophages,"CAFs, Invasive Associated",recompute,recompute,recompute,0.8975263081978373,0.6556237992935476,0.6198216015396206,0.013294251962681188,0.009718180396522284,0.0,0.0002769571639586411,0.04401968168879067,0.0,1354,1.0,0.008821376870904072
JAG1,NOTCH1,Macrophages,Basal-like Structured DCIS Cells,recompute,recompute,recompute,0.6303682835571691,0.9232588887953476,0.6198216015396206,0.00027502314493788786,0.46352883193182237,0.0,0.0010822510822510823,0.024661143649025417,0.0,594,1.0,0.008785660071431046
CSF1,CSF1R,Plasma Cells,Endothelial Cells,recompute,recompute,recompute,0.7181940594497765,0.8901135829200775,0.7204611100467462,0.009092431017982948,0.010937673779041644,0.0,0.0,0.0,0.0,536,1.0,0.008779786234704651
CSF1,CSF1R,11q13 Invasive Tumor Cells (G1/S),Endothelial Cells,recompute,recompute,recompute,0.6329636802303048,0.8901135829200775,0.6198216015396206,0.011973593206576157,0.010937673779041644,0.0,0.0,0.0,0.0,262,1.0,0.008777554374421055
CSF1,CSF1R,CXCL14+ Fibroblasts,"CAFs, DCIS Associated",recompute,recompute,recompute,0.9330656492219304,0.46381415478966415,0.7204611100467462,0.0032976778039481187,0.044315367430461515,0.0,0.00011404068971809141,0.015692376949066843,0.0,10961,1.0,0.00877213134054166
JAG1,NOTCH1,Plasma Cells,Basal-like Structured DCIS Cells,recompute,recompute,recompute,0.6303682835571691,0.9232588887953476,0.6198216015396206,0.00027055134627077156,0.46352883193182237,0.0,0.0011337868480725624,0.025835483822788535,0.0,126,1.0,0.008761689300965434
TGFB1,TGFBR2,B Cells,Luminal-like Amorphous DCIS Cells,recompute,recompute,recompute,0.7806633527749638,0.25153574142392743,0.24613745147074395,0.05675679989781828,0.01630369297954023,0.0,0.001184834123222749,0.2506952128972985,0.0,211,1.0,0.00874495498104553
DLL4,NOTCH3,11q13 Invasive Tumor Cells,Macrophages,recompute,recompute,recompute,0.6342079770588467,0.8923034233058523,0.6198216015396206,0.06734007498340545,0.001891930584070094,0.0,0.0001233654083395016,0.054576444197445145,0.0,1351,1.0,0.008743769289316007
JAG1,NOTCH1,Basal-like Structured DCIS Cells,Myeloid Cells,recompute,recompute,recompute,0.9097736029185509,0.7448301506164821,0.6198216015396206,0.04309654638185767,0.0024587070627964786,0.0,0.002768549280177187,0.13144182291030984,0.0,129,1.0,0.008737786019316
DLL4,NOTCH3,Mast Cells,Basal-like Structured DCIS Cells,recompute,recompute,recompute,0.8516956437178343,0.7746834992804791,0.6198216015396206,0.00047235258648800887,0.2295016807597237,0.0,0.0,0.0,0.0,30,1.0,0.008732182553296844
CSF1,CSF1R,11q13 Invasive Tumor Cells (G1/S),"CAFs, Invasive Associated",recompute,recompute,recompute,0.6329636802303048,0.6556237992935476,0.9161861017439125,0.011973593206576157,0.009718180396522284,0.0,0.00030637254901960784,0.0486949746786132,0.0,408,1.0,0.00872913574775453
CSF1,CSF1R,Myeloid Cells,Pericytes,recompute,recompute,recompute,0.7866181160593629,0.8901135829200775,0.7827641335561659,0.009981073684215833,0.007996593535171381,0.0,0.0012853470437017994,0.28613660034678573,0.0,389,1.0,0.008712723422470972
CXCL12,CXCR4,B Cells,Endothelial Cells,recompute,recompute,recompute,0.6160088550075702,0.7757991160529997,0.6198216015396206,0.0052742025956585255,0.027958038284341596,0.0,0.0016567263088137836,0.2323203983882954,0.0,1509,1.0,0.008710529866702415
JAG1,NOTCH1,T Lymphocytes,T Lymphocytes,recompute,recompute,recompute,0.8630183004227985,0.8647171432637394,1.0,0.0006856224272495787,0.08474527904749042,0.0,0.0002491850973842299,0.004346128062529857,0.0,21212,1.0,0.008699951547160181
DLL4,NOTCH3,Basal-like Structured DCIS Cells,Myoepithelial Cells,recompute,recompute,recompute,0.6342079770588467,0.4638256179742202,0.6198216015396206,0.0053032910137447145,0.04464016629523392,0.0,0.00018195050946142647,0.01646622548855984,0.0,6412,1.0,0.00869335784936039
JAG1,NOTCH1,Apocrine Cells,11q13 Invasive Tumor Cells,recompute,recompute,recompute,0.24513582144484414,0.6655462707198134,0.24613745147074395,0.0010709508378277067,1.0,0.0,0.008540372670807452,0.3608896314104639,0.0,184,1.0,0.008688058333135676
CXCL12,CXCR4,Pericytes,CXCL14+ Fibroblasts,recompute,recompute,recompute,0.7487535481622718,0.7757991160529997,0.9429656149619918,0.06372880775749876,0.0012252690191386984,0.0,0.0009348372463679271,0.7500871326722651,0.0,2966,1.0,0.008680121765781203
CSF1,CSF1R,11q13 Invasive Tumor Cells (Mitotic),11q13 Invasive Tumor Cells (Mitotic),recompute,recompute,recompute,0.6329636802303048,0.6556237992935476,1.0,0.03853853776662391,0.0026430507474118963,0.0,0.00016108247422680412,0.0651151956632221,0.0,1552,1.0,0.008663086846097378
TGFB1,TGFBR2,Myoepithelial Cells,11q13 Invasive Tumor Cells (G1/S),recompute,recompute,recompute,0.4625524716153596,0.628133940116149,0.6198216015396206,0.12701346030887714,0.0018417017418815348,0.0,0.0005924170616113745,0.10203045012654428,0.0,422,1.0,0.00865815266860426
CSF1,CSF1R,Luminal-like Amorphous DCIS Cells,Endothelial Cells,recompute,recompute,recompute,0.24945190643783477,0.8901135829200775,0.24613745147074395,0.07022613207428953,0.010937673779041644,0.0,0.0002768549280177187,0.031036539452839303,0.0,1806,1.0,0.008653112728778709
DLL4,NOTCH3,Macrophages,11q13 Invasive Tumor Cells (Mitotic),recompute,recompute,recompute,0.8949858186325867,0.6580560501976399,0.6198216015396206,0.0018955660656360717,0.06060662711593698,0.0,0.0012919896640826872,0.03658185395104138,0.0,129,1.0,0.008651694885082054
TGFB1,TGFBR2,Myeloid Cells,CXCL14+ Fibroblasts,recompute,recompute,recompute,0.744134323411945,0.9417110959059584,0.7827641335561659,0.013941536844336442,0.005427302044598217,0.0,0.00031625553447185326,0.08416497772276703,0.0,527,1.0,0.008636728857218447
CXCL12,CXCR4,Plasma Cells,Myoepithelial Cells,recompute,recompute,recompute,0.8730912658940219,0.46000374398572297,0.8293805866303694,0.005708610653010913,0.021502591154489905,0.0,0.0028058361391694727,0.3370810152144695,0.0,324,1.0,0.00861521618538007
TGFB1,TGFBR2,11q13 Invasive Tumor Cells (G1/S),Mast Cells,recompute,recompute,recompute,0.6618992459738668,0.860445251677117,0.6198216015396206,0.02290427933852047,0.005044198536350481,0.0,0.0,0.0,0.0,0,1.0,0.008611562373472423
TGFB1,TGFBR2,B Cells,11q13 Invasive Tumor Cells (G1/S),recompute,recompute,recompute,0.7806633527749638,0.628133940116149,0.7917001487310438,0.05675679989781828,0.0018417017418815348,0.0,0.005952380952380952,1.0,0.0,42,1.0,0.008604376495934759
CXCL12,CXCR4,Macrophages,11q13 Invasive Tumor Cells (G1/S),recompute,recompute,recompute,0.7487535481622718,0.6632137581773894,0.6198216015396206,0.03388623051970213,0.0038860320327025817,0.0,0.00035236081747709656,0.1993231678517731,0.0,129,1.0,0.008602638467739718
CXCL12,CXCR4,Dendritic Cells,Pericytes,recompute,recompute,recompute,0.6160088550075702,0.7757991160529997,0.6198216015396206,0.014925651776972337,0.009156953124503932,0.0,0.0012751713511503107,0.3337711838751496,0.0,1711,1.0,0.008600981312413507
TGFB1,TGFBR2,T Lymphocytes,Apocrine Cells,recompute,recompute,recompute,0.7806633527749638,0.25153574142392743,0.24613745147074395,1.0,0.0008361810775763445,0.0,0.0009689922480620155,0.1450466566745637,0.0,86,1.0,0.008598534965772163
TGFB1,TGFBR2,Luminal-like Amorphous DCIS Cells,Mast Cells,recompute,recompute,recompute,0.4625524716153596,0.860445251677117,0.24613745147074395,0.08160636573734653,0.005044198536350481,0.0,0.0,0.0,0.0,34,1.0,0.00859534244262833
CXCL12,CXCR4,Mast Cells,Macrophages,recompute,recompute,recompute,0.7487535481622718,0.7757991160529997,0.8567148457705164,0.001641777062288553,0.04917092614889038,0.0,0.0049586776859504135,0.22377260084073472,0.0,165,1.0,0.008589969691073611
CXCL12,CXCR4,11q13 Invasive Tumor Cells,Myoepithelial Cells,recompute,recompute,recompute,0.6160088550075702,0.46000374398572297,0.6198216015396206,0.010634001710228292,0.021502591154489905,0.0,5.282341133590407e-05,0.006345976114438588,0.0,5163,1.0,0.008589486426935694
TGFB1,TGFBR2,Myeloid Cells,B Cells,recompute,recompute,recompute,0.744134323411945,0.628133940116149,0.6198216015396206,0.013941536844336442,0.009895229901992758,0.0,0.0011574074074074073,0.24391671188568637,0.0,144,1.0,0.008582581493627001
CSF1,CSF1R,Macrophages,Myoepithelial Cells,recompute,recompute,recompute,0.8975263081978373,0.46381415478966415,0.7204611100467462,0.013294251962681188,0.00992063151970032,0.0,0.0,0.0,0.0,715,1.0,0.008567766519297781
DLL4,NOTCH3,Macrophages,"CAFs, DCIS Associated",recompute,recompute,recompute,0.8949858186325867,0.4638256179742202,0.7204611100467462,0.0018955660656360717,0.06891862663651398,0.0,0.0001879570774383159,0.0176761581324476,0.0,9754,1.0,0.008550205583360707
CSF1,CSF1R,Macrophages,Basal-like Structured DCIS Cells,recompute,recompute,recompute,0.8975263081978373,0.7744570596502125,0.6198216015396206,0.013294251962681188,0.006818845693506099,0.0,0.00021043771043771043,0.04925102833773627,0.0,594,1.0,0.008549640059276576
CXCL12,CXCR4,Dendritic Cells,"CAFs, Invasive Associated",recompute,recompute,recompute,0.6160088550075702,0.6632137581773894,0.7917001487310438,0.014925651776972337,0.008007263802792432,0.0,0.0008285483062931133,0.20013655263810629,0.0,2359,1.0,0.008534994596093068
CXCL12,CXCR4,Basal-like Structured DCIS Cells,Basal-like Structured DCIS Cells,recompute,recompute,recompute,0.6160088550075702,0.8628183098412396,1.0,0.0021291294377375697,0.03391524182236365,0.0,0.0003715124270906866,0.028384406885811963,0.0,19576,1.0,0.008524800921815047
TGFB1,TGFBR2,11q13 Invasive Tumor Cells (Mitotic),11q13 Invasive Tumor Cells (G1/S),recompute,recompute,recompute,0.6618992459738668,0.628133940116149,0.9592803095773328,0.05212675997941913,0.0018417017418815348,0.0,0.00011148272017837234,0.019200379020468977,0.0,1495,1.0,0.00852142111105638
DLL4,NOTCH3,Myeloid Cells,Myoepithelial Cells,recompute,recompute,recompute,0.7840818683779507,0.4638256179742202,0.7204611100467462,0.0032417203409647417,0.04464016629523392,0.0,0.0,0.0,0.0,85,1.0,0.008507557942008604
DLL4,NOTCH3,Myeloid Cells,11q13 Invasive Tumor Cells (G1/S),recompute,recompute,recompute,0.7840818683779507,0.6580560501976399,0.6198216015396206,0.0032417203409647417,0.0362497659817488,0.0,0.0,0.0,0.0,32,1.0,0.008494976977645431
TGFB1,TGFBR2,CXCL14+ Fibroblasts,B Cells,recompute,recompute,recompute,0.8649048900453102,0.628133940116149,0.6198216015396206,0.011170777497016586,0.009895229901992758,0.0,0.0005267593763168983,0.11101139858261325,0.0,791,1.0,0.008481374554815796
DLL4,NOTCH3,Pericytes,B Cells,recompute,recompute,recompute,0.9184503888425789,0.7746834992804791,0.6198216015396206,0.11694486957515715,0.0007179840585900947,0.0,0.0009407337723424271,0.49710605747219166,0.0,1063,1.0,0.008474058655712323
JAG1,NOTCH1,CXCL14+ Fibroblasts,Basal-like Structured DCIS Cells,recompute,recompute,recompute,0.6303682835571691,0.9232588887953476,0.6198216015396206,0.0002196427612790349,0.46352883193182237,0.0,0.00042900042900042895,0.009775588473487551,0.0,1332,1.0,0.008462519216624534
CSF1,CSF1R,11q13 Invasive Tumor Cells (Mitotic),Luminal-like Amorphous DCIS Cells,recompute,recompute,recompute,0.6329636802303048,0.46381415478966415,0.24613745147074395,0.03853853776662391,0.013082994902830098,0.0,0.0007122507122507123,0.13392808921636234,0.0,351,1.0,0.008451177604593327
DLL4,NOTCH3,"CAFs, DCIS Associated",CXCL14+ Fibroblasts,recompute,recompute,recompute,0.7160288858520609,0.8818326005152037,0.7204611100467462,0.018679344959851515,0.004265561924923322,0.0,4.3572984749455335e-05,0.009464326817818336,0.0,11475,1.0,0.008443925629097836
DLL4,NOTCH3,Dendritic Cells,"CAFs, DCIS Associated",recompute,recompute,recompute,0.6342079770588467,0.4638256179742202,0.6198216015396206,0.0028649117803088656,0.06891862663651398,0.0,0.0003996802557953637,0.03758736569084235,0.0,3336,1.0,0.008434327006253866
TGFB1,TGFBR2,CXCL14+ Fibroblasts,Mast Cells,recompute,recompute,recompute,0.8649048900453102,0.860445251677117,0.8567148457705164,0.011170777497016586,0.005044198536350481,0.0,0.0006082725060827251,0.044188059850615545,0.0,137,1.0,0.008431421242124246
JAG1,NOTCH1,Pericytes,B Cells,recompute,recompute,recompute,0.6303682835571691,0.8647171432637394,0.6198216015396206,0.03425584686464733,0.0030854511812878796,0.0,0.001747077005778793,0.35708657929317167,0.0,1063,1.0,0.008422965308553488
JAG1,NOTCH1,11q13 Invasive Tumor Cells (Mitotic),Plasma Cells,recompute,recompute,recompute,0.7941469661104033,0.46013374214009517,0.6198216015396206,0.05263539325963273,0.0029919533735881763,0.0,0.02857142857142857,1.0,0.0,5,1.0,0.008421335829251118
JAG1,NOTCH1,B Cells,Basal-like Structured DCIS Cells,recompute,recompute,recompute,0.8630183004227985,0.9232588887953476,0.8693461273411047,0.00011090031177372873,0.46352883193182237,0.0,0.0005952380952380952,0.013563629006963979,0.0,360,1.0,0.008419070668148032
CXCL12,CXCR4,Myeloid Cells,Macrophages,recompute,recompute,recompute,0.7487535481622718,0.7757991160529997,0.7827641335561659,0.0015847932820241062,0.04917092614889038,0.0,0.0030864197530864196,0.13928232871259721,0.0,162,1.0,0.008412023770588034
TGFB1,TGFBR2,Myeloid Cells,Mast Cells,recompute,recompute,recompute,0.744134323411945,0.860445251677117,0.7827641335561659,0.013941536844336442,0.005044198536350481,0.0,0.003623188405797101,0.26320713911018817,0.0,23,1.0,0.008404623272360214
JAG1,NOTCH1,Apocrine Cells,Endothelial Cells,recompute,recompute,recompute,0.24513582144484414,0.7728785963662539,0.24613745147074395,0.0010709508378277067,0.7025747778867708,0.0,0.0047619047619047615,0.06769226969806011,0.0,15,1.0,0.00839834397902274
CXCL12,CXCR4,Myoepithelial Cells,Pericytes,recompute,recompute,recompute,0.8023917560710954,0.7757991160529997,0.7204611100467462,0.008536715800078514,0.009156953124503932,0.0,0.00021185443246551485,0.055452080749324936,0.0,1931,1.0,0.008397142358915716
TGFB1,TGFBR2,11q13 Invasive Tumor Cells (Mitotic),Luminal-like Amorphous DCIS Cells,recompute,recompute,recompute,0.6618992459738668,0.25153574142392743,0.24613745147074395,0.05212675997941913,0.01630369297954023,0.0,0.0007122507122507123,0.15070282028868942,0.0,351,1.0,0.008387890136155787
CSF1,CSF1R,Apocrine Cells,"CAFs, DCIS Associated",recompute,recompute,recompute,0.24945190643783477,0.46381415478966415,0.24613745147074395,0.02755557660641766,0.044315367430461515,0.0,0.007022471910112359,0.9663154142624814,0.0,89,1.0,0.008385818282530133
DLL4,NOTCH3,CXCL14+ Fibroblasts,"CAFs, Invasive Associated",recompute,recompute,recompute,0.9184503888425789,0.6580560501976399,0.6198216015396206,0.0004696576149175879,0.1973932010691654,0.0,0.0011720581340834506,0.02097717523268195,0.0,1422,1.0,0.008384001686834322
DLL4,NOTCH3,Dendritic Cells,11q13 Invasive Tumor Cells (G1/S),recompute,recompute,recompute,0.6342079770588467,0.6580560501976399,0.7917001487310438,0.0028649117803088656,0.0362497659817488,0.0,0.0007974481658692185,0.03344447485299294,0.0,209,1.0,0.008367176008350515
TGFB1,TGFBR2,Myoepithelial Cells,11q13 Invasive Tumor Cells (Mitotic),recompute,recompute,recompute,0.4625524716153596,0.628133940116149,0.6198216015396206,0.12701346030887714,0.0014987600472605432,0.0,0.0005058168942842691,0.18839932461423914,0.0,659,1.0,0.008365863947784229
CXCL12,CXCR4,Basal-like Structured DCIS Cells,11q13 Invasive Tumor Cells,recompute,recompute,recompute,0.6160088550075702,0.6632137581773894,0.7917001487310438,0.0021291294377375697,0.04976777849846808,0.0,9.025623745814365e-05,0.030844660581805246,0.0,30217,1.0,0.008365507234493731
TGFB1,TGFBR2,11q13 Invasive Tumor Cells,Apocrine Cells,recompute,recompute,recompute,0.6618992459738668,0.25153574142392743,0.24613745147074395,0.9884381288839681,0.0008361810775763445,0.0,0.0004655493482309125,0.06968722052520937,0.0,179,1.0,0.008349056354404106
TGFB1,TGFBR2,11q13 Invasive Tumor Cells (G1/S),Plasma Cells,recompute,recompute,recompute,0.6618992459738668,0.7241065161359392,0.6198216015396206,0.02290427933852047,0.004952137174709604,0.0,0.0,0.0,0.0,5,1.0,0.008341840960494111
CSF1,CSF1R,CXCL14+ Fibroblasts,11q13 Invasive Tumor Cells,recompute,recompute,recompute,0.9330656492219304,0.6556237992935476,0.6198216015396206,0.0032976778039481187,0.026828838353614524,0.0,2.1995424951610066e-05,0.010237936743754627,0.0,5683,1.0,0.00833567680713402
CSF1,CSF1R,Plasma Cells,Pericytes,recompute,recompute,recompute,0.7181940594497765,0.8901135829200775,0.7204611100467462,0.009092431017982948,0.007996593535171381,0.0,0.0,0.0,0.0,452,1.0,0.008333241646426582
JAG1,NOTCH1,Basal-like Structured DCIS Cells,Plasma Cells,recompute,recompute,recompute,0.9097736029185509,0.46013374214009517,0.6198216015396206,0.04309654638185767,0.0029919533735881763,0.0,0.0018083182640144665,0.06945249474893182,0.0,79,1.0,0.008331959765447696
CSF1,CSF1R,11q13 Invasive Tumor Cells (G1/S),Pericytes,recompute,recompute,recompute,0.6329636802303048,0.8901135829200775,0.6198216015396206,0.011973593206576157,0.007996593535171381,0.0,0.0014492753623188406,0.32262938415912945,0.0,345,1.0,0.008331123299741706
TGFB1,TGFBR2,Luminal-like Amorphous DCIS Cells,Plasma Cells,recompute,recompute,recompute,0.4625524716153596,0.7241065161359392,0.24613745147074395,0.08160636573734653,0.004952137174709604,0.0,0.0006127450980392157,0.0844540289990686,0.0,272,1.0,0.008326129051594928
DLL4,NOTCH3,11q13 Invasive Tumor Cells (G1/S),Luminal-like Amorphous DCIS Cells,recompute,recompute,recompute,0.6342079770588467,0.4638256179742202,0.24613745147074395,0.0008958753988410421,0.5131068416842878,0.0,0.0,0.0,0.0,19,1.0,0.00832474117424764
DLL4,NOTCH3,Pericytes,Plasma Cells,recompute,recompute,recompute,0.9184503888425789,0.4638256179742202,0.7204611100467462,0.11694486957515715,0.0009249287638231187,0.0,0.0,0.0,0.0,394,1.0,0.008321198169496842
TGFB1,TGFBR2,B Cells,11q13 Invasive Tumor Cells (Mitotic),recompute,recompute,recompute,0.7806633527749638,0.628133940116149,0.7917001487310438,0.05675679989781828,0.0014987600472605432,0.0,0.0,0.0,0.0,50,1.0,0.00831390319340565
CSF1,CSF1R,B Cells,Luminal-like Amorphous DCIS Cells,recompute,recompute,recompute,0.6329636802303048,0.46381415478966415,0.24613745147074395,0.034822583417649544,0.013082994902830098,0.0,0.0,0.0,0.0,211,1.0,0.00830956309505336
JAG1,NOTCH1,Dendritic Cells,11q13 Invasive Tumor Cells (G1/S),recompute,recompute,recompute,0.8630183004227985,0.6655462707198134,0.7917001487310438,0.001657584379221534,0.043382027682688826,0.0,0.0017088174982911822,0.08319843039312146,0.0,209,1.0,0.008300250559252246
TGFB1,TGFBR2,11q13 Invasive Tumor Cells (Mitotic),11q13 Invasive Tumor Cells (Mitotic),recompute,recompute,recompute,0.6618992459738668,0.628133940116149,1.0,0.05212675997941913,0.0014987600472605432,0.0,0.0002147766323024055,0.07999687817060798,0.0,1552,1.0,0.008290995207225333
DLL4,NOTCH3,Mast Cells,"CAFs, Invasive Associated",recompute,recompute,recompute,0.8516956437178343,0.6580560501976399,0.6198216015396206,0.00047235258648800887,0.1973932010691654,0.0,0.0,0.0,0.0,144,1.0,0.008287119927354102
CXCL12,CXCR4,CXCL14+ Fibroblasts,"CAFs, Invasive Associated",recompute,recompute,recompute,0.7487535481622718,0.6632137581773894,0.6198216015396206,0.013109255449725675,0.008007263802792432,0.0,0.00028768699654775604,0.06949104028161508,0.0,1422,1.0,0.008283623739456552
JAG1,NOTCH1,B Cells,Endothelial Cells,recompute,recompute,recompute,0.8630183004227985,0.7728785963662539,0.6198216015396206,0.00011090031177372873,0.7025747778867708,0.0,0.0005206854113414749,0.007401739231398223,0.0,1509,1.0,0.008279620217369388
TGFB1,TGFBR2,Myoepithelial Cells,Myeloid Cells,recompute,recompute,recompute,0.4625524716153596,0.7821407762924618,0.7204611100467462,0.12701346030887714,0.0009726234029574384,0.0,0.0,0.0,0.0,51,1.0,0.008278962397546063
CXCL12,CXCR4,T Lymphocytes,11q13 Invasive Tumor Cells (G1/S),recompute,recompute,recompute,0.6160088550075702,0.6632137581773894,0.7917001487310438,0.025575340320379867,0.0038860320327025817,0.0,0.0,0.0,0.0,81,1.0,0.008276658800997646
CSF1,CSF1R,CXCL14+ Fibroblasts,T Lymphocytes,recompute,recompute,recompute,0.9330656492219304,0.7744570596502125,0.6198216015396206,0.0032976778039481187,0.02165809680677239,0.0,0.00013290802764486976,0.015325596757621107,0.0,1881,1.0,0.00826991507510887
CSF1,CSF1R,11q13 Invasive Tumor Cells (G1/S),Basal-like Structured DCIS Cells,recompute,recompute,recompute,0.6329636802303048,0.7744570596502125,0.7917001487310438,0.011973593206576157,0.006818845693506099,0.0,0.0003159224936815501,0.07393878053735976,0.0,1187,1.0,0.00825680839534649
CXCL12,CXCR4,T Lymphocytes,Luminal-like Amorphous DCIS Cells,recompute,recompute,recompute,0.6160088550075702,0.46000374398572297,0.24613745147074395,0.025575340320379867,0.017738069381683,0.0,0.00023736055067647758,0.05917638250953898,0.0,383,1.0,0.008254847225833008
TGFB1,TGFBR2,"CAFs, Invasive Associated",Apocrine Cells,recompute,recompute,recompute,0.6618992459738668,0.25153574142392743,0.24613745147074395,0.9188457246466148,0.0008361810775763445,0.0,0.0,0.0,0.0,0,1.0,0.008248080874918486
JAG1,NOTCH1,11q13 Invasive Tumor Cells (Mitotic),Mast Cells,recompute,recompute,recompute,0.7941469661104033,0.7728785963662539,0.6198216015396206,0.05263539325963273,0.0015718900135326876,0.0,0.0,0.0,0.0,5,1.0,0.00824765133847466
CXCL12,CXCR4,Myeloid Cells,B Cells,recompute,recompute,recompute,0.7487535481622718,0.9546923450729715,0.6198216015396206,0.0015847932820241062,0.04457454658784243,0.0,0.0012626262626262627,0.04676157676293161,0.0,144,1.0,0.00823989938630781
CXCL12,CXCR4,Basal-like Structured DCIS Cells,Macrophages,recompute,recompute,recompute,0.6160088550075702,0.7757991160529997,0.6198216015396206,0.0021291294377375697,0.04917092614889038,0.0,0.0010526315789473686,0.047502604739875276,0.0,475,1.0,0.008227210148928557
CXCL12,CXCR4,Dendritic Cells,11q13 Invasive Tumor Cells (Mitotic),recompute,recompute,recompute,0.6160088550075702,0.6632137581773894,0.7917001487310438,0.014925651776972337,0.006423079245780309,0.0,0.0003695491500369549,0.04970425058701996,0.0,246,1.0,0.008227094074144686
CSF1,CSF1R,Myeloid Cells,"CAFs, Invasive Associated",recompute,recompute,recompute,0.7866181160593629,0.6556237992935476,0.6198216015396206,0.009981073684215833,0.009718180396522284,0.0,0.00078125,0.12417218543046367,0.0,160,1.0,0.008226998414223748
JAG1,NOTCH1,Pericytes,Myeloid Cells,recompute,recompute,recompute,0.6303682835571691,0.7448301506164821,0.7827641335561659,0.03425584686464733,0.0024587070627964786,0.0,0.0027124773960216994,0.12877971004124028,0.0,316,1.0,0.008224717467830999
TGFB1,TGFBR2,Dendritic Cells,Apocrine Cells,recompute,recompute,recompute,0.7806633527749638,0.25153574142392743,0.24613745147074395,0.7613650405309432,0.0008361810775763445,0.0,0.005555555555555555,0.8316008316008318,0.0,75,1.0,0.008216558477138647
CXCL12,CXCR4,11q13 Invasive Tumor Cells,"CAFs, Invasive Associated",recompute,recompute,recompute,0.6160088550075702,0.6632137581773894,0.8824495942126559,0.010634001710228292,0.008007263802792432,0.0,8.758101243650377e-05,0.02115526852503889,0.0,4671,1.0,0.008213319240960061
CSF1,CSF1R,Luminal-like Amorphous DCIS Cells,Pericytes,recompute,recompute,recompute,0.24945190643783477,0.8901135829200775,0.24613745147074395,0.07022613207428953,0.007996593535171381,0.0,0.00021601382488479264,0.04808776103178269,0.0,1736,1.0,0.008213010822251347
CSF1,CSF1R,B Cells,B Cells,recompute,recompute,recompute,0.6329636802303048,0.7744570596502125,1.0,0.034822583417649544,0.0017943776934449295,0.0,0.0006170662905500705,0.15920956438904452,0.0,1418,1.0,0.008210298068125947
DLL4,NOTCH3,"CAFs, Invasive Associated",11q13 Invasive Tumor Cells (G1/S),recompute,recompute,recompute,0.6342079770588467,0.6580560501976399,0.9161861017439125,0.002196330917593002,0.0362497659817488,0.0,0.0,0.0,0.0,460,1.0,0.008201889185412306
JAG1,NOTCH1,Endothelial Cells,B Cells,recompute,recompute,recompute,0.6303682835571691,0.8647171432637394,0.6198216015396206,0.029179138324176478,0.0030854511812878796,0.0,0.0006548458593592584,0.1338445112089709,0.0,1418,1.0,0.008200770181051928
JAG1,NOTCH1,T Lymphocytes,Myoepithelial Cells,recompute,recompute,recompute,0.8630183004227985,0.46013374214009517,0.6198216015396206,0.0006856224272495787,0.17955576343167495,0.0,0.0016767270288397045,0.05825227126234566,0.0,1278,1.0,0.008195527714775885
CSF1,CSF1R,B Cells,11q13 Invasive Tumor Cells (Mitotic),recompute,recompute,recompute,0.6329636802303048,0.6556237992935476,0.7917001487310438,0.034822583417649544,0.0026430507474118963,0.0,0.0,0.0,0.0,50,1.0,0.00819270059873888
DLL4,NOTCH3,11q13 Invasive Tumor Cells (Mitotic),Dendritic Cells,recompute,recompute,recompute,0.6342079770588467,0.7746834992804791,0.7917001487310438,0.008557082379913908,0.009044464882971325,0.0,0.0007974481658692185,0.0905669067106845,0.0,209,1.0,0.008186615397976334
TGFB1,TGFBR2,Mast Cells,Luminal-like Amorphous DCIS Cells,recompute,recompute,recompute,0.830274180208954,0.25153574142392743,0.24613745147074395,0.03572830522875711,0.01630369297954023,0.0,0.0,0.0,0.0,41,1.0,0.00817930296081204
DLL4,NOTCH3,T Lymphocytes,Dendritic Cells,recompute,recompute,recompute,0.6342079770588467,0.7746834992804791,0.909150863993142,0.007392968575375538,0.009044464882971325,0.0,0.00014457552625491554,0.016419572781517226,0.0,5764,1.0,0.00817584150859407
CSF1,CSF1R,Apocrine Cells,11q13 Invasive Tumor Cells,recompute,recompute,recompute,0.24945190643783477,0.6556237992935476,0.24613745147074395,0.02755557660641766,0.026828838353614524,0.0,0.0,0.0,0.0,184,1.0,0.008170936367563187
DLL4,NOTCH3,"CAFs, DCIS Associated",T Lymphocytes,recompute,recompute,recompute,0.7160288858520609,0.7746834992804791,0.6198216015396206,0.018679344959851515,0.0046263543438723525,0.0,2.872572676088705e-05,0.01565925926373243,0.0,11604,1.0,0.008168717562213573
JAG1,NOTCH1,Basal-like Structured DCIS Cells,Mast Cells,recompute,recompute,recompute,0.9097736029185509,0.7728785963662539,0.6198216015396206,0.04309654638185767,0.0015718900135326876,0.0,0.0,0.0,0.0,18,1.0,0.008160118596971168
JAG1,NOTCH1,11q13 Invasive Tumor Cells (G1/S),Myeloid Cells,recompute,recompute,recompute,0.7941469661104033,0.7448301506164821,0.6198216015396206,0.032311095449028576,0.0024587070627964786,0.0,0.023809523809523808,1.0,0.0,21,1.0,0.00814168329361739
TGFB1,TGFBR2,Plasma Cells,Luminal-like Amorphous DCIS Cells,recompute,recompute,recompute,0.4625524716153596,0.25153574142392743,0.24613745147074395,0.06220829473112404,0.01630369297954023,0.0,0.004612546125461254,0.9759536885854239,0.0,271,1.0,0.00813789681958072
JAG1,NOTCH1,Mast Cells,Endothelial Cells,recompute,recompute,recompute,0.6303682835571691,0.7728785963662539,0.8567148457705164,9.902323108165853e-05,0.7025747778867708,0.0,0.0020703933747412005,0.02943142160785222,0.0,276,1.0,0.008137716870497438
CXCL12,CXCR4,CXCL14+ Fibroblasts,Mast Cells,recompute,recompute,recompute,0.7487535481622718,0.7757991160529997,0.8567148457705164,0.013109255449725675,0.004443041812720275,0.0,0.00165892501658925,0.06201246490928171,0.0,137,1.0,0.008135121364989542
CXCL12,CXCR4,11q13 Invasive Tumor Cells,Pericytes,recompute,recompute,recompute,0.6160088550075702,0.7757991160529997,0.6198216015396206,0.010634001710228292,0.009156953124503932,0.0,8.770391159445713e-05,0.022956160657904283,0.0,5701,1.0,0.00812846600497768
CXCL12,CXCR4,B Cells,"CAFs, DCIS Associated",recompute,recompute,recompute,0.6160088550075702,0.46000374398572297,0.6198216015396206,0.0052742025956585255,0.0310998965832685,0.0,0.0017127477367262054,0.3232179988210349,0.0,4087,1.0,0.0081268447153262
DLL4,NOTCH3,Luminal-like Amorphous DCIS Cells,11q13 Invasive Tumor Cells (Mitotic),recompute,recompute,recompute,0.2490567623945399,0.6580560501976399,0.24613745147074395,0.011649387573427093,0.06060662711593698,0.0,0.0013404825737265416,0.03795489940764884,0.0,373,1.0,0.00811136174128801
JAG1,NOTCH1,Myoepithelial Cells,B Cells,recompute,recompute,recompute,0.6303682835571691,0.8647171432637394,0.6198216015396206,0.027254376065765328,0.0030854511812878796,0.0,0.0009064539521392312,0.1852709067691534,0.0,394,1.0,0.008108028626333348
CSF1,CSF1R,Apocrine Cells,T Lymphocytes,recompute,recompute,recompute,0.24945190643783477,0.7744570596502125,0.24613745147074395,0.02755557660641766,0.02165809680677239,0.0,0.0,0.0,0.0,74,1.0,0.008106474304046244
CSF1,CSF1R,CXCL14+ Fibroblasts,Endothelial Cells,recompute,recompute,recompute,0.9330656492219304,0.8901135829200775,0.9429656149619918,0.0032976778039481187,0.010937673779041644,0.0,0.00013837638376383763,0.015512543427627614,0.0,2710,1.0,0.008100243362006149
JAG1,NOTCH1,Apocrine Cells,Basal-like Structured DCIS Cells,recompute,recompute,recompute,0.24513582144484414,0.9232588887953476,0.24613745147074395,0.0010709508378277067,0.46352883193182237,0.0,0.003654970760233918,0.08328544127083146,0.0,684,1.0,0.008071601791886176
DLL4,NOTCH3,"CAFs, Invasive Associated","CAFs, DCIS Associated",recompute,recompute,recompute,0.6342079770588467,0.4638256179742202,0.6198216015396206,0.002196330917593002,0.06891862663651398,0.0,0.0005039052658100277,0.04738905969185566,0.0,1323,1.0,0.008068911129788102
CXCL12,CXCR4,11q13 Invasive Tumor Cells (G1/S),Dendritic Cells,recompute,recompute,recompute,0.6160088550075702,0.9008184599638702,0.7917001487310438,0.0001971810371238748,0.3180524283074206,0.0,0.0007065473386716909,0.009818615677922606,0.0,193,1.0,0.00806668588892175
CSF1,CSF1R,Luminal-like Amorphous DCIS Cells,"CAFs, Invasive Associated",recompute,recompute,recompute,0.24945190643783477,0.6556237992935476,0.24613745147074395,0.07022613207428953,0.009718180396522284,0.0,0.0,0.0,0.0,147,1.0,0.008062763396029255
CXCL12,CXCR4,B Cells,Plasma Cells,recompute,recompute,recompute,0.6160088550075702,0.46000374398572297,0.6198216015396206,0.0052742025956585255,0.029279151553362335,0.0,0.005050505050505049,0.11925441713127438,0.0,297,1.0,0.008045540402286432
JAG1,NOTCH1,T Lymphocytes,11q13 Invasive Tumor Cells (Mitotic),recompute,recompute,recompute,0.8630183004227985,0.6655462707198134,0.7917001487310438,0.0006856224272495787,0.08666944020865194,0.0,0.0022091310751104565,0.026487294405272515,0.0,97,1.0,0.00804055571615308
CSF1,CSF1R,11q13 Invasive Tumor Cells (Mitotic),B Cells,recompute,recompute,recompute,0.6329636802303048,0.7744570596502125,0.7917001487310438,0.03853853776662391,0.0017943776934449295,0.0,0.0,0.0,0.0,42,1.0,0.008031402983046502
TGFB1,TGFBR2,Myeloid Cells,Plasma Cells,recompute,recompute,recompute,0.744134323411945,0.7241065161359392,0.7204611100467462,0.013941536844336442,0.004952137174709604,0.0,0.0,0.0,0.0,37,1.0,0.008029616615359553
TGFB1,TGFBR2,Endothelial Cells,Apocrine Cells,recompute,recompute,recompute,0.8649048900453102,0.25153574142392743,0.24613745147074395,0.5918084951805068,0.0008361810775763445,0.0,0.0,0.0,0.0,33,1.0,0.008014419811428421
JAG1,NOTCH1,Endothelial Cells,Myeloid Cells,recompute,recompute,recompute,0.6303682835571691,0.7448301506164821,0.7827641335561659,0.029179138324176478,0.0024587070627964786,0.0,0.0009064539521392312,0.04303552069906083,0.0,394,1.0,0.008007752054881578
CSF1,CSF1R,Myeloid Cells,Myoepithelial Cells,recompute,recompute,recompute,0.7866181160593629,0.46381415478966415,0.7204611100467462,0.009981073684215833,0.00992063151970032,0.0,0.0,0.0,0.0,85,1.0,0.007990476158001195
CXCL12,CXCR4,CXCL14+ Fibroblasts,11q13 Invasive Tumor Cells (Mitotic),recompute,recompute,recompute,0.7487535481622718,0.6632137581773894,0.6198216015396206,0.013109255449725675,0.006423079245780309,0.0,0.0,0.0,0.0,390,1.0,0.007984791438593679
CSF1,CSF1R,Plasma Cells,"CAFs, Invasive Associated",recompute,recompute,recompute,0.7181940594497765,0.6556237992935476,0.6198216015396206,0.009092431017982948,0.009718180396522284,0.0,0.0035087719298245615,0.557685604740328,0.0,285,1.0,0.007978198858926165
JAG1,NOTCH1,Mast Cells,11q13 Invasive Tumor Cells,recompute,recompute,recompute,0.6303682835571691,0.6655462707198134,0.6198216015396206,9.902323108165853e-05,1.0,0.0,0.0,0.0,0.0,78,1.0,0.007976334923808644
CSF1,CSF1R,Myeloid Cells,Basal-like Structured DCIS Cells,recompute,recompute,recompute,0.7866181160593629,0.7744570596502125,0.6198216015396206,0.009981073684215833,0.006818845693506099,0.0,0.0,0.0,0.0,162,1.0,0.007973571046698007
JAG1,NOTCH1,Myeloid Cells,Pericytes,recompute,recompute,recompute,0.6303682835571691,0.7728785963662539,0.7827641335561659,0.0003788349535045612,0.17748963886584487,0.0,0.0009181050312155709,0.031311350539021225,0.0,389,1.0,0.007970676525755272
CXCL12,CXCR4,Plasma Cells,Pericytes,recompute,recompute,recompute,0.8730912658940219,0.7757991160529997,0.7204611100467462,0.005708610653010913,0.009156953124503932,0.0,0.001005631536604988,0.2632201768115694,0.0,452,1.0,0.007963739073338067
DLL4,NOTCH3,Macrophages,Myoepithelial Cells,recompute,recompute,recompute,0.8949858186325867,0.4638256179742202,0.7204611100467462,0.0018955660656360717,0.04464016629523392,0.0,0.0004662004662004662,0.042190384748309974,0.0,715,1.0,0.007953191280998629
DLL4,NOTCH3,CXCL14+ Fibroblasts,Luminal-like Amorphous DCIS Cells,recompute,recompute,recompute,0.9184503888425789,0.4638256179742202,0.24613745147074395,0.0004696576149175879,0.5131068416842878,0.0,0.0007824726134585289,0.017775596063131373,0.0,1491,1.0,0.007951171100883428
CXCL12,CXCR4,Mast Cells,11q13 Invasive Tumor Cells,recompute,recompute,recompute,0.7487535481622718,0.6632137581773894,0.6198216015396206,0.001641777062288553,0.04976777849846808,0.0,0.0,0.0,0.0,78,1.0,0.007944880815232924
DLL4,NOTCH3,Macrophages,11q13 Invasive Tumor Cells (G1/S),recompute,recompute,recompute,0.8949858186325867,0.6580560501976399,0.6198216015396206,0.0018955660656360717,0.0362497659817488,0.0,0.0,0.0,0.0,129,1.0,0.007941430113250863
TGFB1,TGFBR2,CXCL14+ Fibroblasts,Plasma Cells,recompute,recompute,recompute,0.8649048900453102,0.7241065161359392,0.7204611100467462,0.011170777497016586,0.004952137174709604,0.0,0.00029239766081871346,0.040300869978502914,0.0,285,1.0,0.007934930311702365
CSF1,CSF1R,Plasma Cells,Myoepithelial Cells,recompute,recompute,recompute,0.7181940594497765,0.46381415478966415,0.8293805866303694,0.009092431017982948,0.00992063151970032,0.0,0.0015432098765432098,0.2306249160138953,0.0,324,1.0,0.007932802776181925
DLL4,NOTCH3,Plasma Cells,"CAFs, DCIS Associated",recompute,recompute,recompute,0.7160288858520609,0.4638256179742202,0.8767341187813952,0.0012306151710811475,0.06891862663651398,0.0,0.0004081632653061224,0.03838513835040309,0.0,2450,1.0,0.00792080422305981
CXCL12,CXCR4,11q13 Invasive Tumor Cells,11q13 Invasive Tumor Cells (Mitotic),recompute,recompute,recompute,0.6160088550075702,0.6632137581773894,0.8824495942126559,0.010634001710228292,0.006423079245780309,0.0,0.00017882009176894913,0.0240512490703576,0.0,11947,1.0,0.007917023179755997
CXCL12,CXCR4,Myeloid Cells,11q13 Invasive Tumor Cells,recompute,recompute,recompute,0.7487535481622718,0.6632137581773894,0.6198216015396206,0.0015847932820241062,0.04976777849846808,0.0,0.0001181660627067906,0.04038271701908185,0.0,1154,1.0,0.007898242711022236
JAG1,NOTCH1,T Lymphocytes,Dendritic Cells,recompute,recompute,recompute,0.8630183004227985,0.8647171432637394,0.909150863993142,0.0006856224272495787,0.05197941571611153,0.0,0.00019827500743531274,0.009067814623478191,0.0,5764,1.0,0.007893000770752227
DLL4,NOTCH3,Mast Cells,Luminal-like Amorphous DCIS Cells,recompute,recompute,recompute,0.8516956437178343,0.4638256179742202,0.24613745147074395,0.00047235258648800887,0.5131068416842878,0.0,0.0,0.0,0.0,41,1.0,0.007859290937334382
CXCL12,CXCR4,T Lymphocytes,Myeloid Cells,recompute,recompute,recompute,0.6160088550075702,0.7447682696221608,0.6198216015396206,0.025575340320379867,0.003215470541813311,0.0,0.001762780156131957,0.14963216643345273,0.0,361,1.0,0.007849169740123872
DLL4,NOTCH3,Dendritic Cells,Myoepithelial Cells,recompute,recompute,recompute,0.6342079770588467,0.4638256179742202,0.6198216015396206,0.0028649117803088656,0.04464016629523392,0.0,0.00011803588290840415,0.010682055628555818,0.0,1412,1.0,0.007845403874004092
CXCL12,CXCR4,Mast Cells,Endothelial Cells,recompute,recompute,recompute,0.7487535481622718,0.7757991160529997,0.8567148457705164,0.001641777062288553,0.027958038284341596,0.0,0.00032938076416337287,0.04618860094439234,0.0,276,1.0,0.007818522562350072
DLL4,NOTCH3,Luminal-like Amorphous DCIS Cells,"CAFs, DCIS Associated",recompute,recompute,recompute,0.2490567623945399,0.4638256179742202,0.24613745147074395,0.011649387573427093,0.06891862663651398,0.0,0.0008540001366400216,0.08031323782066642,0.0,4879,1.0,0.007817690865314702
DLL4,NOTCH3,B Cells,Basal-like Structured DCIS Cells,recompute,recompute,recompute,0.6342079770588467,0.7746834992804791,0.8693461273411047,0.00023276310008261776,0.2295016807597237,0.0,0.0004629629629629629,0.023014182528680413,0.0,360,1.0,0.007817080263428311
CSF1,CSF1R,Luminal-like Amorphous DCIS Cells,Basal-like Structured DCIS Cells,recompute,recompute,recompute,0.24945190643783477,0.7744570596502125,0.24613745147074395,0.07022613207428953,0.006818845693506099,0.0,0.0006929046563192905,0.1621680201364487,0.0,902,1.0,0.00781439518206365
JAG1,NOTCH1,T Lymphocytes,"CAFs, Invasive Associated",recompute,recompute,recompute,0.8630183004227985,0.6655462707198134,0.7917001487310438,0.0006856224272495787,0.07272217354205764,0.0,0.0003273809523809523,0.00916476093915727,0.0,2400,1.0,0.007808834355658519
JAG1,NOTCH1,Myoepithelial Cells,Myeloid Cells,recompute,recompute,recompute,0.6303682835571691,0.7448301506164821,0.7204611100467462,0.027254376065765328,0.0024587070627964786,0.0,0.0,0.0,0.0,51,1.0,0.007808504299729092
CXCL12,CXCR4,Myoepithelial Cells,"CAFs, Invasive Associated",recompute,recompute,recompute,0.8023917560710954,0.6632137581773894,0.6198216015396206,0.008536715800078514,0.008007263802792432,0.0,0.00046560353858689327,0.11246693331109021,0.0,1562,1.0,0.007801542053043987
JAG1,NOTCH1,Pericytes,Mast Cells,recompute,recompute,recompute,0.6303682835571691,0.7728785963662539,0.8567148457705164,0.03425584686464733,0.0015718900135326876,0.0,0.006984126984126985,0.2822399589469154,0.0,225,1.0,0.007797408423972612
CSF1,CSF1R,11q13 Invasive Tumor Cells (Mitotic),Myeloid Cells,recompute,recompute,recompute,0.6329636802303048,0.7471243099617693,0.6198216015396206,0.03853853776662391,0.00197514773301428,0.0,0.0,0.0,0.0,23,1.0,0.007787939799480604
CXCL12,CXCR4,Mast Cells,Basal-like Structured DCIS Cells,recompute,recompute,recompute,0.7487535481622718,0.8628183098412396,0.6198216015396206,0.001641777062288553,0.03391524182236365,0.0,0.004545454545454545,0.347283218247909,0.0,30,1.0,0.007787047212472329
JAG1,NOTCH1,11q13 Invasive Tumor Cells (G1/S),Plasma Cells,recompute,recompute,recompute,0.7941469661104033,0.46013374214009517,0.6198216015396206,0.032311095449028576,0.0029919533735881763,0.0,0.014285714285714285,0.5486747085165614,0.0,5,1.0,0.00776354301598565
JAG1,NOTCH1,Dendritic Cells,Luminal-like Amorphous DCIS Cells,recompute,recompute,recompute,0.8630183004227985,0.46013374214009517,0.24613745147074395,0.001657584379221534,0.13474796491837557,0.0,0.001994680851063829,0.11513734026631005,0.0,752,1.0,0.007759737949709421
DLL4,NOTCH3,Plasma Cells,11q13 Invasive Tumor Cells (Mitotic),recompute,recompute,recompute,0.7160288858520609,0.6580560501976399,0.6198216015396206,0.0012306151710811475,0.06060662711593698,0.0,0.0,0.0,0.0,3,1.0,0.0077568314786963695
DLL4,NOTCH3,11q13 Invasive Tumor Cells (G1/S),11q13 Invasive Tumor Cells (Mitotic),recompute,recompute,recompute,0.6342079770588467,0.6580560501976399,0.9592803095773328,0.0008958753988410421,0.06060662711593698,0.0,0.0006775067750677506,0.019183167315789992,0.0,1476,1.0,0.00775417259359275
CSF1,CSF1R,11q13 Invasive Tumor Cells (G1/S),Myoepithelial Cells,recompute,recompute,recompute,0.6329636802303048,0.46381415478966415,0.6198216015396206,0.011973593206576157,0.00992063151970032,0.0,0.0005518763796909492,0.08247513552814799,0.0,453,1.0,0.007746859683979096
CXCL12,CXCR4,Myeloid Cells,Basal-like Structured DCIS Cells,recompute,recompute,recompute,0.7487535481622718,0.8628183098412396,0.6198216015396206,0.0015847932820241062,0.03391524182236365,0.0,0.0002805836139169473,0.02143723569431537,0.0,162,1.0,0.007741335624364856
DLL4,NOTCH3,Myoepithelial Cells,Dendritic Cells,recompute,recompute,recompute,0.7160288858520609,0.7746834992804791,0.6198216015396206,0.0069047442087267884,0.009044464882971325,0.0,0.00012236906510034262,0.013897564979833375,0.0,1362,1.0,0.0077382399541799
JAG1,NOTCH1,Pericytes,Plasma Cells,recompute,recompute,recompute,0.6303682835571691,0.46013374214009517,0.7204611100467462,0.03425584686464733,0.0029919533735881763,0.0,0.0018129079042784623,0.0696287701163149,0.0,394,1.0,0.007735054027480363
CXCL12,CXCR4,Macrophages,CXCL14+ Fibroblasts,recompute,recompute,recompute,0.7487535481622718,0.7757991160529997,0.8875000050982297,0.03388623051970213,0.0012252690191386984,0.0,0.0004974505658500186,0.39914035307679824,0.0,1462,1.0,0.0077342669316739
CSF1,CSF1R,Plasma Cells,Basal-like Structured DCIS Cells,recompute,recompute,recompute,0.7181940594497765,0.7744570596502125,0.6198216015396206,0.009092431017982948,0.006818845693506099,0.0,0.000992063492063492,0.232183419306471,0.0,126,1.0,0.007732435600856386
JAG1,NOTCH1,Luminal-like Amorphous DCIS Cells,B Cells,recompute,recompute,recompute,0.24513582144484414,0.8647171432637394,0.24613745147074395,0.13275554617509155,0.0030854511812878796,0.0,0.005275974025974025,1.0,0.0,176,1.0,0.0077322383021549874
TGFB1,TGFBR2,Mast Cells,11q13 Invasive Tumor Cells (G1/S),recompute,recompute,recompute,0.830274180208954,0.628133940116149,0.6198216015396206,0.03572830522875711,0.0018417017418815348,0.0,0.0,0.0,0.0,1,1.0,0.007726137846714497
JAG1,NOTCH1,Macrophages,Pericytes,recompute,recompute,recompute,0.6303682835571691,0.7728785963662539,0.8875000050982297,0.00027502314493788786,0.17748963886584487,0.0,0.0005774338838203025,0.01969299168905296,0.0,2474,1.0,0.00771623324293892
TGFB1,TGFBR2,B Cells,Myeloid Cells,recompute,recompute,recompute,0.7806633527749638,0.7821407762924618,0.6198216015396206,0.05675679989781828,0.0009726234029574384,0.0,0.0012165450121654502,0.399357679753914,0.0,137,1.0,0.007703068632963827
CSF1,CSF1R,CXCL14+ Fibroblasts,Pericytes,recompute,recompute,recompute,0.9330656492219304,0.8901135829200775,0.9429656149619918,0.0032976778039481187,0.007996593535171381,0.0,0.00015537600994406463,0.03458891781693588,0.0,3218,1.0,0.007688260684940337
TGFB1,TGFBR2,Plasma Cells,11q13 Invasive Tumor Cells (G1/S),recompute,recompute,recompute,0.4625524716153596,0.628133940116149,0.6198216015396206,0.06220829473112404,0.0018417017418815348,0.0,0.0,0.0,0.0,8,1.0,0.007687025766334726
DLL4,NOTCH3,Basal-like Structured DCIS Cells,Dendritic Cells,recompute,recompute,recompute,0.6342079770588467,0.7746834992804791,0.8693461273411047,0.0053032910137447145,0.009044464882971325,0.0,0.00015964240102171135,0.018130731324265383,0.0,1044,1.0,0.007677969756022003
CSF1,CSF1R,B Cells,Myeloid Cells,recompute,recompute,recompute,0.6329636802303048,0.7471243099617693,0.6198216015396206,0.034822583417649544,0.00197514773301428,0.0,0.0,0.0,0.0,137,1.0,0.007657439018804689
CXCL12,CXCR4,Myeloid Cells,Endothelial Cells,recompute,recompute,recompute,0.7487535481622718,0.7757991160529997,0.7827641335561659,0.0015847932820241062,0.027958038284341596,0.0,0.001482213438735178,0.20784870424976554,0.0,460,1.0,0.0076565575910836035
CXCL12,CXCR4,11q13 Invasive Tumor Cells (Mitotic),B Cells,recompute,recompute,recompute,0.6160088550075702,0.9546923450729715,0.7917001487310438,0.0009692519480124524,0.04457454658784243,0.0,0.0,0.0,0.0,42,1.0,0.0076546127123781485
CXCL12,CXCR4,B Cells,Myoepithelial Cells,recompute,recompute,recompute,0.6160088550075702,0.46000374398572297,0.6198216015396206,0.0052742025956585255,0.021502591154489905,0.0,0.0014662756598240467,0.17615201440240014,0.0,496,1.0,0.007642063006208582
CXCL12,CXCR4,"CAFs, Invasive Associated",CXCL14+ Fibroblasts,recompute,recompute,recompute,0.6160088550075702,0.7757991160529997,0.6198216015396206,0.05480638574296996,0.0012252690191386984,0.0,0.0012812690665039658,1.0,0.0,1490,1.0,0.007640319739434578
CSF1,CSF1R,Luminal-like Amorphous DCIS Cells,Myoepithelial Cells,recompute,recompute,recompute,0.24945190643783477,0.46381415478966415,0.24613745147074395,0.07022613207428953,0.00992063151970032,0.0,0.00020580751384523274,0.030756892705939336,0.0,13362,1.0,0.0076370304620213235
CXCL12,CXCR4,CXCL14+ Fibroblasts,Luminal-like Amorphous DCIS Cells,recompute,recompute,recompute,0.7487535481622718,0.46000374398572297,0.24613745147074395,0.013109255449725675,0.017738069381683,0.0,0.0005182610816413633,0.12920772183756143,0.0,1491,1.0,0.007628874853860514
CXCL12,CXCR4,Dendritic Cells,Mast Cells,recompute,recompute,recompute,0.6160088550075702,0.7757991160529997,0.6198216015396206,0.014925651776972337,0.004443041812720275,0.0,0.007525586995785671,0.28131482425733756,0.0,151,1.0,0.00762435289441473
JAG1,NOTCH1,Myoepithelial Cells,Plasma Cells,recompute,recompute,recompute,0.6303682835571691,0.46013374214009517,0.8293805866303694,0.027254376065765328,0.0029919533735881763,0.0,0.0045662100456621,0.17537547760803335,0.0,219,1.0,0.007622618183175157
JAG1,NOTCH1,11q13 Invasive Tumor Cells (G1/S),Mast Cells,recompute,recompute,recompute,0.7941469661104033,0.7728785963662539,0.6198216015396206,0.032311095449028576,0.0015718900135326876,0.0,0.0,0.0,0.0,0,1.0,0.007603425067634865
JAG1,NOTCH1,Endothelial Cells,Mast Cells,recompute,recompute,recompute,0.6303682835571691,0.7728785963662539,0.8567148457705164,0.029179138324176478,0.0015718900135326876,0.0,0.0012698412698412698,0.05131635617216642,0.0,225,1.0,0.007591715286760368
DLL4,NOTCH3,11q13 Invasive Tumor Cells,B Cells,recompute,recompute,recompute,0.6342079770588467,0.7746834992804791,0.7917001487310438,0.06734007498340545,0.0007179840585900947,0.0,0.0,0.0,0.0,570,1.0,0.007569233047198644
CXCL12,CXCR4,Dendritic Cells,11q13 Invasive Tumor Cells (G1/S),recompute,recompute,recompute,0.6160088550075702,0.6632137581773894,0.7917001487310438,0.014925651776972337,0.0038860320327025817,0.0,0.0006524575902566332,0.36908165530447934,0.0,209,1.0,0.007566128616459387
CXCL12,CXCR4,Dendritic Cells,Luminal-like Amorphous DCIS Cells,recompute,recompute,recompute,0.6160088550075702,0.46000374398572297,0.24613745147074395,0.014925651776972337,0.017738069381683,0.0,0.0003626692456479691,0.09041710572268656,0.0,752,1.0,0.007546189509750865
CXCL12,CXCR4,CXCL14+ Fibroblasts,Myeloid Cells,recompute,recompute,recompute,0.7487535481622718,0.7447682696221608,0.7827641335561659,0.013109255449725675,0.003215470541813311,0.0,0.0014690632561354994,0.12470024516595589,0.0,526,1.0,0.007541699193635149
CSF1,CSF1R,11q13 Invasive Tumor Cells (Mitotic),11q13 Invasive Tumor Cells (G1/S),recompute,recompute,recompute,0.6329636802303048,0.6556237992935476,0.9592803095773328,0.03853853776662391,0.0011919786089109867,0.0,0.00033444816053511704,0.09666173935428529,0.0,1495,1.0,0.007533979195038982
JAG1,NOTCH1,Endothelial Cells,Plasma Cells,recompute,recompute,recompute,0.6303682835571691,0.46013374214009517,0.7204611100467462,0.029179138324176478,0.0029919533735881763,0.0,0.0006027727546714888,0.023150831582977278,0.0,474,1.0,0.007531005779279451
CXCL12,CXCR4,Myoepithelial Cells,11q13 Invasive Tumor Cells (Mitotic),recompute,recompute,recompute,0.8023917560710954,0.6632137581773894,0.6198216015396206,0.008536715800078514,0.006423079245780309,0.0,0.0002069250931162919,0.02783136337877142,0.0,659,1.0,0.0075201008824503845
JAG1,NOTCH1,CXCL14+ Fibroblasts,Pericytes,recompute,recompute,recompute,0.6303682835571691,0.7728785963662539,0.9429656149619918,0.0002196427612790349,0.17748963886584487,0.0,0.00026635887418982503,0.009083989081177817,0.0,3218,1.0,0.0075079009463096405
DLL4,NOTCH3,"CAFs, Invasive Associated",Myoepithelial Cells,recompute,recompute,recompute,0.6342079770588467,0.4638256179742202,0.6198216015396206,0.002196330917593002,0.04464016629523392,0.0,0.0017814726840855103,0.16122038352456924,0.0,1684,1.0,0.007505502998602728
CSF1,CSF1R,Macrophages,Luminal-like Amorphous DCIS Cells,recompute,recompute,recompute,0.8975263081978373,0.46381415478966415,0.24613745147074395,0.013294251962681188,0.013082994902830098,0.0,0.0,0.0,0.0,263,1.0,0.0075016496189630405
CSF1,CSF1R,11q13 Invasive Tumor Cells (Mitotic),Mast Cells,recompute,recompute,recompute,0.6329636802303048,0.8388327345645936,0.6198216015396206,0.03853853776662391,0.0013954866575133426,0.0,0.0,0.0,0.0,5,1.0,0.007493030589840379
TGFB1,TGFBR2,Mast Cells,Myeloid Cells,recompute,recompute,recompute,0.830274180208954,0.7821407762924618,0.7827641335561659,0.03572830522875711,0.0009726234029574384,0.0,0.0,0.0,0.0,23,1.0,0.007490598491467734
CXCL12,CXCR4,Basal-like Structured DCIS Cells,Endothelial Cells,recompute,recompute,recompute,0.6160088550075702,0.7757991160529997,0.6198216015396206,0.0021291294377375697,0.027958038284341596,0.0,0.00042983021706425955,0.06027448633878148,0.0,1692,1.0,0.007488341692455253
TGFB1,TGFBR2,11q13 Invasive Tumor Cells (G1/S),11q13 Invasive Tumor Cells (G1/S),recompute,recompute,recompute,0.6618992459738668,0.628133940116149,1.0,0.02290427933852047,0.0018417017418815348,0.0,9.028530155290718e-05,0.015549602727844593,0.0,1846,1.0,0.007481645169122784
CXCL12,CXCR4,11q13 Invasive Tumor Cells (Mitotic),11q13 Invasive Tumor Cells,recompute,recompute,recompute,0.6160088550075702,0.6632137581773894,0.8824495942126559,0.0009692519480124524,0.04976777849846808,0.0,0.00011644417065456645,0.03979426820484901,0.0,12101,1.0,0.007471136176470997
TGFB1,TGFBR2,Macrophages,Apocrine Cells,recompute,recompute,recompute,0.9033788194414196,0.25153574142392743,0.24613745147074395,0.3718323084156244,0.0008361810775763445,0.0,0.0,0.0,0.0,19,1.0,0.007471079110386201
TGFB1,TGFBR2,Mast Cells,11q13 Invasive Tumor Cells (Mitotic),recompute,recompute,recompute,0.830274180208954,0.628133940116149,0.6198216015396206,0.03572830522875711,0.0014987600472605432,0.0,0.0,0.0,0.0,10,1.0,0.007465312814570609
DLL4,NOTCH3,Luminal-like Amorphous DCIS Cells,11q13 Invasive Tumor Cells (G1/S),recompute,recompute,recompute,0.2490567623945399,0.6580560501976399,0.24613745147074395,0.011649387573427093,0.0362497659817488,0.0,0.0,0.0,0.0,26,1.0,0.007445455861233209
CXCL12,CXCR4,Myoepithelial Cells,Mast Cells,recompute,recompute,recompute,0.8023917560710954,0.7757991160529997,0.7204611100467462,0.008536715800078514,0.004443041812720275,0.0,0.008373205741626795,0.312999757094743,0.0,38,1.0,0.007443659545755512
JAG1,NOTCH1,Plasma Cells,Pericytes,recompute,recompute,recompute,0.6303682835571691,0.7728785963662539,0.7204611100467462,0.00027055134627077156,0.17748963886584487,0.0,0.0007901390644753475,0.026947157875396588,0.0,452,1.0,0.007432344463886055
DLL4,NOTCH3,T Lymphocytes,T Lymphocytes,recompute,recompute,recompute,0.6342079770588467,0.7746834992804791,1.0,0.007392968575375538,0.0046263543438723525,0.0,0.00013357219184109625,0.07281422676876224,0.0,21212,1.0,0.0074285243352395745
TGFB1,TGFBR2,Plasma Cells,11q13 Invasive Tumor Cells (Mitotic),recompute,recompute,recompute,0.4625524716153596,0.628133940116149,0.6198216015396206,0.06220829473112404,0.0014987600472605432,0.0,0.0,0.0,0.0,3,1.0,0.007427521110532118
CSF1,CSF1R,Apocrine Cells,Luminal-like Amorphous DCIS Cells,recompute,recompute,recompute,0.24945190643783477,0.46381415478966415,0.3990376746076917,0.02755557660641766,0.013082994902830098,0.0,0.0,0.0,0.0,89,1.0,0.0074166933239424035
JAG1,NOTCH1,Mast Cells,Basal-like Structured DCIS Cells,recompute,recompute,recompute,0.6303682835571691,0.9232588887953476,0.6198216015396206,9.902323108165853e-05,0.46352883193182237,0.0,0.0,0.0,0.0,30,1.0,0.007410378337142408
CSF1,CSF1R,Apocrine Cells,Endothelial Cells,recompute,recompute,recompute,0.24945190643783477,0.8901135829200775,0.24613745147074395,0.02755557660641766,0.010937673779041644,0.0,0.008333333333333333,0.934199837530463,0.0,15,1.0,0.0074038481541264765
CXCL12,CXCR4,Plasma Cells,"CAFs, Invasive Associated",recompute,recompute,recompute,0.8730912658940219,0.6632137581773894,0.6198216015396206,0.005708610653010913,0.008007263802792432,0.0,0.0007974481658692186,0.19262428709640672,0.0,285,1.0,0.007398879597908707
CXCL12,CXCR4,Luminal-like Amorphous DCIS Cells,B Cells,recompute,recompute,recompute,0.2556690013679459,0.9546923450729715,0.24613745147074395,0.006120705198198609,0.04457454658784243,0.0,0.0005165289256198347,0.01912973594847202,0.0,176,1.0,0.007397779962194946
TGFB1,TGFBR2,11q13 Invasive Tumor Cells (Mitotic),Myeloid Cells,recompute,recompute,recompute,0.6618992459738668,0.7821407762924618,0.6198216015396206,0.05212675997941913,0.0009726234029574384,0.0,0.0,0.0,0.0,23,1.0,0.007388545000473332
DLL4,NOTCH3,"CAFs, DCIS Associated",Macrophages,recompute,recompute,recompute,0.7160288858520609,0.8923034233058523,0.7204611100467462,0.018679344959851515,0.001891930584070094,0.0,8.300132802124833e-05,0.03671951001531294,0.0,10040,1.0,0.007388458501352832
DLL4,NOTCH3,B Cells,Endothelial Cells,recompute,recompute,recompute,0.6342079770588467,0.8818326005152037,0.6198216015396206,0.00023276310008261776,0.19937237225527835,0.0,0.0013253810470510272,0.04910434113024846,0.0,1509,1.0,0.007374745897954017
CSF1,CSF1R,B Cells,Mast Cells,recompute,recompute,recompute,0.6329636802303048,0.8388327345645936,0.6198216015396206,0.034822583417649544,0.0013954866575133426,0.0,0.0,0.0,0.0,97,1.0,0.007367471537410634
TGFB1,TGFBR2,Plasma Cells,Myeloid Cells,recompute,recompute,recompute,0.4625524716153596,0.7821407762924618,0.7204611100467462,0.06220829473112404,0.0009726234029574384,0.0,0.001937984496124031,0.6361860712358862,0.0,43,1.0,0.007350366724211634
CXCL12,CXCR4,CXCL14+ Fibroblasts,11q13 Invasive Tumor Cells (G1/S),recompute,recompute,recompute,0.7487535481622718,0.6632137581773894,0.6198216015396206,0.013109255449725675,0.0038860320327025817,0.0,0.0,0.0,0.0,409,1.0,0.007343292595847024
DLL4,NOTCH3,11q13 Invasive Tumor Cells (Mitotic),T Lymphocytes,recompute,recompute,recompute,0.6342079770588467,0.7746834992804791,0.7917001487310438,0.008557082379913908,0.0046263543438723525,0.0,0.0,0.0,0.0,83,1.0,0.007321169590993681
TGFB1,TGFBR2,11q13 Invasive Tumor Cells (G1/S),Luminal-like Amorphous DCIS Cells,recompute,recompute,recompute,0.6618992459738668,0.25153574142392743,0.24613745147074395,0.02290427933852047,0.01630369297954023,0.0,0.0,0.0,0.0,19,1.0,0.007313558415119932
DLL4,NOTCH3,11q13 Invasive Tumor Cells,Myeloid Cells,recompute,recompute,recompute,0.6342079770588467,0.7470475610360806,0.6198216015396206,0.06734007498340545,0.0007714919761827168,0.0,0.0004409171075837742,0.1279040184869604,0.0,756,1.0,0.007309868491398323
DLL4,NOTCH3,B Cells,"CAFs, Invasive Associated",recompute,recompute,recompute,0.6342079770588467,0.6580560501976399,0.7917001487310438,0.00023276310008261776,0.1973932010691654,0.0,0.0008608815426997245,0.015407821890947176,0.0,968,1.0,0.0073038759606703346
DLL4,NOTCH3,Plasma Cells,Myoepithelial Cells,recompute,recompute,recompute,0.7160288858520609,0.4638256179742202,0.8293805866303694,0.0012306151710811475,0.04464016629523392,0.0,0.0,0.0,0.0,324,1.0,0.0072998702792231316
JAG1,NOTCH1,Myoepithelial Cells,Mast Cells,recompute,recompute,recompute,0.6303682835571691,0.7728785963662539,0.7204611100467462,0.027254376065765328,0.0015718900135326876,0.0,0.0,0.0,0.0,38,1.0,0.007292273009420373
CXCL12,CXCR4,11q13 Invasive Tumor Cells,11q13 Invasive Tumor Cells (G1/S),recompute,recompute,recompute,0.6160088550075702,0.6632137581773894,0.8824495942126559,0.010634001710228292,0.0038860320327025817,0.0,0.00010210255634548478,0.057757287323438065,0.0,12020,1.0,0.0072809688448532426
DLL4,NOTCH3,Luminal-like Amorphous DCIS Cells,Myoepithelial Cells,recompute,recompute,recompute,0.2490567623945399,0.4638256179742202,0.24613745147074395,0.011649387573427093,0.04464016629523392,0.0,0.000673551863493489,0.060955349316428986,0.0,13362,1.0,0.007271824077372072
JAG1,NOTCH1,11q13 Invasive Tumor Cells (Mitotic),CXCL14+ Fibroblasts,recompute,recompute,recompute,0.7941469661104033,0.7728785963662539,0.6198216015396206,0.05263539325963273,0.0007383002999486475,0.0,0.001264222503160556,0.20580366330520702,0.0,339,1.0,0.0072716443238994575
CXCL12,CXCR4,Luminal-like Amorphous DCIS Cells,Macrophages,recompute,recompute,recompute,0.2556690013679459,0.7757991160529997,0.24613745147074395,0.006120705198198609,0.04917092614889038,0.0,0.0004095004095004095,0.018479719288649263,0.0,222,1.0,0.007264169299262042
JAG1,NOTCH1,Luminal-like Amorphous DCIS Cells,Myeloid Cells,recompute,recompute,recompute,0.24513582144484414,0.7448301506164821,0.24613745147074395,0.13275554617509155,0.0024587070627964786,0.0,0.009353741496598638,0.4440855874041182,0.0,84,1.0,0.007262182717656271
DLL4,NOTCH3,Pericytes,Mast Cells,recompute,recompute,recompute,0.9184503888425789,0.8341464445360613,0.8567148457705164,0.11694486957515715,0.00018718663110571166,0.0,0.0022222222222222222,0.6869901245169604,0.0,225,1.0,0.00723717251971505
CXCL12,CXCR4,B Cells,Pericytes,recompute,recompute,recompute,0.6160088550075702,0.7757991160529997,0.6198216015396206,0.0052742025956585255,0.009156953124503932,0.0,0.0007882291119285339,0.20631593049507982,0.0,1211,1.0,0.007231893301451391
JAG1,NOTCH1,Myeloid Cells,Myoepithelial Cells,recompute,recompute,recompute,0.6303682835571691,0.46013374214009517,0.7204611100467462,0.0003788349535045612,0.17955576343167495,0.0,0.003361344537815126,0.11677867086004355,0.0,85,1.0,0.007224231374021556
CXCL12,CXCR4,11q13 Invasive Tumor Cells (Mitotic),Macrophages,recompute,recompute,recompute,0.6160088550075702,0.7757991160529997,0.6198216015396206,0.0009692519480124524,0.04917092614889038,0.0,0.0044130626654898504,0.1991503729165115,0.0,103,1.0,0.007215926493129221
JAG1,NOTCH1,"CAFs, Invasive Associated",B Cells,recompute,recompute,recompute,0.7941469661104033,0.8647171432637394,0.7917001487310438,0.00838985805983649,0.0030854511812878796,0.0,0.0007789375292101572,0.15920771486814925,0.0,917,1.0,0.007212212015956923
CXCL12,CXCR4,11q13 Invasive Tumor Cells,Mast Cells,recompute,recompute,recompute,0.6160088550075702,0.7757991160529997,0.6198216015396206,0.010634001710228292,0.004443041812720275,0.0,0.0,0.0,0.0,42,1.0,0.007205490985401606
JAG1,NOTCH1,Basal-like Structured DCIS Cells,CXCL14+ Fibroblasts,recompute,recompute,recompute,0.9097736029185509,0.7728785963662539,0.6198216015396206,0.04309654638185767,0.0007383002999486475,0.0,0.0007084889862166688,0.1153354163608532,0.0,1109,1.0,0.007194469994288805
CXCL12,CXCR4,11q13 Invasive Tumor Cells (Mitotic),Basal-like Structured DCIS Cells,recompute,recompute,recompute,0.6160088550075702,0.8628183098412396,0.7917001487310438,0.0009692519480124524,0.03391524182236365,0.0,3.483106931382794e-05,0.0026611740861908735,0.0,1305,1.0,0.0071914623350275335
CSF1,CSF1R,Macrophages,Myeloid Cells,recompute,recompute,recompute,0.8975263081978373,0.7471243099617693,0.7827641335561659,0.013294251962681188,0.00197514773301428,0.0,0.0,0.0,0.0,179,1.0,0.007187141039934363
CXCL12,CXCR4,Myoepithelial Cells,Luminal-like Amorphous DCIS Cells,recompute,recompute,recompute,0.8023917560710954,0.46000374398572297,0.24613745147074395,0.008536715800078514,0.017738069381683,0.0,0.00041483477520919034,0.10342249908872668,0.0,12820,1.0,0.007184897559544058
TGFB1,TGFBR2,11q13 Invasive Tumor Cells (G1/S),11q13 Invasive Tumor Cells (Mitotic),recompute,recompute,recompute,0.6618992459738668,0.628133940116149,0.9592803095773328,0.02290427933852047,0.0014987600472605432,0.0,0.00022583559168925022,0.08411595861841706,0.0,1476,1.0,0.007179159246881633
CSF1,CSF1R,11q13 Invasive Tumor Cells (Mitotic),Plasma Cells,recompute,recompute,recompute,0.6329636802303048,0.46381415478966415,0.6198216015396206,0.03853853776662391,0.0019498903447556172,0.0,0.0,0.0,0.0,5,1.0,0.007177659966172164
CXCL12,CXCR4,B Cells,"CAFs, Invasive Associated",recompute,recompute,recompute,0.6160088550075702,0.6632137581773894,0.7917001487310438,0.0052742025956585255,0.008007263802792432,0.0,0.0006574004507888805,0.1587956416352609,0.0,968,1.0,0.007176410226391832
CXCL12,CXCR4,Dendritic Cells,Myeloid Cells,recompute,recompute,recompute,0.6160088550075702,0.7447682696221608,0.6198216015396206,0.014925651776972337,0.003215470541813311,0.0,0.0036702428006775826,0.3115455887631736,0.0,161,1.0,0.007175338408179878
CSF1,CSF1R,B Cells,11q13 Invasive Tumor Cells (G1/S),recompute,recompute,recompute,0.6329636802303048,0.6556237992935476,0.7917001487310438,0.034822583417649544,0.0011919786089109867,0.0,0.0,0.0,0.0,42,1.0,0.007174438392280475
JAG1,NOTCH1,T Lymphocytes,11q13 Invasive Tumor Cells (G1/S),recompute,recompute,recompute,0.8630183004227985,0.6655462707198134,0.7917001487310438,0.0006856224272495787,0.043382027682688826,0.0,0.0,0.0,0.0,81,1.0,0.007164623666123619
CSF1,CSF1R,11q13 Invasive Tumor Cells (Mitotic),CXCL14+ Fibroblasts,recompute,recompute,recompute,0.6329636802303048,0.8901135829200775,0.6198216015396206,0.03853853776662391,0.0010015918709323055,0.0,0.0003687315634218289,0.42196492272586855,0.0,339,1.0,0.00716055859613778
DLL4,NOTCH3,Myoepithelial Cells,CXCL14+ Fibroblasts,recompute,recompute,recompute,0.7160288858520609,0.8818326005152037,0.7204611100467462,0.0069047442087267884,0.004265561924923322,0.0,0.00010836584308625921,0.023537743873963027,0.0,1538,1.0,0.007153338736681624
CXCL12,CXCR4,Plasma Cells,11q13 Invasive Tumor Cells (Mitotic),recompute,recompute,recompute,0.8730912658940219,0.6632137581773894,0.6198216015396206,0.005708610653010913,0.006423079245780309,0.0,0.0,0.0,0.0,3,1.0,0.007131964503308395
CXCL12,CXCR4,11q13 Invasive Tumor Cells,Luminal-like Amorphous DCIS Cells,recompute,recompute,recompute,0.6160088550075702,0.46000374398572297,0.24613745147074395,0.010634001710228292,0.017738069381683,0.0,0.0,0.0,0.0,184,1.0,0.007131621691655184
DLL4,NOTCH3,Plasma Cells,11q13 Invasive Tumor Cells (G1/S),recompute,recompute,recompute,0.7160288858520609,0.6580560501976399,0.6198216015396206,0.0012306151710811475,0.0362497659817488,0.0,0.0,0.0,0.0,8,1.0,0.007120030919554017
CXCL12,CXCR4,Apocrine Cells,T Lymphocytes,recompute,recompute,recompute,0.2556690013679459,0.9008184599638702,0.24613745147074395,0.00022698568102339834,1.0,0.0,0.0018427518427518426,0.014868613813258907,0.0,74,1.0,0.00710534410083242
CSF1,CSF1R,Macrophages,11q13 Invasive Tumor Cells (Mitotic),recompute,recompute,recompute,0.8975263081978373,0.6556237992935476,0.6198216015396206,0.013294251962681188,0.0026430507474118963,0.0,0.0,0.0,0.0,129,1.0,0.007100517468372127
CXCL12,CXCR4,Luminal-like Amorphous DCIS Cells,Luminal-like Amorphous DCIS Cells,recompute,recompute,recompute,0.2556690013679459,0.46000374398572297,1.0,0.006120705198198609,0.017738069381683,0.0,0.00019238777868366865,0.04796421624865037,0.0,77495,1.0,0.00709618135971979
DLL4,NOTCH3,Dendritic Cells,Dendritic Cells,recompute,recompute,recompute,0.6342079770588467,0.7746834992804791,1.0,0.0028649117803088656,0.009044464882971325,0.0,8.310479514667995e-05,0.009438286463491926,0.0,4011,1.0,0.007092652648383721
CXCL12,CXCR4,Luminal-like Amorphous DCIS Cells,11q13 Invasive Tumor Cells,recompute,recompute,recompute,0.2556690013679459,0.6632137581773894,0.24613745147074395,0.006120705198198609,0.04976777849846808,0.0,0.0007331378299120235,0.2505465346237659,0.0,186,1.0,0.00709104066989512
CXCL12,CXCR4,Mast Cells,"CAFs, DCIS Associated",recompute,recompute,recompute,0.7487535481622718,0.46000374398572297,0.7204611100467462,0.001641777062288553,0.0310998965832685,0.0,0.0021395511309055975,0.40376140635189,0.0,1041,1.0,0.007087033020247325
DLL4,NOTCH3,11q13 Invasive Tumor Cells (Mitotic),CXCL14+ Fibroblasts,recompute,recompute,recompute,0.6342079770588467,0.8818326005152037,0.6198216015396206,0.008557082379913908,0.004265561924923322,0.0,0.0014749262536873156,0.32036327502792156,0.0,339,1.0,0.0070854049734904384
CSF1,CSF1R,11q13 Invasive Tumor Cells (G1/S),11q13 Invasive Tumor Cells (Mitotic),recompute,recompute,recompute,0.6329636802303048,0.6556237992935476,0.9592803095773328,0.011973593206576157,0.0026430507474118963,0.0,0.0005928184281842818,0.23963803715624826,0.0,1476,1.0,0.007080302984194171
CXCL12,CXCR4,Plasma Cells,Mast Cells,recompute,recompute,recompute,0.8730912658940219,0.7757991160529997,0.7204611100467462,0.005708610653010913,0.004443041812720275,0.0,0.000946969696969697,0.035398782052381644,0.0,48,1.0,0.007059468547680246
CSF1,CSF1R,B Cells,Plasma Cells,recompute,recompute,recompute,0.6329636802303048,0.46381415478966415,0.6198216015396206,0.034822583417649544,0.0019498903447556172,0.0,0.0,0.0,0.0,297,1.0,0.007057385509367272
CXCL12,CXCR4,Myeloid Cells,"CAFs, DCIS Associated",recompute,recompute,recompute,0.7487535481622718,0.46000374398572297,0.7204611100467462,0.0015847932820241062,0.0310998965832685,0.0,0.0015360983102918582,0.28988193135430523,0.0,1302,1.0,0.007045430661164831
CSF1,CSF1R,B Cells,CXCL14+ Fibroblasts,recompute,recompute,recompute,0.6329636802303048,0.8901135829200775,0.6198216015396206,0.034822583417649544,0.0010015918709323055,0.0,0.0003125,0.3576152720101736,0.0,800,1.0,0.007040570703199273
CSF1,CSF1R,CXCL14+ Fibroblasts,"CAFs, Invasive Associated",recompute,recompute,recompute,0.9330656492219304,0.6556237992935476,0.6198216015396206,0.0032976778039481187,0.009718180396522284,0.0,8.790436005625879e-05,0.013971553916226573,0.0,1422,1.0,0.007037819050646862
CSF1,CSF1R,Apocrine Cells,Pericytes,recompute,recompute,recompute,0.24945190643783477,0.8901135829200775,0.24613745147074395,0.02755557660641766,0.007996593535171381,0.0,0.0,0.0,0.0,9,1.0,0.007027284506985595
CSF1,CSF1R,Macrophages,Mast Cells,recompute,recompute,recompute,0.8975263081978373,0.8388327345645936,0.8567148457705164,0.013294251962681188,0.0013954866575133426,0.0,0.0,0.0,0.0,165,1.0,0.007019809333962545
CXCL12,CXCR4,Mast Cells,Plasma Cells,recompute,recompute,recompute,0.7487535481622718,0.46000374398572297,0.7204611100467462,0.001641777062288553,0.029279151553362335,0.0,0.008181818181818182,0.19319215575266455,0.0,50,1.0,0.007016131413118704
CXCL12,CXCR4,Myoepithelial Cells,Myeloid Cells,recompute,recompute,recompute,0.8023917560710954,0.7447682696221608,0.7204611100467462,0.008536715800078514,0.003215470541813311,0.0,0.00802139037433155,0.680889227930375,0.0,51,1.0,0.007005286478174525
CSF1,CSF1R,Myeloid Cells,Luminal-like Amorphous DCIS Cells,recompute,recompute,recompute,0.7866181160593629,0.46381415478966415,0.24613745147074395,0.009981073684215833,0.013082994902830098,0.0,0.0,0.0,0.0,122,1.0,0.006996193499320029
JAG1,NOTCH1,Plasma Cells,Myoepithelial Cells,recompute,recompute,recompute,0.6303682835571691,0.46013374214009517,0.8293805866303694,0.00027055134627077156,0.17955576343167495,0.0,0.001984126984126984,0.06893185432710904,0.0,324,1.0,0.006992238628722152
CXCL12,CXCR4,Basal-like Structured DCIS Cells,"CAFs, DCIS Associated",recompute,recompute,recompute,0.6160088550075702,0.46000374398572297,0.6198216015396206,0.0021291294377375697,0.0310998965832685,0.0,0.00028409090909090913,0.053611686736265,0.0,800,1.0,0.006986554324613732
JAG1,NOTCH1,Pericytes,CXCL14+ Fibroblasts,recompute,recompute,recompute,0.6303682835571691,0.7728785963662539,0.9429656149619918,0.03425584686464733,0.0007383002999486475,0.0,0.000674308833445718,0.1097712054446519,0.0,2966,1.0,0.0069854739655350094
CSF1,CSF1R,Myeloid Cells,Myeloid Cells,recompute,recompute,recompute,0.7866181160593629,0.7471243099617693,1.0,0.009981073684215833,0.00197514773301428,0.0,0.0007729681978798586,0.14094872803720188,0.0,1132,1.0,0.006982153375442188
TGFB1,TGFBR2,Pericytes,Apocrine Cells,recompute,recompute,recompute,0.8649048900453102,0.25153574142392743,0.24613745147074395,0.25809749975310686,0.0008361810775763445,0.0,0.0,0.0,0.0,15,1.0,0.006979203417660079
CXCL12,CXCR4,Myeloid Cells,Plasma Cells,recompute,recompute,recompute,0.7487535481622718,0.46000374398572297,0.7204611100467462,0.0015847932820241062,0.029279151553362335,0.0,0.002457002457002457,0.05801566238818755,0.0,37,1.0,0.006974945261229108
TGFB1,TGFBR2,"CAFs, DCIS Associated",Apocrine Cells,recompute,recompute,recompute,0.4625524716153596,0.25153574142392743,0.24613745147074395,0.47844300379630145,0.0008361810775763445,0.0,0.00036231884057971015,0.054234836843532516,0.0,230,1.0,0.006969137503417493
DLL4,NOTCH3,11q13 Invasive Tumor Cells,Plasma Cells,recompute,recompute,recompute,0.6342079770588467,0.4638256179742202,0.6198216015396206,0.06734007498340545,0.0009249287638231187,0.0,0.0,0.0,0.0,103,1.0,0.0069588899323679105
CSF1,CSF1R,11q13 Invasive Tumor Cells (G1/S),Luminal-like Amorphous DCIS Cells,recompute,recompute,recompute,0.6329636802303048,0.46381415478966415,0.24613745147074395,0.011973593206576157,0.013082994902830098,0.0,0.0,0.0,0.0,19,1.0,0.006955133675924529
CXCL12,CXCR4,Luminal-like Amorphous DCIS Cells,Basal-like Structured DCIS Cells,recompute,recompute,recompute,0.2556690013679459,0.8628183098412396,0.24613745147074395,0.006120705198198609,0.03391524182236365,0.0,0.0003527514613989115,0.026951025806378745,0.0,902,1.0,0.006950169519996235
DLL4,NOTCH3,11q13 Invasive Tumor Cells (G1/S),"CAFs, DCIS Associated",recompute,recompute,recompute,0.6342079770588467,0.4638256179742202,0.6198216015396206,0.0008958753988410421,0.06891862663651398,0.0,0.0,0.0,0.0,77,1.0,0.006948755805399388
DLL4,NOTCH3,Myeloid Cells,Dendritic Cells,recompute,recompute,recompute,0.7840818683779507,0.7746834992804791,0.6198216015396206,0.0032417203409647417,0.009044464882971325,0.0,0.0,0.0,0.0,170,1.0,0.006926047211352595
JAG1,NOTCH1,Luminal-like Amorphous DCIS Cells,Plasma Cells,recompute,recompute,recompute,0.24513582144484414,0.46013374214009517,0.24613745147074395,0.13275554617509155,0.0029919533735881763,0.0,0.015231092436974791,0.5849840642272163,0.0,272,1.0,0.006924890822352529
DLL4,NOTCH3,Myoepithelial Cells,T Lymphocytes,recompute,recompute,recompute,0.7160288858520609,0.7746834992804791,0.6198216015396206,0.0069047442087267884,0.0046263543438723525,0.0,0.00015248551387618176,0.08312444853446986,0.0,1093,1.0,0.006920194034565058
CXCL12,CXCR4,B Cells,11q13 Invasive Tumor Cells (Mitotic),recompute,recompute,recompute,0.6160088550075702,0.6632137581773894,0.7917001487310438,0.0052742025956585255,0.006423079245780309,0.0,0.0,0.0,0.0,50,1.0,0.0069175207297970396
CXCL12,CXCR4,Basal-like Structured DCIS Cells,Plasma Cells,recompute,recompute,recompute,0.6160088550075702,0.46000374398572297,0.6198216015396206,0.0021291294377375697,0.029279151553362335,0.0,0.0005753739930955121,0.013585946255461641,0.0,79,1.0,0.006916657947880151
CXCL12,CXCR4,Myoepithelial Cells,11q13 Invasive Tumor Cells (G1/S),recompute,recompute,recompute,0.8023917560710954,0.6632137581773894,0.6198216015396206,0.008536715800078514,0.0038860320327025817,0.0,0.00021542438604049978,0.12186108366293236,0.0,422,1.0,0.006915935319638932
DLL4,NOTCH3,T Lymphocytes,CXCL14+ Fibroblasts,recompute,recompute,recompute,0.6342079770588467,0.8818326005152037,0.6198216015396206,0.007392968575375538,0.004265561924923322,0.0,0.00026595744680851064,0.05776763310343905,0.0,1880,1.0,0.0069148094314839875
JAG1,NOTCH1,Myeloid Cells,T Lymphocytes,recompute,recompute,recompute,0.6303682835571691,0.8647171432637394,0.6198216015396206,0.0003788349535045612,0.08474527904749042,0.0,0.0,0.0,0.0,388,1.0,0.00690587484838625
CSF1,CSF1R,Apocrine Cells,"CAFs, Invasive Associated",recompute,recompute,recompute,0.24945190643783477,0.6556237992935476,0.24613745147074395,0.02755557660641766,0.009718180396522284,0.0,0.0,0.0,0.0,0,1.0,0.006898728556755445
TGFB1,TGFBR2,Luminal-like Amorphous DCIS Cells,11q13 Invasive Tumor Cells (G1/S),recompute,recompute,recompute,0.4625524716153596,0.628133940116149,0.24613745147074395,0.08160636573734653,0.0018417017418815348,0.0,0.0,0.0,0.0,26,1.0,0.0068953469707362025
DLL4,NOTCH3,CXCL14+ Fibroblasts,11q13 Invasive Tumor Cells (Mitotic),recompute,recompute,recompute,0.9184503888425789,0.6580560501976399,0.6198216015396206,0.0004696576149175879,0.06060662711593698,0.0,0.0,0.0,0.0,390,1.0,0.006886248427188186
JAG1,NOTCH1,"CAFs, DCIS Associated",B Cells,recompute,recompute,recompute,0.6303682835571691,0.8647171432637394,0.6198216015396206,0.010161058057093355,0.0030854511812878796,0.0,0.00027005130974885227,0.055196020617804493,0.0,4232,1.0,0.006878584859904634
DLL4,NOTCH3,Basal-like Structured DCIS Cells,T Lymphocytes,recompute,recompute,recompute,0.6342079770588467,0.7746834992804791,0.8693461273411047,0.0053032910137447145,0.0046263543438723525,0.0,0.0,0.0,0.0,575,1.0,0.006866295283915816
TGFB1,TGFBR2,Myeloid Cells,Luminal-like Amorphous DCIS Cells,recompute,recompute,recompute,0.744134323411945,0.25153574142392743,0.24613745147074395,0.013941536844336442,0.01630369297954023,0.0,0.0,0.0,0.0,122,1.0,0.006865481476207971
JAG1,NOTCH1,Macrophages,Myoepithelial Cells,recompute,recompute,recompute,0.6303682835571691,0.46013374214009517,0.7204611100467462,0.00027502314493788786,0.17955576343167495,0.0,0.0010989010989010987,0.03817764239655269,0.0,715,1.0,0.006848764532180994
CSF1,CSF1R,Macrophages,B Cells,recompute,recompute,recompute,0.8975263081978373,0.7744570596502125,0.6198216015396206,0.013294251962681188,0.0017943776934449295,0.0,0.00034916201117318437,0.0900874550293955,0.0,1074,1.0,0.006844083430238125
CSF1,CSF1R,CXCL14+ Fibroblasts,Myoepithelial Cells,recompute,recompute,recompute,0.9330656492219304,0.46381415478966415,0.7204611100467462,0.0032976778039481187,0.00992063151970032,0.0,0.0,0.0,0.0,1884,1.0,0.006835485130432763
JAG1,NOTCH1,Dendritic Cells,Macrophages,recompute,recompute,recompute,0.8630183004227985,0.7728785963662539,0.6198216015396206,0.001657584379221534,0.014834469652737872,0.0,0.00013122211530049863,0.026269586594957962,0.0,1633,1.0,0.006831636742130876
JAG1,NOTCH1,Dendritic Cells,"CAFs, DCIS Associated",recompute,recompute,recompute,0.8630183004227985,0.46013374214009517,0.6198216015396206,0.001657584379221534,0.024824385714313182,0.0,0.00014988009592326135,0.021553748589198996,0.0,3336,1.0,0.006827388681825292
CSF1,CSF1R,CXCL14+ Fibroblasts,Basal-like Structured DCIS Cells,recompute,recompute,recompute,0.9330656492219304,0.7744570596502125,0.6198216015396206,0.0032976778039481187,0.006818845693506099,0.0,0.0,0.0,0.0,1332,1.0,0.006821023584630452
CXCL12,CXCR4,Plasma Cells,Luminal-like Amorphous DCIS Cells,recompute,recompute,recompute,0.8730912658940219,0.46000374398572297,0.24613745147074395,0.005708610653010913,0.017738069381683,0.0,0.0001677289500167729,0.04181652121984027,0.0,271,1.0,0.006814062092459353
DLL4,NOTCH3,Mast Cells,11q13 Invasive Tumor Cells (Mitotic),recompute,recompute,recompute,0.8516956437178343,0.6580560501976399,0.6198216015396206,0.00047235258648800887,0.06060662711593698,0.0,0.0,0.0,0.0,10,1.0,0.006806674031957387
DLL4,NOTCH3,CXCL14+ Fibroblasts,"CAFs, DCIS Associated",recompute,recompute,recompute,0.9184503888425789,0.4638256179742202,0.7204611100467462,0.0004696576149175879,0.06891862663651398,0.0,3.0410850591491042e-05,0.0028599455329041622,0.0,10961,1.0,0.0068054688165294554
JAG1,NOTCH1,Endothelial Cells,CXCL14+ Fibroblasts,recompute,recompute,recompute,0.6303682835571691,0.7728785963662539,0.9429656149619918,0.029179138324176478,0.0007383002999486475,0.0,0.0003618750695913595,0.058909895049756265,0.0,2566,1.0,0.006801199399325567
CSF1,CSF1R,Plasma Cells,Luminal-like Amorphous DCIS Cells,recompute,recompute,recompute,0.7181940594497765,0.46381415478966415,0.24613745147074395,0.009092431017982948,0.013082994902830098,0.0,0.0009225092250922509,0.17346405651270544,0.0,271,1.0,0.006784615747172018
TGFB1,TGFBR2,CXCL14+ Fibroblasts,Luminal-like Amorphous DCIS Cells,recompute,recompute,recompute,0.8649048900453102,0.25153574142392743,0.24613745147074395,0.011170777497016586,0.01630369297954023,0.0,0.00011178180192264699,0.02365154926059914,0.0,1491,1.0,0.006784522808447236
JAG1,NOTCH1,Luminal-like Amorphous DCIS Cells,Mast Cells,recompute,recompute,recompute,0.24513582144484414,0.7728785963662539,0.24613745147074395,0.13275554617509155,0.0015718900135326876,0.0,0.0,0.0,0.0,34,1.0,0.00678206952172405
CXCL12,CXCR4,11q13 Invasive Tumor Cells,Myeloid Cells,recompute,recompute,recompute,0.6160088550075702,0.7447682696221608,0.6198216015396206,0.010634001710228292,0.003215470541813311,0.0,0.0002405002405002405,0.02041466820955269,0.0,756,1.0,0.0067811441749004745
CSF1,CSF1R,Macrophages,CXCL14+ Fibroblasts,recompute,recompute,recompute,0.8975263081978373,0.8901135829200775,0.8875000050982297,0.013294251962681188,0.0010015918709323055,0.0,8.549931600547196e-05,0.09784275567993805,0.0,1462,1.0,0.00674792207933454
CXCL12,CXCR4,CXCL14+ Fibroblasts,CXCL14+ Fibroblasts,recompute,recompute,recompute,0.7487535481622718,0.7757991160529997,1.0,0.013109255449725675,0.0012252690191386984,0.0,0.00015833879979189756,0.12704660280504954,0.0,4019,1.0,0.006734679365631473
CXCL12,CXCR4,T Lymphocytes,CXCL14+ Fibroblasts,recompute,recompute,recompute,0.6160088550075702,0.7757991160529997,0.6198216015396206,0.025575340320379867,0.0012252690191386984,0.0,0.0010396518375241776,0.8341874147781247,0.0,1880,1.0,0.006728887362614353
DLL4,NOTCH3,Mast Cells,"CAFs, DCIS Associated",recompute,recompute,recompute,0.8516956437178343,0.4638256179742202,0.7204611100467462,0.00047235258648800887,0.06891862663651398,0.0,0.0006404098623118795,0.060226441856220024,0.0,1041,1.0,0.006726827874213275
JAG1,NOTCH1,11q13 Invasive Tumor Cells (G1/S),CXCL14+ Fibroblasts,recompute,recompute,recompute,0.7941469661104033,0.7728785963662539,0.6198216015396206,0.032311095449028576,0.0007383002999486475,0.0,0.0018796992481203009,0.30599755201958423,0.0,380,1.0,0.006703654224244561
JAG1,NOTCH1,T Lymphocytes,Luminal-like Amorphous DCIS Cells,recompute,recompute,recompute,0.8630183004227985,0.46013374214009517,0.24613745147074395,0.0006856224272495787,0.13474796491837557,0.0,0.00018649757553151807,0.010765047852824216,0.0,383,1.0,0.006698063119966127
CSF1,CSF1R,Apocrine Cells,Basal-like Structured DCIS Cells,recompute,recompute,recompute,0.24945190643783477,0.7744570596502125,0.24613745147074395,0.02755557660641766,0.006818845693506099,0.0,0.003654970760233918,0.8554125974448931,0.0,684,1.0,0.006686217683483549
JAG1,NOTCH1,Apocrine Cells,Pericytes,recompute,recompute,recompute,0.24513582144484414,0.7728785963662539,0.24613745147074395,0.0010709508378277067,0.17748963886584487,0.0,0.0,0.0,0.0,9,1.0,0.006677395037360935
CXCL12,CXCR4,Mast Cells,Myoepithelial Cells,recompute,recompute,recompute,0.7487535481622718,0.46000374398572297,0.7204611100467462,0.001641777062288553,0.021502591154489905,0.0,0.003443526170798898,0.4136903368541216,0.0,66,1.0,0.006664278051932345
TGFB1,TGFBR2,Luminal-like Amorphous DCIS Cells,11q13 Invasive Tumor Cells (Mitotic),recompute,recompute,recompute,0.4625524716153596,0.628133940116149,0.24613745147074395,0.08160636573734653,0.0014987600472605432,0.0,0.0006702412868632708,0.2496417324144442,0.0,373,1.0,0.0066625684297669545
DLL4,NOTCH3,B Cells,Luminal-like Amorphous DCIS Cells,recompute,recompute,recompute,0.6342079770588467,0.4638256179742202,0.24613745147074395,0.00023276310008261776,0.5131068416842878,0.0,0.00315955766192733,0.0717763405013646,0.0,211,1.0,0.006649935939974125
CXCL12,CXCR4,Plasma Cells,Myeloid Cells,recompute,recompute,recompute,0.8730912658940219,0.7447682696221608,0.7204611100467462,0.005708610653010913,0.003215470541813311,0.0,0.0010570824524312897,0.08972958817687114,0.0,43,1.0,0.006643721311564011
JAG1,NOTCH1,Myeloid Cells,11q13 Invasive Tumor Cells (Mitotic),recompute,recompute,recompute,0.6303682835571691,0.6655462707198134,0.6198216015396206,0.0003788349535045612,0.08666944020865194,0.0,0.0,0.0,0.0,30,1.0,0.0066358182230565515
CXCL12,CXCR4,Myeloid Cells,Myoepithelial Cells,recompute,recompute,recompute,0.7487535481622718,0.46000374398572297,0.7204611100467462,0.0015847932820241062,0.021502591154489905,0.0,0.0053475935828877,0.6424367584087535,0.0,85,1.0,0.006625157352515539
JAG1,NOTCH1,"CAFs, DCIS Associated",Myeloid Cells,recompute,recompute,recompute,0.6303682835571691,0.7448301506164821,0.7204611100467462,0.010161058057093355,0.0024587070627964786,0.0,0.0003785011355034065,0.01797001757577741,0.0,1321,1.0,0.006624478270855147
CSF1,CSF1R,Myeloid Cells,11q13 Invasive Tumor Cells (Mitotic),recompute,recompute,recompute,0.7866181160593629,0.6556237992935476,0.6198216015396206,0.009981073684215833,0.0026430507474118963,0.0,0.0,0.0,0.0,30,1.0,0.006622089363979149
CXCL12,CXCR4,Luminal-like Amorphous DCIS Cells,Endothelial Cells,recompute,recompute,recompute,0.2556690013679459,0.7757991160529997,0.24613745147074395,0.006120705198198609,0.027958038284341596,0.0,0.00035236081747709656,0.04941106147539645,0.0,1806,1.0,0.0066117895179572585
CSF1,CSF1R,11q13 Invasive Tumor Cells (G1/S),B Cells,recompute,recompute,recompute,0.6329636802303048,0.7744570596502125,0.7917001487310438,0.011973593206576157,0.0017943776934449295,0.0,0.0,0.0,0.0,38,1.0,0.0066096683759133195
JAG1,NOTCH1,CXCL14+ Fibroblasts,Myoepithelial Cells,recompute,recompute,recompute,0.6303682835571691,0.46013374214009517,0.7204611100467462,0.0002196427612790349,0.17955576343167495,0.0,0.00011373976342129207,0.003951507572891601,0.0,1884,1.0,0.006596863638303484
JAG1,NOTCH1,B Cells,Pericytes,recompute,recompute,recompute,0.8630183004227985,0.7728785963662539,0.6198216015396206,0.00011090031177372873,0.17748963886584487,0.0,0.0005308481774212575,0.018104217710505917,0.0,1211,1.0,0.00658299958763167
CXCL12,CXCR4,Basal-like Structured DCIS Cells,Myoepithelial Cells,recompute,recompute,recompute,0.6160088550075702,0.46000374398572297,0.6198216015396206,0.0021291294377375697,0.021502591154489905,0.0,0.0002906482164124084,0.03491721932399415,0.0,6412,1.0,0.006569793101165963
CXCL12,CXCR4,11q13 Invasive Tumor Cells (Mitotic),Endothelial Cells,recompute,recompute,recompute,0.6160088550075702,0.7757991160529997,0.6198216015396206,0.0009692519480124524,0.027958038284341596,0.0,0.0007371007371007371,0.10336259887015366,0.0,370,1.0,0.006567879296875512
CXCL12,CXCR4,Plasma Cells,11q13 Invasive Tumor Cells (G1/S),recompute,recompute,recompute,0.8730912658940219,0.6632137581773894,0.6198216015396206,0.005708610653010913,0.0038860320327025817,0.0,0.0,0.0,0.0,8,1.0,0.006558981851154315
TGFB1,TGFBR2,Myeloid Cells,Myeloid Cells,recompute,recompute,recompute,0.744134323411945,0.7821407762924618,1.0,0.013941536844336442,0.0009726234029574384,0.0,0.0004416961130742049,0.14499647206612953,0.0,1132,1.0,0.006549368156658338
JAG1,NOTCH1,Macrophages,T Lymphocytes,recompute,recompute,recompute,0.6303682835571691,0.8647171432637394,0.6198216015396206,0.00027502314493788786,0.08474527904749042,0.0,0.0002596676254394375,0.004528957653164427,0.0,3576,1.0,0.00654695403242319
DLL4,NOTCH3,Basal-like Structured DCIS Cells,CXCL14+ Fibroblasts,recompute,recompute,recompute,0.6342079770588467,0.8818326005152037,0.6198216015396206,0.0053032910137447145,0.004265561924923322,0.0,0.00015028554253080853,0.03264296670708308,0.0,1109,1.0,0.006542363758705847
CSF1,CSF1R,Apocrine Cells,Myoepithelial Cells,recompute,recompute,recompute,0.24945190643783477,0.46381415478966415,0.24613745147074395,0.02755557660641766,0.00992063151970032,0.0,0.0022678762006403414,0.3389226353800788,0.0,937,1.0,0.006534459409177802
CSF1,CSF1R,Macrophages,Plasma Cells,recompute,recompute,recompute,0.8975263081978373,0.46381415478966415,0.7204611100467462,0.013294251962681188,0.0019498903447556172,0.0,0.0,0.0,0.0,326,1.0,0.00653300613785077
JAG1,NOTCH1,Plasma Cells,T Lymphocytes,recompute,recompute,recompute,0.6303682835571691,0.8647171432637394,0.6198216015396206,0.00027055134627077156,0.08474527904749042,0.0,0.0009485866059571236,0.01654464456810296,0.0,753,1.0,0.006529091341278288
JAG1,NOTCH1,"CAFs, DCIS Associated",Plasma Cells,recompute,recompute,recompute,0.6303682835571691,0.46013374214009517,0.8767341187813952,0.010161058057093355,0.0029919533735881763,0.0,0.0003494263583949682,0.013420498373825389,0.0,2453,1.0,0.006526900612874276
DLL4,NOTCH3,"CAFs, Invasive Associated",Dendritic Cells,recompute,recompute,recompute,0.6342079770588467,0.7746834992804791,0.7917001487310438,0.002196330917593002,0.009044464882971325,0.0,0.00021376656690893543,0.024277661610773483,0.0,2339,1.0,0.0065262941366503536
JAG1,NOTCH1,"CAFs, Invasive Associated",Myeloid Cells,recompute,recompute,recompute,0.7941469661104033,0.7448301506164821,0.6198216015396206,0.00838985805983649,0.0024587070627964786,0.0,0.001998001998001998,0.09485871415625159,0.0,143,1.0,0.006503015018526452
DLL4,NOTCH3,Myeloid Cells,CXCL14+ Fibroblasts,recompute,recompute,recompute,0.7840818683779507,0.8818326005152037,0.7827641335561659,0.0032417203409647417,0.004265561924923322,0.0,0.0,0.0,0.0,527,1.0,0.006491655158620952
CXCL12,CXCR4,Mast Cells,Pericytes,recompute,recompute,recompute,0.7487535481622718,0.7757991160529997,0.8567148457705164,0.001641777062288553,0.009156953124503932,0.0,0.0,0.0,0.0,244,1.0,0.006491306707075409
CSF1,CSF1R,Luminal-like Amorphous DCIS Cells,11q13 Invasive Tumor Cells (Mitotic),recompute,recompute,recompute,0.24945190643783477,0.6556237992935476,0.24613745147074395,0.07022613207428953,0.0026430507474118963,0.0,0.0013404825737265416,0.5418701537228993,0.0,373,1.0,0.006489893037637533
TGFB1,TGFBR2,Myeloid Cells,11q13 Invasive Tumor Cells (G1/S),recompute,recompute,recompute,0.744134323411945,0.628133940116149,0.6198216015396206,0.013941536844336442,0.0018417017418815348,0.0,0.0,0.0,0.0,32,1.0,0.006485107169081007
DLL4,NOTCH3,Macrophages,Dendritic Cells,recompute,recompute,recompute,0.8949858186325867,0.7746834992804791,0.6198216015396206,0.0018955660656360717,0.009044464882971325,0.0,9.879470460383322e-05,0.011220203617387705,0.0,1687,1.0,0.006474734426564376
JAG1,NOTCH1,Mast Cells,Pericytes,recompute,recompute,recompute,0.6303682835571691,0.7728785963662539,0.8567148457705164,9.902323108165853e-05,0.17748963886584487,0.0,0.0008782201405152225,0.02995110334347359,0.0,244,1.0,0.006470174403696066
DLL4,NOTCH3,11q13 Invasive Tumor Cells (G1/S),Myoepithelial Cells,recompute,recompute,recompute,0.6342079770588467,0.4638256179742202,0.6198216015396206,0.0008958753988410421,0.04464016629523392,0.0,0.0,0.0,0.0,453,1.0,0.006463562021577606
CSF1,CSF1R,Myeloid Cells,Mast Cells,recompute,recompute,recompute,0.7866181160593629,0.8388327345645936,0.7827641335561659,0.009981073684215833,0.0013954866575133426,0.0,0.0,0.0,0.0,23,1.0,0.006449055646221325
JAG1,NOTCH1,Myeloid Cells,"CAFs, Invasive Associated",recompute,recompute,recompute,0.6303682835571691,0.6655462707198134,0.6198216015396206,0.0003788349535045612,0.07272217354205764,0.0,0.0,0.0,0.0,160,1.0,0.006444580094633147
TGFB1,TGFBR2,11q13 Invasive Tumor Cells (G1/S),Myeloid Cells,recompute,recompute,recompute,0.6618992459738668,0.7821407762924618,0.6198216015396206,0.02290427933852047,0.0009726234029574384,0.0,0.0,0.0,0.0,21,1.0,0.006442210685471529
TGFB1,TGFBR2,Luminal-like Amorphous DCIS Cells,Myeloid Cells,recompute,recompute,recompute,0.4625524716153596,0.7821407762924618,0.24613745147074395,0.08160636573734653,0.0009726234029574384,0.0,0.0,0.0,0.0,84,1.0,0.006430076741911733
JAG1,NOTCH1,Myoepithelial Cells,CXCL14+ Fibroblasts,recompute,recompute,recompute,0.6303682835571691,0.7728785963662539,0.7204611100467462,0.027254376065765328,0.0007383002999486475,0.0,0.0008359650752368567,0.13608733782925592,0.0,1538,1.0,0.006429323144385463
CSF1,CSF1R,Plasma Cells,11q13 Invasive Tumor Cells (Mitotic),recompute,recompute,recompute,0.7181940594497765,0.6556237992935476,0.6198216015396206,0.009092431017982948,0.0026430507474118963,0.0,0.0,0.0,0.0,3,1.0,0.006421825208579488
CSF1,CSF1R,Plasma Cells,Myeloid Cells,recompute,recompute,recompute,0.7181940594497765,0.7471243099617693,0.7204611100467462,0.009092431017982948,0.00197514773301428,0.0,0.0,0.0,0.0,43,1.0,0.006410933206970668
CXCL12,CXCR4,B Cells,Mast Cells,recompute,recompute,recompute,0.6160088550075702,0.7757991160529997,0.6198216015396206,0.0052742025956585255,0.004443041812720275,0.0,0.004686035613870666,0.17516923077467209,0.0,97,1.0,0.006410722756185955
CSF1,CSF1R,11q13 Invasive Tumor Cells (G1/S),Myeloid Cells,recompute,recompute,recompute,0.6329636802303048,0.7471243099617693,0.6198216015396206,0.011973593206576157,0.00197514773301428,0.0,0.0,0.0,0.0,21,1.0,0.0064093035195474345
TGFB1,TGFBR2,CXCL14+ Fibroblasts,11q13 Invasive Tumor Cells (G1/S),recompute,recompute,recompute,0.8649048900453102,0.628133940116149,0.6198216015396206,0.011170777497016586,0.0018417017418815348,0.0,0.0,0.0,0.0,409,1.0,0.006408633925578152
CSF1,CSF1R,Myeloid Cells,B Cells,recompute,recompute,recompute,0.7866181160593629,0.7744570596502125,0.6198216015396206,0.009981073684215833,0.0017943776934449295,0.0,0.0,0.0,0.0,144,1.0,0.006382933679333151
JAG1,NOTCH1,Myeloid Cells,Dendritic Cells,recompute,recompute,recompute,0.6303682835571691,0.8647171432637394,0.6198216015396206,0.0003788349535045612,0.05197941571611153,0.0,0.0046218487394957975,0.21137342587757768,0.0,170,1.0,0.0063655806105407135
CXCL12,CXCR4,B Cells,11q13 Invasive Tumor Cells (G1/S),recompute,recompute,recompute,0.6160088550075702,0.6632137581773894,0.7917001487310438,0.0052742025956585255,0.0038860320327025817,0.0,0.0,0.0,0.0,42,1.0,0.006361766509168034
CXCL12,CXCR4,Myeloid Cells,Pericytes,recompute,recompute,recompute,0.7487535481622718,0.7757991160529997,0.7827641335561659,0.0015847932820241062,0.009156953124503932,0.0,0.0007010983874737088,0.18350979936066225,0.0,389,1.0,0.006356835738179556
JAG1,NOTCH1,B Cells,T Lymphocytes,recompute,recompute,recompute,0.8630183004227985,0.8647171432637394,0.9318789094584047,0.00011090031177372873,0.08474527904749042,0.0,0.00015761570425562398,0.0027490329179056536,0.0,4985,1.0,0.006346829677969245
CXCL12,CXCR4,B Cells,Luminal-like Amorphous DCIS Cells,recompute,recompute,recompute,0.6160088550075702,0.46000374398572297,0.24613745147074395,0.0052742025956585255,0.017738069381683,0.0,0.0012925463162429987,0.3222448507272999,0.0,211,1.0,0.006345001271923044
JAG1,NOTCH1,Apocrine Cells,Luminal-like Amorphous DCIS Cells,recompute,recompute,recompute,0.24513582144484414,0.46013374214009517,0.3990376746076917,0.0010709508378277067,0.13474796491837557,0.0,0.009630818619582662,0.5559119093435966,0.0,89,1.0,0.006340158369017403
DLL4,NOTCH3,CXCL14+ Fibroblasts,Myoepithelial Cells,recompute,recompute,recompute,0.9184503888425789,0.4638256179742202,0.7204611100467462,0.0004696576149175879,0.04464016629523392,0.0,0.0,0.0,0.0,1884,1.0,0.006330279982982106
DLL4,NOTCH3,CXCL14+ Fibroblasts,11q13 Invasive Tumor Cells (G1/S),recompute,recompute,recompute,0.9184503888425789,0.6580560501976399,0.6198216015396206,0.0004696576149175879,0.0362497659817488,0.0,0.0,0.0,0.0,409,1.0,0.006320918774111391
CSF1,CSF1R,Luminal-like Amorphous DCIS Cells,Myeloid Cells,recompute,recompute,recompute,0.24945190643783477,0.7471243099617693,0.24613745147074395,0.07022613207428953,0.00197514773301428,0.0,0.0,0.0,0.0,84,1.0,0.0063184371753048935
JAG1,NOTCH1,CXCL14+ Fibroblasts,T Lymphocytes,recompute,recompute,recompute,0.6303682835571691,0.8647171432637394,0.6198216015396206,0.0002196427612790349,0.08474527904749042,0.0,0.0001898686109212425,0.003311567612913751,0.0,1881,1.0,0.006306153875665985
JAG1,NOTCH1,Macrophages,11q13 Invasive Tumor Cells (Mitotic),recompute,recompute,recompute,0.6303682835571691,0.6655462707198134,0.6198216015396206,0.00027502314493788786,0.08666944020865194,0.0,0.0,0.0,0.0,129,1.0,0.006290933129785774
JAG1,NOTCH1,Plasma Cells,11q13 Invasive Tumor Cells (Mitotic),recompute,recompute,recompute,0.6303682835571691,0.6655462707198134,0.6198216015396206,0.00027055134627077156,0.08666944020865194,0.0,0.09523809523809523,1.0,0.0,3,1.0,0.006273768965358458
TGFB1,TGFBR2,Myeloid Cells,11q13 Invasive Tumor Cells (Mitotic),recompute,recompute,recompute,0.744134323411945,0.628133940116149,0.6198216015396206,0.013941536844336442,0.0014987600472605432,0.0,0.0,0.0,0.0,30,1.0,0.006266177825676733
DLL4,NOTCH3,Myoepithelial Cells,Macrophages,recompute,recompute,recompute,0.7160288858520609,0.8923034233058523,0.7204611100467462,0.0069047442087267884,0.001891930584070094,0.0,0.0,0.0,0.0,591,1.0,0.006259191367100979
DLL4,NOTCH3,Mast Cells,Myoepithelial Cells,recompute,recompute,recompute,0.8516956437178343,0.4638256179742202,0.7204611100467462,0.00047235258648800887,0.04464016629523392,0.0,0.0,0.0,0.0,66,1.0,0.0062571301094895
CSF1,CSF1R,Luminal-like Amorphous DCIS Cells,B Cells,recompute,recompute,recompute,0.24945190643783477,0.7744570596502125,0.24613745147074395,0.07022613207428953,0.0017943776934449295,0.0,0.004261363636363636,1.0,0.0,176,1.0,0.006255511601902443
DLL4,NOTCH3,Mast Cells,11q13 Invasive Tumor Cells (G1/S),recompute,recompute,recompute,0.8516956437178343,0.6580560501976399,0.6198216015396206,0.00047235258648800887,0.0362497659817488,0.0,0.0,0.0,0.0,1,1.0,0.0062478770745457695
DLL4,NOTCH3,Apocrine Cells,Pericytes,recompute,recompute,recompute,0.2490567623945399,0.8818326005152037,0.24613745147074395,0.0001268124169210086,0.8672894033034337,0.0,0.0,0.0,0.0,9,1.0,0.006247463341000002
CSF1,CSF1R,11q13 Invasive Tumor Cells (G1/S),11q13 Invasive Tumor Cells (G1/S),recompute,recompute,recompute,0.6329636802303048,0.6556237992935476,1.0,0.011973593206576157,0.0011919786089109867,0.0,0.00047399783315276275,0.136994190458098,0.0,1846,1.0,0.006243408447056731
DLL4,NOTCH3,Dendritic Cells,T Lymphocytes,recompute,recompute,recompute,0.6342079770588467,0.7746834992804791,0.909150863993142,0.0028649117803088656,0.0046263543438723525,0.0,2.8148398356133533e-05,0.015344540153382123,0.0,5921,1.0,0.0062429630336640445
CSF1,CSF1R,Plasma Cells,Plasma Cells,recompute,recompute,recompute,0.7181940594497765,0.46381415478966415,1.0,0.009092431017982948,0.0019498903447556172,0.0,0.0,0.0,0.0,283,1.0,0.0062404099773420915
TGFB1,TGFBR2,Basal-like Structured DCIS Cells,Apocrine Cells,recompute,recompute,recompute,0.7806633527749638,0.25153574142392743,0.24613745147074395,0.14371478860647843,0.0008361810775763445,0.0,0.00024015369836695484,0.0359481627493155,0.0,694,1.0,0.006223118096556897
CSF1,CSF1R,Macrophages,11q13 Invasive Tumor Cells (G1/S),recompute,recompute,recompute,0.8975263081978373,0.6556237992935476,0.6198216015396206,0.013294251962681188,0.0011919786089109867,0.0,0.0,0.0,0.0,129,1.0,0.006218001563243851
CXCL12,CXCR4,Basal-like Structured DCIS Cells,Pericytes,recompute,recompute,recompute,0.6160088550075702,0.7757991160529997,0.6198216015396206,0.0021291294377375697,0.009156953124503932,0.0,0.0001260525386981294,0.03299376592313627,0.0,1803,1.0,0.006217174954150984
TGFB1,TGFBR2,CXCL14+ Fibroblasts,Myeloid Cells,recompute,recompute,recompute,0.8649048900453102,0.7821407762924618,0.7827641335561659,0.011170777497016586,0.0009726234029574384,0.0,0.0,0.0,0.0,526,1.0,0.006213260048902483
JAG1,NOTCH1,"CAFs, Invasive Associated",Plasma Cells,recompute,recompute,recompute,0.7941469661104033,0.46013374214009517,0.6198216015396206,0.00838985805983649,0.0029919533735881763,0.0,0.004517221908526256,0.17349397897756882,0.0,253,1.0,0.0062009826480857195
DLL4,NOTCH3,11q13 Invasive Tumor Cells (Mitotic),Macrophages,recompute,recompute,recompute,0.6342079770588467,0.8923034233058523,0.6198216015396206,0.008557082379913908,0.001891930584070094,0.0,0.0,0.0,0.0,103,1.0,0.006199749134633989
DLL4,NOTCH3,Macrophages,CXCL14+ Fibroblasts,recompute,recompute,recompute,0.8949858186325867,0.8818326005152037,0.8875000050982297,0.0018955660656360717,0.004265561924923322,0.0,0.0,0.0,0.0,1462,1.0,0.006197000456230806
DLL4,NOTCH3,Myeloid Cells,T Lymphocytes,recompute,recompute,recompute,0.7840818683779507,0.7746834992804791,0.6198216015396206,0.0032417203409647417,0.0046263543438723525,0.0,0.0,0.0,0.0,388,1.0,0.006193862025334127
TGFB1,TGFBR2,CXCL14+ Fibroblasts,11q13 Invasive Tumor Cells (Mitotic),recompute,recompute,recompute,0.8649048900453102,0.628133940116149,0.6198216015396206,0.011170777497016586,0.0014987600472605432,0.0,0.00042735042735042735,0.15917327553946614,0.0,390,1.0,0.0061922862260159195
CSF1,CSF1R,Plasma Cells,B Cells,recompute,recompute,recompute,0.7181940594497765,0.7744570596502125,0.6198216015396206,0.009092431017982948,0.0017943776934449295,0.0,0.0003968253968253968,0.10238510762070979,0.0,315,1.0,0.006189902031464297
JAG1,NOTCH1,"CAFs, DCIS Associated",Mast Cells,recompute,recompute,recompute,0.6303682835571691,0.7728785963662539,0.7204611100467462,0.010161058057093355,0.0015718900135326876,0.0,0.0001320306311064167,0.005335573077050576,0.0,1082,1.0,0.006186524620051072
DLL4,NOTCH3,"CAFs, DCIS Associated",Myeloid Cells,recompute,recompute,recompute,0.7160288858520609,0.7470475610360806,0.7204611100467462,0.018679344959851515,0.0007714919761827168,0.0,0.00012616704516780217,0.03659933307196899,0.0,1321,1.0,0.0061768166807690365
CXCL12,CXCR4,Basal-like Structured DCIS Cells,"CAFs, Invasive Associated",recompute,recompute,recompute,0.6160088550075702,0.6632137581773894,0.7917001487310438,0.0021291294377375697,0.008007263802792432,0.0,0.00014607781078054247,0.03528522023940606,0.0,1867,1.0,0.006169476796799793
CXCL12,CXCR4,Luminal-like Amorphous DCIS Cells,"CAFs, DCIS Associated",recompute,recompute,recompute,0.2556690013679459,0.46000374398572297,0.24613745147074395,0.006120705198198609,0.0310998965832685,0.0,0.00023290912817455135,0.04395301228634144,0.0,4879,1.0,0.006168739161123163
CSF1,CSF1R,Plasma Cells,Mast Cells,recompute,recompute,recompute,0.7181940594497765,0.8388327345645936,0.7204611100467462,0.009092431017982948,0.0013954866575133426,0.0,0.0026041666666666665,0.11325028312570798,0.0,48,1.0,0.006168167688257994
CSF1,CSF1R,11q13 Invasive Tumor Cells (G1/S),Mast Cells,recompute,recompute,recompute,0.6329636802303048,0.8388327345645936,0.6198216015396206,0.011973593206576157,0.0013954866575133426,0.0,0.0,0.0,0.0,0,1.0,0.006166599712897554
CSF1,CSF1R,Myeloid Cells,CXCL14+ Fibroblasts,recompute,recompute,recompute,0.7866181160593629,0.8901135829200775,0.7827641335561659,0.009981073684215833,0.0010015918709323055,0.0,0.0,0.0,0.0,527,1.0,0.0061629056882716825
CXCL12,CXCR4,Dendritic Cells,CXCL14+ Fibroblasts,recompute,recompute,recompute,0.6160088550075702,0.7757991160529997,0.6198216015396206,0.014925651776972337,0.0012252690191386984,0.0,0.0006901991717609938,0.5537964172163711,0.0,922,1.0,0.006151229433919842
JAG1,NOTCH1,Apocrine Cells,Myoepithelial Cells,recompute,recompute,recompute,0.24513582144484414,0.46013374214009517,0.24613745147074395,0.0010709508378277067,0.17955576343167495,0.0,0.004192712303704834,0.14566176261224753,0.0,937,1.0,0.006136304865186054
CXCL12,CXCR4,11q13 Invasive Tumor Cells (Mitotic),"CAFs, DCIS Associated",recompute,recompute,recompute,0.6160088550075702,0.46000374398572297,0.6198216015396206,0.0009692519480124524,0.0310998965832685,0.0,0.0,0.0,0.0,157,1.0,0.006127771326375111
JAG1,NOTCH1,Macrophages,"CAFs, Invasive Associated",recompute,recompute,recompute,0.6303682835571691,0.6655462707198134,0.6198216015396206,0.00027502314493788786,0.07272217354205764,0.0,5.275374551593163e-05,0.0014767977879667955,0.0,1354,1.0,0.006109634269971186
CXCL12,CXCR4,Luminal-like Amorphous DCIS Cells,Plasma Cells,recompute,recompute,recompute,0.2556690013679459,0.46000374398572297,0.24613745147074395,0.006120705198198609,0.029279151553362335,0.0,0.0026737967914438505,0.0631346914224394,0.0,272,1.0,0.006107024545256221
JAG1,NOTCH1,Plasma Cells,"CAFs, Invasive Associated",recompute,recompute,recompute,0.6303682835571691,0.6655462707198134,0.6198216015396206,0.00027055134627077156,0.07272217354205764,0.0,0.0005012531328320802,0.014032169858996779,0.0,285,1.0,0.006092964760847962
DLL4,NOTCH3,Apocrine Cells,11q13 Invasive Tumor Cells,recompute,recompute,recompute,0.2490567623945399,0.6580560501976399,0.24613745147074395,0.0001268124169210086,1.0,0.0,0.0,0.0,0.0,184,1.0,0.006092878240094514
CSF1,CSF1R,Myeloid Cells,Plasma Cells,recompute,recompute,recompute,0.7866181160593629,0.46381415478966415,0.7204611100467462,0.009981073684215833,0.0019498903447556172,0.0,0.0,0.0,0.0,37,1.0,0.006092816566253784
CSF1,CSF1R,Luminal-like Amorphous DCIS Cells,Mast Cells,recompute,recompute,recompute,0.24945190643783477,0.8388327345645936,0.24613745147074395,0.07022613207428953,0.0013954866575133426,0.0,0.0,0.0,0.0,34,1.0,0.006079174242936714
DLL4,NOTCH3,"CAFs, DCIS Associated",Plasma Cells,recompute,recompute,recompute,0.7160288858520609,0.4638256179742202,0.8767341187813952,0.018679344959851515,0.0009249287638231187,0.0,0.0,0.0,0.0,2453,1.0,0.006075816884944784
JAG1,NOTCH1,"CAFs, Invasive Associated",Mast Cells,recompute,recompute,recompute,0.7941469661104033,0.7728785963662539,0.6198216015396206,0.00838985805983649,0.0015718900135326876,0.0,0.0032967032967032963,0.1332251554469705,0.0,130,1.0,0.006073091475546862
DLL4,NOTCH3,Luminal-like Amorphous DCIS Cells,Dendritic Cells,recompute,recompute,recompute,0.2490567623945399,0.7746834992804791,0.24613745147074395,0.011649387573427093,0.009044464882971325,0.0,0.0004585052728106373,0.052072856953323414,0.0,727,1.0,0.006070361219417475
CXCL12,CXCR4,11q13 Invasive Tumor Cells (Mitotic),Plasma Cells,recompute,recompute,recompute,0.6160088550075702,0.46000374398572297,0.6198216015396206,0.0009692519480124524,0.029279151553362335,0.0,0.0,0.0,0.0,5,1.0,0.0060664665696574
JAG1,NOTCH1,CXCL14+ Fibroblasts,11q13 Invasive Tumor Cells (Mitotic),recompute,recompute,recompute,0.6303682835571691,0.6655462707198134,0.6198216015396206,0.0002196427612790349,0.08666944020865194,0.0,0.0009157509157509156,0.010979775885946298,0.0,390,1.0,0.0060595495464737005
DLL4,NOTCH3,T Lymphocytes,Macrophages,recompute,recompute,recompute,0.6342079770588467,0.8923034233058523,0.6198216015396206,0.007392968575375538,0.001891930584070094,0.0,0.00019374212922600018,0.08571087022464212,0.0,3441,1.0,0.006050477559066462
JAG1,NOTCH1,B Cells,Myoepithelial Cells,recompute,recompute,recompute,0.8630183004227985,0.46013374214009517,0.6198216015396206,0.00011090031177372873,0.17955576343167495,0.0,0.00014400921658986175,0.005003118459225657,0.0,496,1.0,0.006049558573528275
JAG1,NOTCH1,Macrophages,Dendritic Cells,recompute,recompute,recompute,0.6303682835571691,0.8647171432637394,0.6198216015396206,0.00027502314493788786,0.05197941571611153,0.0,0.00016936235074942839,0.0077455369723960135,0.0,1687,1.0,0.00603474064645596
CXCL12,CXCR4,B Cells,Myeloid Cells,recompute,recompute,recompute,0.6160088550075702,0.7447682696221608,0.6198216015396206,0.0052742025956585255,0.003215470541813311,0.0,0.00232249502322495,0.19714310979005992,0.0,137,1.0,0.006033181550443552
JAG1,NOTCH1,Plasma Cells,Dendritic Cells,recompute,recompute,recompute,0.6303682835571691,0.8647171432637394,0.6198216015396206,0.00027055134627077156,0.05197941571611153,0.0,0.0,0.0,0.0,271,1.0,0.006018275476886512
JAG1,NOTCH1,Apocrine Cells,T Lymphocytes,recompute,recompute,recompute,0.24513582144484414,0.8647171432637394,0.24613745147074395,0.0010709508378277067,0.08474527904749042,0.0,0.00965250965250965,0.168352937294345,0.0,74,1.0,0.006014847543594521
CXCL12,CXCR4,Myoepithelial Cells,CXCL14+ Fibroblasts,recompute,recompute,recompute,0.8023917560710954,0.7757991160529997,0.7204611100467462,0.008536715800078514,0.0012252690191386984,0.0,0.0,0.0,0.0,1538,1.0,0.006005448374178975
DLL4,NOTCH3,B Cells,11q13 Invasive Tumor Cells (Mitotic),recompute,recompute,recompute,0.6342079770588467,0.6580560501976399,0.7917001487310438,0.00023276310008261776,0.06060662711593698,0.0,0.0,0.0,0.0,50,1.0,0.00599908089540651
DLL4,NOTCH3,"CAFs, DCIS Associated",B Cells,recompute,recompute,recompute,0.7160288858520609,0.7746834992804791,0.6198216015396206,0.018679344959851515,0.0007179840585900947,0.0,3.9382482671707626e-05,0.020810638748146648,0.0,4232,1.0,0.005988260942307615
CSF1,CSF1R,CXCL14+ Fibroblasts,Luminal-like Amorphous DCIS Cells,recompute,recompute,recompute,0.9330656492219304,0.46381415478966415,0.24613745147074395,0.0032976778039481187,0.013082994902830098,0.0,0.0,0.0,0.0,1491,1.0,0.005984922010729723
JAG1,NOTCH1,Luminal-like Amorphous DCIS Cells,CXCL14+ Fibroblasts,recompute,recompute,recompute,0.24513582144484414,0.7728785963662539,0.24613745147074395,0.13275554617509155,0.0007383002999486475,0.0,0.00010322047894302229,0.016803333781422253,0.0,1384,1.0,0.005979495897441387
CXCL12,CXCR4,Basal-like Structured DCIS Cells,11q13 Invasive Tumor Cells (Mitotic),recompute,recompute,recompute,0.6160088550075702,0.6632137581773894,0.7917001487310438,0.0021291294377375697,0.006423079245780309,0.0,0.0003196022727272727,0.04298641046861804,0.0,1280,1.0,0.005946912493507483
JAG1,NOTCH1,B Cells,11q13 Invasive Tumor Cells (Mitotic),recompute,recompute,recompute,0.8630183004227985,0.6655462707198134,0.7917001487310438,0.00011090031177372873,0.08666944020865194,0.0,0.0,0.0,0.0,50,1.0,0.005935165429419307
JAG1,NOTCH1,Myeloid Cells,11q13 Invasive Tumor Cells (G1/S),recompute,recompute,recompute,0.6303682835571691,0.6655462707198134,0.6198216015396206,0.0003788349535045612,0.043382027682688826,0.0,0.004464285714285714,0.21735589940202982,0.0,32,1.0,0.0059129172116168
CSF1,CSF1R,11q13 Invasive Tumor Cells (G1/S),Plasma Cells,recompute,recompute,recompute,0.6329636802303048,0.46381415478966415,0.6198216015396206,0.011973593206576157,0.0019498903447556172,0.0,0.0,0.0,0.0,5,1.0,0.0059070566116047885
CXCL12,CXCR4,Mast Cells,Mast Cells,recompute,recompute,recompute,0.7487535481622718,0.7757991160529997,1.0,0.001641777062288553,0.004443041812720275,0.0,0.006493506493506494,0.2427345055020456,0.0,14,1.0,0.005904471981192287
DLL4,NOTCH3,Dendritic Cells,CXCL14+ Fibroblasts,recompute,recompute,recompute,0.6342079770588467,0.8818326005152037,0.6198216015396206,0.0028649117803088656,0.004265561924923322,0.0,0.0,0.0,0.0,922,1.0,0.005904218699736509
JAG1,NOTCH1,T Lymphocytes,Macrophages,recompute,recompute,recompute,0.8630183004227985,0.7728785963662539,0.6198216015396206,0.0006856224272495787,0.014834469652737872,0.0,0.00014530659691950012,0.02908918379995781,0.0,3441,1.0,0.00589694322257183
CSF1,CSF1R,Plasma Cells,CXCL14+ Fibroblasts,recompute,recompute,recompute,0.7181940594497765,0.8901135829200775,0.7204611100467462,0.009092431017982948,0.0010015918709323055,0.0,0.0,0.0,0.0,306,1.0,0.005894480962410692
JAG1,NOTCH1,T Lymphocytes,"CAFs, DCIS Associated",recompute,recompute,recompute,0.8630183004227985,0.46013374214009517,0.6198216015396206,0.0006856224272495787,0.024824385714313182,0.0,9.848594277310149e-05,0.014162929620678342,0.0,10879,1.0,0.005893276375025086
CSF1,CSF1R,11q13 Invasive Tumor Cells (G1/S),CXCL14+ Fibroblasts,recompute,recompute,recompute,0.6329636802303048,0.8901135829200775,0.6198216015396206,0.011973593206576157,0.0010015918709323055,0.0,0.0,0.0,0.0,380,1.0,0.005892982559419925
JAG1,NOTCH1,CXCL14+ Fibroblasts,"CAFs, Invasive Associated",recompute,recompute,recompute,0.6303682835571691,0.6655462707198134,0.6198216015396206,0.0002196427612790349,0.07272217354205764,0.0,0.00040184850311432587,0.011249418874301215,0.0,1422,1.0,0.005884918946990102
DLL4,NOTCH3,11q13 Invasive Tumor Cells,Mast Cells,recompute,recompute,recompute,0.6342079770588467,0.8341464445360613,0.6198216015396206,0.06734007498340545,0.00018718663110571166,0.0,0.0,0.0,0.0,42,1.0,0.005880109358360846
CXCL12,CXCR4,Apocrine Cells,Dendritic Cells,recompute,recompute,recompute,0.2556690013679459,0.9008184599638702,0.24613745147074395,0.00022698568102339834,0.3180524283074206,0.0,0.0007102272727272727,0.00986975430124512,0.0,64,1.0,0.005870407318323696
CXCL12,CXCR4,11q13 Invasive Tumor Cells (G1/S),B Cells,recompute,recompute,recompute,0.6160088550075702,0.9546923450729715,0.7917001487310438,0.0001971810371238748,0.04457454658784243,0.0,0.0,0.0,0.0,38,1.0,0.005870353085488078
CXCL12,CXCR4,Mast Cells,"CAFs, Invasive Associated",recompute,recompute,recompute,0.7487535481622718,0.6632137581773894,0.6198216015396206,0.001641777062288553,0.008007263802792432,0.0,0.0006313131313131314,0.1524942272846553,0.0,144,1.0,0.005859269075856075
DLL4,NOTCH3,"CAFs, Invasive Associated",T Lymphocytes,recompute,recompute,recompute,0.6342079770588467,0.7746834992804791,0.7917001487310438,0.002196330917593002,0.0046263543438723525,0.0,7.246376811594203e-05,0.03950218358616329,0.0,2300,1.0,0.005836368737553718
JAG1,NOTCH1,B Cells,Dendritic Cells,recompute,recompute,recompute,0.8630183004227985,0.8647171432637394,0.909150863993142,0.00011090031177372873,0.05197941571611153,0.0,0.00018445079774970027,0.008435584811124646,0.0,1549,1.0,0.005826247210107221
CXCL12,CXCR4,Myeloid Cells,"CAFs, Invasive Associated",recompute,recompute,recompute,0.7487535481622718,0.6632137581773894,0.6198216015396206,0.0015847932820241062,0.008007263802792432,0.0,0.0005681818181818182,0.13724480455618976,0.0,160,1.0,0.005824873946701424
CSF1,CSF1R,Luminal-like Amorphous DCIS Cells,Plasma Cells,recompute,recompute,recompute,0.24945190643783477,0.46381415478966415,0.24613745147074395,0.07022613207428953,0.0019498903447556172,0.0,0.002297794117647059,0.20665987830759583,0.0,272,1.0,0.005823310750936265
CXCL12,CXCR4,11q13 Invasive Tumor Cells,CXCL14+ Fibroblasts,recompute,recompute,recompute,0.6160088550075702,0.7757991160529997,0.6198216015396206,0.010634001710228292,0.0012252690191386984,0.0,3.7257824143070045e-05,0.02989463095278069,0.0,4880,1.0,0.005813297056031512
JAG1,NOTCH1,CXCL14+ Fibroblasts,Dendritic Cells,recompute,recompute,recompute,0.6303682835571691,0.8647171432637394,0.6198216015396206,0.0002196427612790349,0.05197941571611153,0.0,0.00024158479626348848,0.011048523849294315,0.0,887,1.0,0.00581277994741042
CSF1,CSF1R,Luminal-like Amorphous DCIS Cells,CXCL14+ Fibroblasts,recompute,recompute,recompute,0.24945190643783477,0.8901135829200775,0.24613745147074395,0.07022613207428953,0.0010015918709323055,0.0,0.0,0.0,0.0,1384,1.0,0.005809436230208576
DLL4,NOTCH3,Plasma Cells,Dendritic Cells,recompute,recompute,recompute,0.7160288858520609,0.7746834992804791,0.6198216015396206,0.0012306151710811475,0.009044464882971325,0.0,0.0,0.0,0.0,271,1.0,0.005805038721692889
CXCL12,CXCR4,Luminal-like Amorphous DCIS Cells,Myoepithelial Cells,recompute,recompute,recompute,0.2556690013679459,0.46000374398572297,0.24613745147074395,0.006120705198198609,0.021502591154489905,0.0,0.0002313208420078648,0.027789885223788308,0.0,13362,1.0,0.005800762164098669
CSF1,CSF1R,Myeloid Cells,11q13 Invasive Tumor Cells (G1/S),recompute,recompute,recompute,0.7866181160593629,0.6556237992935476,0.6198216015396206,0.009981073684215833,0.0011919786089109867,0.0,0.0,0.0,0.0,32,1.0,0.005799036788596609
DLL4,NOTCH3,Macrophages,T Lymphocytes,recompute,recompute,recompute,0.8949858186325867,0.7746834992804791,0.6198216015396206,0.0018955660656360717,0.0046263543438723525,0.0,0.00023303504847129006,0.12703442708078239,0.0,3576,1.0,0.005790259648113012
JAG1,NOTCH1,Apocrine Cells,11q13 Invasive Tumor Cells (Mitotic),recompute,recompute,recompute,0.24513582144484414,0.6655462707198134,0.24613745147074395,0.0010709508378277067,0.08666944020865194,0.0,0.0,0.0,0.0,2,1.0,0.0057796348493078095
JAG1,NOTCH1,Mast Cells,Myoepithelial Cells,recompute,recompute,recompute,0.6303682835571691,0.46013374214009517,0.7204611100467462,9.902323108165853e-05,0.17955576343167495,0.0,0.0,0.0,0.0,66,1.0,0.005776678805329263
JAG1,NOTCH1,B Cells,"CAFs, Invasive Associated",recompute,recompute,recompute,0.8630183004227985,0.6655462707198134,0.7917001487310438,0.00011090031177372873,0.07272217354205764,0.0,0.00029515938606847696,0.008262744648376202,0.0,968,1.0,0.005764119464859617
CXCL12,CXCR4,11q13 Invasive Tumor Cells (Mitotic),Myoepithelial Cells,recompute,recompute,recompute,0.6160088550075702,0.46000374398572297,0.6198216015396206,0.0009692519480124524,0.021502591154489905,0.0,0.00019098548510313216,0.02294416994316977,0.0,714,1.0,0.005762238138435655
JAG1,NOTCH1,Myeloid Cells,Luminal-like Amorphous DCIS Cells,recompute,recompute,recompute,0.6303682835571691,0.46013374214009517,0.24613745147074395,0.0003788349535045612,0.13474796491837557,0.0,0.000585480093676815,0.0337951912100957,0.0,122,1.0,0.005758022007575301
CSF1,CSF1R,CXCL14+ Fibroblasts,Myeloid Cells,recompute,recompute,recompute,0.9330656492219304,0.7471243099617693,0.7827641335561659,0.0032976778039481187,0.00197514773301428,0.0,0.0,0.0,0.0,526,1.0,0.005734002624621116
CXCL12,CXCR4,11q13 Invasive Tumor Cells (G1/S),11q13 Invasive Tumor Cells,recompute,recompute,recompute,0.6160088550075702,0.6632137581773894,0.8824495942126559,0.0001971810371238748,0.04976777849846808,0.0,4.8875855327468224e-05,0.016703102308251058,0.0,12090,1.0,0.005729644196724112
DLL4,NOTCH3,Basal-like Structured DCIS Cells,Macrophages,recompute,recompute,recompute,0.6342079770588467,0.8923034233058523,0.6198216015396206,0.0053032910137447145,0.001891930584070094,0.0,0.0,0.0,0.0,475,1.0,0.005724586555497334
JAG1,NOTCH1,Dendritic Cells,B Cells,recompute,recompute,recompute,0.8630183004227985,0.8647171432637394,0.909150863993142,0.001657584379221534,0.0030854511812878796,0.0,0.00022719011268629587,0.046435583503210205,0.0,1572,1.0,0.005711121499225639
CXCL12,CXCR4,Plasma Cells,CXCL14+ Fibroblasts,recompute,recompute,recompute,0.8730912658940219,0.7757991160529997,0.7204611100467462,0.005708610653010913,0.0012252690191386984,0.0,0.00014854426619132502,0.11918774432154394,0.0,306,1.0,0.005695488039402395
CSF1,CSF1R,Luminal-like Amorphous DCIS Cells,11q13 Invasive Tumor Cells (G1/S),recompute,recompute,recompute,0.24945190643783477,0.6556237992935476,0.24613745147074395,0.07022613207428953,0.0011919786089109867,0.0,0.0,0.0,0.0,26,1.0,0.005683271005678859
DLL4,NOTCH3,Myeloid Cells,Macrophages,recompute,recompute,recompute,0.7840818683779507,0.8923034233058523,0.7827641335561659,0.0032417203409647417,0.001891930584070094,0.0,0.0,0.0,0.0,162,1.0,0.005680216388841936
CSF1,CSF1R,CXCL14+ Fibroblasts,11q13 Invasive Tumor Cells (Mitotic),recompute,recompute,recompute,0.9330656492219304,0.6556237992935476,0.6198216015396206,0.0032976778039481187,0.0026430507474118963,0.0,0.0,0.0,0.0,390,1.0,0.005664893115856495
DLL4,NOTCH3,"CAFs, Invasive Associated",CXCL14+ Fibroblasts,recompute,recompute,recompute,0.6342079770588467,0.8818326005152037,0.6198216015396206,0.002196330917593002,0.004265561924923322,0.0,0.0,0.0,0.0,1490,1.0,0.005648419363356737
CXCL12,CXCR4,Mast Cells,11q13 Invasive Tumor Cells (Mitotic),recompute,recompute,recompute,0.7487535481622718,0.6632137581773894,0.6198216015396206,0.001641777062288553,0.006423079245780309,0.0,0.0,0.0,0.0,10,1.0,0.00564789553760944
CXCL12,CXCR4,Myeloid Cells,Mast Cells,recompute,recompute,recompute,0.7487535481622718,0.7757991160529997,0.7827641335561659,0.0015847932820241062,0.004443041812720275,0.0,0.009881422924901186,0.36937859532919975,0.0,23,1.0,0.005635026655593101
TGFB1,TGFBR2,Luminal-like Amorphous DCIS Cells,Apocrine Cells,recompute,recompute,recompute,0.4625524716153596,0.25153574142392743,0.3990376746076917,0.08160636573734653,0.0008361810775763445,0.0,0.001718213058419244,0.25719613348479337,0.0,97,1.0,0.005625149182306384
CSF1,CSF1R,Plasma Cells,11q13 Invasive Tumor Cells (G1/S),recompute,recompute,recompute,0.7181940594497765,0.6556237992935476,0.6198216015396206,0.009092431017982948,0.0011919786089109867,0.0,0.0,0.0,0.0,8,1.0,0.005623663256050074
DLL4,NOTCH3,11q13 Invasive Tumor Cells (G1/S),Dendritic Cells,recompute,recompute,recompute,0.6342079770588467,0.7746834992804791,0.7917001487310438,0.0008958753988410421,0.009044464882971325,0.0,0.0,0.0,0.0,193,1.0,0.005620290463031047
CXCL12,CXCR4,Myeloid Cells,11q13 Invasive Tumor Cells (Mitotic),recompute,recompute,recompute,0.7487535481622718,0.6632137581773894,0.6198216015396206,0.0015847932820241062,0.006423079245780309,0.0,0.0,0.0,0.0,30,1.0,0.00561474121512431
JAG1,NOTCH1,Apocrine Cells,"CAFs, Invasive Associated",recompute,recompute,recompute,0.24513582144484414,0.6655462707198134,0.24613745147074395,0.0010709508378277067,0.07272217354205764,0.0,0.0,0.0,0.0,0,1.0,0.005613071131858178
JAG1,NOTCH1,Macrophages,11q13 Invasive Tumor Cells (G1/S),recompute,recompute,recompute,0.6303682835571691,0.6655462707198134,0.6198216015396206,0.00027502314493788786,0.043382027682688826,0.0,0.0,0.0,0.0,129,1.0,0.005605603639200779
CSF1,CSF1R,CXCL14+ Fibroblasts,Mast Cells,recompute,recompute,recompute,0.9330656492219304,0.8388327345645936,0.8567148457705164,0.0032976778039481187,0.0013954866575133426,0.0,0.0,0.0,0.0,137,1.0,0.005600503026395131
JAG1,NOTCH1,Plasma Cells,11q13 Invasive Tumor Cells (G1/S),recompute,recompute,recompute,0.6303682835571691,0.6655462707198134,0.6198216015396206,0.00027055134627077156,0.043382027682688826,0.0,0.0,0.0,0.0,8,1.0,0.005590309325846523
TGFB1,TGFBR2,Myoepithelial Cells,Apocrine Cells,recompute,recompute,recompute,0.4625524716153596,0.25153574142392743,0.24613745147074395,0.12701346030887714,0.0008361810775763445,0.0,0.0009532888465204957,0.14269604355400356,0.0,1049,1.0,0.00558704660595773
DLL4,NOTCH3,Apocrine Cells,Luminal-like Amorphous DCIS Cells,recompute,recompute,recompute,0.2490567623945399,0.4638256179742202,0.3990376746076917,0.0001268124169210086,0.5131068416842878,0.0,0.0,0.0,0.0,89,1.0,0.005574147732443073
CSF1,CSF1R,Apocrine Cells,11q13 Invasive Tumor Cells (Mitotic),recompute,recompute,recompute,0.24945190643783477,0.6556237992935476,0.24613745147074395,0.02755557660641766,0.0026430507474118963,0.0,0.0,0.0,0.0,2,1.0,0.005552936162195666
DLL4,NOTCH3,B Cells,"CAFs, DCIS Associated",recompute,recompute,recompute,0.6342079770588467,0.4638256179742202,0.6198216015396206,0.00023276310008261776,0.06891862663651398,0.0,0.0,0.0,0.0,4087,1.0,0.00555077689518743
CXCL12,CXCR4,11q13 Invasive Tumor Cells (Mitotic),"CAFs, Invasive Associated",recompute,recompute,recompute,0.6160088550075702,0.6632137581773894,0.9161861017439125,0.0009692519480124524,0.008007263802792432,0.0,0.0001984914648670107,0.04794578325107066,0.0,458,1.0,0.0055444483276782365
JAG1,NOTCH1,Apocrine Cells,Dendritic Cells,recompute,recompute,recompute,0.24513582144484414,0.8647171432637394,0.24613745147074395,0.0010709508378277067,0.05197941571611153,0.0,0.007812499999999999,0.35729314885556457,0.0,64,1.0,0.005544264519622856
CXCL12,CXCR4,11q13 Invasive Tumor Cells (G1/S),Macrophages,recompute,recompute,recompute,0.6160088550075702,0.7757991160529997,0.6198216015396206,0.0001971810371238748,0.04917092614889038,0.0,0.0,0.0,0.0,119,1.0,0.005533922870466918
DLL4,NOTCH3,Macrophages,Macrophages,recompute,recompute,recompute,0.8949858186325867,0.8923034233058523,1.0,0.0018955660656360717,0.001891930584070094,0.0,0.00013561160835367508,0.05999412214056012,0.0,2458,1.0,0.005531330044510385
CXCL12,CXCR4,Myeloid Cells,Myeloid Cells,recompute,recompute,recompute,0.7487535481622718,0.7447682696221608,1.0,0.0015847932820241062,0.003215470541813311,0.0,0.0010038548024413748,0.0852114021997672,0.0,1132,1.0,0.005524125719163917
JAG1,NOTCH1,Mast Cells,T Lymphocytes,recompute,recompute,recompute,0.6303682835571691,0.8647171432637394,0.6198216015396206,9.902323108165853e-05,0.08474527904749042,0.0,0.0004164931278633902,0.007264208373050456,0.0,343,1.0,0.005522112845441965
CXCL12,CXCR4,11q13 Invasive Tumor Cells (G1/S),Basal-like Structured DCIS Cells,recompute,recompute,recompute,0.6160088550075702,0.8628183098412396,0.7917001487310438,0.0001971810371238748,0.03391524182236365,0.0,0.00011488090679329095,0.008777166425810674,0.0,1187,1.0,0.005515161209832687
CXCL12,CXCR4,Basal-like Structured DCIS Cells,Mast Cells,recompute,recompute,recompute,0.6160088550075702,0.7757991160529997,0.6198216015396206,0.0021291294377375697,0.004443041812720275,0.0,0.0,0.0,0.0,18,1.0,0.005511224142337121
DLL4,NOTCH3,B Cells,11q13 Invasive Tumor Cells (G1/S),recompute,recompute,recompute,0.6342079770588467,0.6580560501976399,0.7917001487310438,0.00023276310008261776,0.0362497659817488,0.0,0.0,0.0,0.0,42,1.0,0.005506583658741374
CSF1,CSF1R,CXCL14+ Fibroblasts,CXCL14+ Fibroblasts,recompute,recompute,recompute,0.9330656492219304,0.8901135829200775,1.0,0.0032976778039481187,0.0010015918709323055,0.0,0.0,0.0,0.0,4019,1.0,0.005491745271434536
CXCL12,CXCR4,Luminal-like Amorphous DCIS Cells,Pericytes,recompute,recompute,recompute,0.2556690013679459,0.7757991160529997,0.24613745147074395,0.006120705198198609,0.009156953124503932,0.0,5.236698785085882e-05,0.013706857133505687,0.0,1736,1.0,0.005489419938539681
DLL4,NOTCH3,Luminal-like Amorphous DCIS Cells,CXCL14+ Fibroblasts,recompute,recompute,recompute,0.2490567623945399,0.8818326005152037,0.24613745147074395,0.011649387573427093,0.004265561924923322,0.0,0.00024084778420038535,0.05231365618230511,0.0,1384,1.0,0.005472559525084302
CXCL12,CXCR4,Basal-like Structured DCIS Cells,11q13 Invasive Tumor Cells (G1/S),recompute,recompute,recompute,0.6160088550075702,0.6632137581773894,0.7917001487310438,0.0021291294377375697,0.0038860320327025817,0.0,0.0003908387399359025,0.2210893263360166,0.0,1163,1.0,0.00546913702349814
CSF1,CSF1R,CXCL14+ Fibroblasts,B Cells,recompute,recompute,recompute,0.9330656492219304,0.7744570596502125,0.6198216015396206,0.0032976778039481187,0.0017943776934449295,0.0,0.00015802781289506955,0.04077283046842426,0.0,791,1.0,0.005460306418652068
JAG1,NOTCH1,Macrophages,Luminal-like Amorphous DCIS Cells,recompute,recompute,recompute,0.6303682835571691,0.46013374214009517,0.24613745147074395,0.00027502314493788786,0.13474796491837557,0.0,0.0005431830526887561,0.031353713518111594,0.0,263,1.0,0.005458758843578763
CXCL12,CXCR4,Basal-like Structured DCIS Cells,Luminal-like Amorphous DCIS Cells,recompute,recompute,recompute,0.6160088550075702,0.46000374398572297,0.24613745147074395,0.0021291294377375697,0.017738069381683,0.0,0.0001036591686534674,0.025843277652398435,0.0,877,1.0,0.00545472414311465
JAG1,NOTCH1,"CAFs, DCIS Associated",CXCL14+ Fibroblasts,recompute,recompute,recompute,0.6303682835571691,0.7728785963662539,0.7204611100467462,0.010161058057093355,0.0007383002999486475,0.0,1.8674136321195144e-05,0.003039975680194562,0.0,11475,1.0,0.0054544263320397005
CXCL12,CXCR4,11q13 Invasive Tumor Cells (Mitotic),Pericytes,recompute,recompute,recompute,0.6160088550075702,0.7757991160529997,0.6198216015396206,0.0009692519480124524,0.009156953124503932,0.0,0.00011993283761093787,0.03139195776222411,0.0,379,1.0,0.005452963599078605
JAG1,NOTCH1,Plasma Cells,Luminal-like Amorphous DCIS Cells,recompute,recompute,recompute,0.6303682835571691,0.46013374214009517,0.24613745147074395,0.00027055134627077156,0.13474796491837557,0.0,0.0026357406431207165,0.15214071319674077,0.0,271,1.0,0.005443865181155828
DLL4,NOTCH3,Luminal-like Amorphous DCIS Cells,T Lymphocytes,recompute,recompute,recompute,0.2490567623945399,0.7746834992804791,0.24613745147074395,0.011649387573427093,0.0046263543438723525,0.0,0.0,0.0,0.0,316,1.0,0.005428634643925293
CXCL12,CXCR4,11q13 Invasive Tumor Cells (Mitotic),11q13 Invasive Tumor Cells (Mitotic),recompute,recompute,recompute,0.6160088550075702,0.6632137581773894,1.0,0.0009692519480124524,0.006423079245780309,0.0,0.00011715089034676664,0.015756759851039834,0.0,1552,1.0,0.005422975011614836
CSF1,CSF1R,Apocrine Cells,Myeloid Cells,recompute,recompute,recompute,0.24945190643783477,0.7471243099617693,0.24613745147074395,0.02755557660641766,0.00197514773301428,0.0,0.0,0.0,0.0,20,1.0,0.00540623367378086
JAG1,NOTCH1,CXCL14+ Fibroblasts,11q13 Invasive Tumor Cells (G1/S),recompute,recompute,recompute,0.6303682835571691,0.6655462707198134,0.6198216015396206,0.0002196427612790349,0.043382027682688826,0.0,0.00017464198393293747,0.008502920270006056,0.0,409,1.0,0.005399426808211376
CXCL12,CXCR4,Mast Cells,Luminal-like Amorphous DCIS Cells,recompute,recompute,recompute,0.7487535481622718,0.46000374398572297,0.24613745147074395,0.001641777062288553,0.017738069381683,0.0,0.0,0.0,0.0,41,1.0,0.005396144479847351
DLL4,NOTCH3,T Lymphocytes,B Cells,recompute,recompute,recompute,0.6342079770588467,0.7746834992804791,0.9318789094584047,0.007392968575375538,0.0007179840585900947,0.0,6.65335994677312e-05,0.03515793340605054,0.0,5010,1.0,0.005381986870771536
DLL4,NOTCH3,11q13 Invasive Tumor Cells (Mitotic),B Cells,recompute,recompute,recompute,0.6342079770588467,0.7746834992804791,0.7917001487310438,0.008557082379913908,0.0007179840585900947,0.0,0.0,0.0,0.0,42,1.0,0.0053669469631996355
DLL4,NOTCH3,Plasma Cells,CXCL14+ Fibroblasts,recompute,recompute,recompute,0.7160288858520609,0.8818326005152037,0.7204611100467462,0.0012306151710811475,0.004265561924923322,0.0,0.0,0.0,0.0,306,1.0,0.005366260105877442
CXCL12,CXCR4,Myeloid Cells,Luminal-like Amorphous DCIS Cells,recompute,recompute,recompute,0.7487535481622718,0.46000374398572297,0.24613745147074395,0.0015847932820241062,0.017738069381683,0.0,0.00037257824143070045,0.09288751844735012,0.0,122,1.0,0.005364467988476389
JAG1,NOTCH1,"CAFs, Invasive Associated",CXCL14+ Fibroblasts,recompute,recompute,recompute,0.7941469661104033,0.7728785963662539,0.6198216015396206,0.00838985805983649,0.0007383002999486475,0.0,0.0004793863854266538,0.0780396441392228,0.0,1490,1.0,0.00535441659017194
CSF1,CSF1R,Apocrine Cells,B Cells,recompute,recompute,recompute,0.24945190643783477,0.7744570596502125,0.24613745147074395,0.02755557660641766,0.0017943776934449295,0.0,0.0,0.0,0.0,11,1.0,0.005352392772236424
CXCL12,CXCR4,Mast Cells,Myeloid Cells,recompute,recompute,recompute,0.7487535481622718,0.7447682696221608,0.7827641335561659,0.001641777062288553,0.003215470541813311,0.0,0.0,0.0,0.0,23,1.0,0.005334482378067808
TGFB1,TGFBR2,B Cells,Apocrine Cells,recompute,recompute,recompute,0.7806633527749638,0.25153574142392743,0.24613745147074395,0.05675679989781828,0.0008361810775763445,0.0,0.0,0.0,0.0,15,1.0,0.005330412153650979
JAG1,NOTCH1,Mast Cells,11q13 Invasive Tumor Cells (Mitotic),recompute,recompute,recompute,0.6303682835571691,0.6655462707198134,0.6198216015396206,9.902323108165853e-05,0.08666944020865194,0.0,0.0,0.0,0.0,10,1.0,0.005306168712009208
JAG1,NOTCH1,B Cells,11q13 Invasive Tumor Cells (G1/S),recompute,recompute,recompute,0.8630183004227985,0.6655462707198134,0.7917001487310438,0.00011090031177372873,0.043382027682688826,0.0,0.0,0.0,0.0,42,1.0,0.005288593002663889
JAG1,NOTCH1,Myeloid Cells,Macrophages,recompute,recompute,recompute,0.6303682835571691,0.7728785963662539,0.7827641335561659,0.0003788349535045612,0.014834469652737872,0.0,0.0008818342151675485,0.1765359461299027,0.0,162,1.0,0.005270418059855838
JAG1,NOTCH1,CXCL14+ Fibroblasts,Luminal-like Amorphous DCIS Cells,recompute,recompute,recompute,0.6303682835571691,0.46013374214009517,0.24613745147074395,0.0002196427612790349,0.13474796491837557,0.0,4.790648653827728e-05,0.0027652671546825455,0.0,1491,1.0,0.00525798303566507
DLL4,NOTCH3,Myoepithelial Cells,Myeloid Cells,recompute,recompute,recompute,0.7160288858520609,0.7470475610360806,0.7204611100467462,0.0069047442087267884,0.0007714919761827168,0.0,0.0,0.0,0.0,51,1.0,0.005232739364693712
CXCL12,CXCR4,Luminal-like Amorphous DCIS Cells,"CAFs, Invasive Associated",recompute,recompute,recompute,0.2556690013679459,0.6632137581773894,0.24613745147074395,0.006120705198198609,0.008007263802792432,0.0,0.0,0.0,0.0,147,1.0,0.005229570622770397
CSF1,CSF1R,CXCL14+ Fibroblasts,Plasma Cells,recompute,recompute,recompute,0.9330656492219304,0.46381415478966415,0.7204611100467462,0.0032976778039481187,0.0019498903447556172,0.0,0.0008771929824561404,0.07889331494689975,0.0,285,1.0,0.005212124561485478
JAG1,NOTCH1,Macrophages,Macrophages,recompute,recompute,recompute,0.6303682835571691,0.7728785963662539,1.0,0.00027502314493788786,0.014834469652737872,0.0,0.00014529815180750898,0.02908749315810032,0.0,2458,1.0,0.005204677614991211
CSF1,CSF1R,Apocrine Cells,Mast Cells,recompute,recompute,recompute,0.24945190643783477,0.8388327345645936,0.24613745147074395,0.02755557660641766,0.0013954866575133426,0.0,0.0,0.0,0.0,1,1.0,0.005201513537144543
JAG1,NOTCH1,Myeloid Cells,"CAFs, DCIS Associated",recompute,recompute,recompute,0.6303682835571691,0.46013374214009517,0.7204611100467462,0.0003788349535045612,0.024824385714313182,0.0,0.00016458196181698485,0.023667974092681985,0.0,1302,1.0,0.00519483229950867
CXCL12,CXCR4,Mast Cells,11q13 Invasive Tumor Cells (G1/S),recompute,recompute,recompute,0.7487535481622718,0.6632137581773894,0.6198216015396206,0.001641777062288553,0.0038860320327025817,0.0,0.0,0.0,0.0,1,1.0,0.0051941431159972145
DLL4,NOTCH3,Plasma Cells,T Lymphocytes,recompute,recompute,recompute,0.7160288858520609,0.7746834992804791,0.6198216015396206,0.0012306151710811475,0.0046263543438723525,0.0,0.0,0.0,0.0,753,1.0,0.005191360641456833
CXCL12,CXCR4,Basal-like Structured DCIS Cells,Myeloid Cells,recompute,recompute,recompute,0.6160088550075702,0.7447682696221608,0.6198216015396206,0.0021291294377375697,0.003215470541813311,0.0,0.00035236081747709656,0.029909862725623713,0.0,129,1.0,0.005186656338214437
DLL4,NOTCH3,11q13 Invasive Tumor Cells (Mitotic),Myeloid Cells,recompute,recompute,recompute,0.6342079770588467,0.7470475610360806,0.6198216015396206,0.008557082379913908,0.0007714919761827168,0.0,0.0,0.0,0.0,23,1.0,0.005183045132401953
CXCL12,CXCR4,B Cells,CXCL14+ Fibroblasts,recompute,recompute,recompute,0.6160088550075702,0.7757991160529997,0.6198216015396206,0.0052742025956585255,0.0012252690191386984,0.0,5.681818181818182e-05,0.045589312202990555,0.0,800,1.0,0.0051720883144638135
DLL4,NOTCH3,Dendritic Cells,Macrophages,recompute,recompute,recompute,0.6342079770588467,0.8923034233058523,0.6198216015396206,0.0028649117803088656,0.001891930584070094,0.0,0.00010206164523372116,0.045151730625075555,0.0,1633,1.0,0.0051662078471640185
CXCL12,CXCR4,Myeloid Cells,11q13 Invasive Tumor Cells (G1/S),recompute,recompute,recompute,0.7487535481622718,0.6632137581773894,0.6198216015396206,0.0015847932820241062,0.0038860320327025817,0.0,0.0,0.0,0.0,32,1.0,0.005163652414681131
DLL4,NOTCH3,B Cells,Myoepithelial Cells,recompute,recompute,recompute,0.6342079770588467,0.4638256179742202,0.6198216015396206,0.00023276310008261776,0.04464016629523392,0.0,0.0,0.0,0.0,496,1.0,0.005163196367054056
DLL4,NOTCH3,CXCL14+ Fibroblasts,Dendritic Cells,recompute,recompute,recompute,0.9184503888425789,0.7746834992804791,0.6198216015396206,0.0004696576149175879,0.009044464882971325,0.0,0.0,0.0,0.0,887,1.0,0.005153513889893405
JAG1,NOTCH1,Mast Cells,"CAFs, Invasive Associated",recompute,recompute,recompute,0.6303682835571691,0.6655462707198134,0.6198216015396206,9.902323108165853e-05,0.07272217354205764,0.0,0.000992063492063492,0.027772002845931124,0.0,144,1.0,0.005153249849636267
JAG1,NOTCH1,Apocrine Cells,11q13 Invasive Tumor Cells (G1/S),recompute,recompute,recompute,0.24513582144484414,0.6655462707198134,0.24613745147074395,0.0010709508378277067,0.043382027682688826,0.0,0.0,0.0,0.0,4,1.0,0.005150005806155305
TGFB1,TGFBR2,11q13 Invasive Tumor Cells (Mitotic),Apocrine Cells,recompute,recompute,recompute,0.6618992459738668,0.25153574142392743,0.24613745147074395,0.05212675997941913,0.0008361810775763445,0.0,0.0,0.0,0.0,5,1.0,0.005112766346100551
DLL4,NOTCH3,Myoepithelial Cells,Plasma Cells,recompute,recompute,recompute,0.7160288858520609,0.4638256179742202,0.8293805866303694,0.0069047442087267884,0.0009249287638231187,0.0,0.0,0.0,0.0,219,1.0,0.005099763788926026
DLL4,NOTCH3,Mast Cells,Dendritic Cells,recompute,recompute,recompute,0.8516956437178343,0.7746834992804791,0.6198216015396206,0.00047235258648800887,0.009044464882971325,0.0,0.0,0.0,0.0,162,1.0,0.005093962197061254
JAG1,NOTCH1,Mast Cells,Dendritic Cells,recompute,recompute,recompute,0.6303682835571691,0.8647171432637394,0.6198216015396206,9.902323108165853e-05,0.05197941571611153,0.0,0.0,0.0,0.0,162,1.0,0.00509007985662777
JAG1,NOTCH1,Plasma Cells,"CAFs, DCIS Associated",recompute,recompute,recompute,0.6303682835571691,0.46013374214009517,0.8767341187813952,0.00027055134627077156,0.024824385714313182,0.0,0.00014577259475218656,0.02096306276780404,0.0,2450,1.0,0.0050747556244125445
DLL4,NOTCH3,Myoepithelial Cells,B Cells,recompute,recompute,recompute,0.7160288858520609,0.7746834992804791,0.6198216015396206,0.0069047442087267884,0.0007179840585900947,0.0,0.0,0.0,0.0,394,1.0,0.005073002871597218
DLL4,NOTCH3,T Lymphocytes,Myeloid Cells,recompute,recompute,recompute,0.6342079770588467,0.7470475610360806,0.6198216015396206,0.007392968575375538,0.0007714919761827168,0.0,0.0,0.0,0.0,361,1.0,0.0050582527744613415
CXCL12,CXCR4,Luminal-like Amorphous DCIS Cells,11q13 Invasive Tumor Cells (Mitotic),recompute,recompute,recompute,0.2556690013679459,0.6632137581773894,0.24613745147074395,0.006120705198198609,0.006423079245780309,0.0,0.0017060687301974165,0.2294657359540171,0.0,373,1.0,0.005040913499887859
CXCL12,CXCR4,11q13 Invasive Tumor Cells (G1/S),Endothelial Cells,recompute,recompute,recompute,0.6160088550075702,0.7757991160529997,0.6198216015396206,0.0001971810371238748,0.027958038284341596,0.0,0.00034698126301179735,0.04865669412462704,0.0,262,1.0,0.005036932885340951
DLL4,NOTCH3,Basal-like Structured DCIS Cells,B Cells,recompute,recompute,recompute,0.6342079770588467,0.7746834992804791,0.8693461273411047,0.0053032910137447145,0.0007179840585900947,0.0,0.0,0.0,0.0,270,1.0,0.005033491188044217
JAG1,NOTCH1,Dendritic Cells,Myeloid Cells,recompute,recompute,recompute,0.8630183004227985,0.7448301506164821,0.6198216015396206,0.001657584379221534,0.0024587070627964786,0.0,0.0,0.0,0.0,161,1.0,0.005032168018714429
DLL4,NOTCH3,CXCL14+ Fibroblasts,CXCL14+ Fibroblasts,recompute,recompute,recompute,0.9184503888425789,0.8818326005152037,1.0,0.0004696576149175879,0.004265561924923322,0.0,0.0,0.0,0.0,4019,1.0,0.005031548058588537
DLL4,NOTCH3,11q13 Invasive Tumor Cells (G1/S),T Lymphocytes,recompute,recompute,recompute,0.6342079770588467,0.7746834992804791,0.7917001487310438,0.0008958753988410421,0.0046263543438723525,0.0,0.0,0.0,0.0,69,1.0,0.00502614299441329
TGFB1,TGFBR2,Mast Cells,Apocrine Cells,recompute,recompute,recompute,0.830274180208954,0.25153574142392743,0.24613745147074395,0.03572830522875711,0.0008361810775763445,0.0,0.0,0.0,0.0,3,1.0,0.004985623825989481
CSF1,CSF1R,Apocrine Cells,Plasma Cells,recompute,recompute,recompute,0.24945190643783477,0.46381415478966415,0.24613745147074395,0.02755557660641766,0.0019498903447556172,0.0,0.0,0.0,0.0,15,1.0,0.004982589491852092
CSF1,CSF1R,Apocrine Cells,CXCL14+ Fibroblasts,recompute,recompute,recompute,0.24945190643783477,0.8901135829200775,0.24613745147074395,0.02755557660641766,0.0010015918709323055,0.0,0.0,0.0,0.0,20,1.0,0.0049707180592360005
DLL4,NOTCH3,"CAFs, DCIS Associated",Mast Cells,recompute,recompute,recompute,0.7160288858520609,0.8341464445360613,0.7204611100467462,0.018679344959851515,0.00018718663110571166,0.0,0.0,0.0,0.0,1082,1.0,0.004968674554433958
CSF1,CSF1R,CXCL14+ Fibroblasts,11q13 Invasive Tumor Cells (G1/S),recompute,recompute,recompute,0.9330656492219304,0.6556237992935476,0.6198216015396206,0.0032976778039481187,0.0011919786089109867,0.0,0.0,0.0,0.0,409,1.0,0.004960809463099678
TGFB1,TGFBR2,Plasma Cells,Apocrine Cells,recompute,recompute,recompute,0.4625524716153596,0.25153574142392743,0.24613745147074395,0.06220829473112404,0.0008361810775763445,0.0,0.0,0.0,0.0,24,1.0,0.004960385068450573
CXCL12,CXCR4,11q13 Invasive Tumor Cells (Mitotic),11q13 Invasive Tumor Cells (G1/S),recompute,recompute,recompute,0.6160088550075702,0.6632137581773894,0.9592803095773328,0.0009692519480124524,0.0038860320327025817,0.0,0.00012161751292186076,0.06879649137893976,0.0,1495,1.0,0.0049528569099067474
JAG1,NOTCH1,T Lymphocytes,B Cells,recompute,recompute,recompute,0.8630183004227985,0.8647171432637394,0.9318789094584047,0.0006856224272495787,0.0030854511812878796,0.0,4.27715996578272e-05,0.008742124223598376,0.0,5010,1.0,0.004950064235401287
DLL4,NOTCH3,Myeloid Cells,Myeloid Cells,recompute,recompute,recompute,0.7840818683779507,0.7470475610360806,1.0,0.0032417203409647417,0.0007714919761827168,0.0,0.0016195524146054184,0.46980999016676805,0.0,1132,1.0,0.004946567441216123
JAG1,NOTCH1,B Cells,Luminal-like Amorphous DCIS Cells,recompute,recompute,recompute,0.8630183004227985,0.46013374214009517,0.24613745147074395,0.00011090031177372873,0.13474796491837557,0.0,0.0016926201760324982,0.09770173762160367,0.0,211,1.0,0.004944199639563137
DLL4,NOTCH3,"CAFs, Invasive Associated",Macrophages,recompute,recompute,recompute,0.6342079770588467,0.8923034233058523,0.6198216015396206,0.002196330917593002,0.001891930584070094,0.0,0.0,0.0,0.0,1361,1.0,0.004942382713626277
DLL4,NOTCH3,11q13 Invasive Tumor Cells (Mitotic),Plasma Cells,recompute,recompute,recompute,0.6342079770588467,0.4638256179742202,0.6198216015396206,0.008557082379913908,0.0009249287638231187,0.0,0.0,0.0,0.0,5,1.0,0.004934184607195425
JAG1,NOTCH1,Macrophages,"CAFs, DCIS Associated",recompute,recompute,recompute,0.6303682835571691,0.46013374214009517,0.7204611100467462,0.00027502314493788786,0.024824385714313182,0.0,0.00010984504525615862,0.015796443648078706,0.0,9754,1.0,0.004924839939573765
JAG1,NOTCH1,CXCL14+ Fibroblasts,Macrophages,recompute,recompute,recompute,0.6303682835571691,0.7728785963662539,0.8875000050982297,0.0002196427612790349,0.014834469652737872,0.0,5.016051364365971e-05,0.010041721654861039,0.0,1424,1.0,0.004914513133948716
JAG1,NOTCH1,Plasma Cells,Macrophages,recompute,recompute,recompute,0.6303682835571691,0.7728785963662539,0.7204611100467462,0.00027055134627077156,0.014834469652737872,0.0,0.0,0.0,0.0,337,1.0,0.00491445893745172
DLL4,NOTCH3,Apocrine Cells,Basal-like Structured DCIS Cells,recompute,recompute,recompute,0.2490567623945399,0.7746834992804791,0.24613745147074395,0.0001268124169210086,0.2295016807597237,0.0,0.00024366471734892786,0.012112727646673902,0.0,684,1.0,0.0048988828025619165
DLL4,NOTCH3,Apocrine Cells,Endothelial Cells,recompute,recompute,recompute,0.2490567623945399,0.8818326005152037,0.24613745147074395,0.0001268124169210086,0.19937237225527835,0.0,0.0,0.0,0.0,15,1.0,0.004889756229141898
CXCL12,CXCR4,Luminal-like Amorphous DCIS Cells,Mast Cells,recompute,recompute,recompute,0.2556690013679459,0.7757991160529997,0.24613745147074395,0.006120705198198609,0.004443041812720275,0.0,0.0013368983957219253,0.04997475113277409,0.0,34,1.0,0.004866104607930897
DLL4,NOTCH3,11q13 Invasive Tumor Cells (G1/S),CXCL14+ Fibroblasts,recompute,recompute,recompute,0.6342079770588467,0.8818326005152037,0.6198216015396206,0.0008958753988410421,0.004265561924923322,0.0,0.00043859649122807013,0.09526592125830298,0.0,380,1.0,0.00486428542973507
CSF1,CSF1R,Apocrine Cells,11q13 Invasive Tumor Cells (G1/S),recompute,recompute,recompute,0.24945190643783477,0.6556237992935476,0.24613745147074395,0.02755557660641766,0.0011919786089109867,0.0,0.0,0.0,0.0,4,1.0,0.0048627675223566385
DLL4,NOTCH3,Mast Cells,CXCL14+ Fibroblasts,recompute,recompute,recompute,0.8516956437178343,0.8818326005152037,0.8567148457705164,0.00047235258648800887,0.004265561924923322,0.0,0.0,0.0,0.0,148,1.0,0.004846854034044786
CXCL12,CXCR4,11q13 Invasive Tumor Cells (Mitotic),Mast Cells,recompute,recompute,recompute,0.6160088550075702,0.7757991160529997,0.6198216015396206,0.0009692519480124524,0.004443041812720275,0.0,0.0,0.0,0.0,5,1.0,0.004833787830670999
DLL4,NOTCH3,T Lymphocytes,Plasma Cells,recompute,recompute,recompute,0.6342079770588467,0.4638256179742202,0.6198216015396206,0.007392968575375538,0.0009249287638231187,0.0,0.0,0.0,0.0,713,1.0,0.004815384072776607
JAG1,NOTCH1,Dendritic Cells,Plasma Cells,recompute,recompute,recompute,0.8630183004227985,0.46013374214009517,0.6198216015396206,0.001657584379221534,0.0029919533735881763,0.0,0.0,0.0,0.0,239,1.0,0.004798449100517508
DLL4,NOTCH3,Luminal-like Amorphous DCIS Cells,Macrophages,recompute,recompute,recompute,0.2490567623945399,0.8923034233058523,0.24613745147074395,0.011649387573427093,0.001891930584070094,0.0,0.0,0.0,0.0,222,1.0,0.004788504864127817
DLL4,NOTCH3,Basal-like Structured DCIS Cells,Myeloid Cells,recompute,recompute,recompute,0.6342079770588467,0.7470475610360806,0.6198216015396206,0.0053032910137447145,0.0007714919761827168,0.0,0.0012919896640826872,0.37478851928737233,0.0,129,1.0,0.004785805011969376
CXCL12,CXCR4,11q13 Invasive Tumor Cells (Mitotic),Luminal-like Amorphous DCIS Cells,recompute,recompute,recompute,0.6160088550075702,0.46000374398572297,0.24613745147074395,0.0009692519480124524,0.017738069381683,0.0,0.000518000518000518,0.12914276069033293,0.0,351,1.0,0.004784232776907814
JAG1,NOTCH1,CXCL14+ Fibroblasts,"CAFs, DCIS Associated",recompute,recompute,recompute,0.6303682835571691,0.46013374214009517,0.7204611100467462,0.0002196427612790349,0.024824385714313182,0.0,4.561627588723656e-05,0.0065599220229511776,0.0,10961,1.0,0.004743701928892697
JAG1,NOTCH1,Mast Cells,11q13 Invasive Tumor Cells (G1/S),recompute,recompute,recompute,0.6303682835571691,0.6655462707198134,0.6198216015396206,9.902323108165853e-05,0.043382027682688826,0.0,0.0,0.0,0.0,1,1.0,0.004728118711264224
JAG1,NOTCH1,Dendritic Cells,Mast Cells,recompute,recompute,recompute,0.8630183004227985,0.7728785963662539,0.6198216015396206,0.001657584379221534,0.0015718900135326876,0.0,0.000946073793755913,0.03823238456535578,0.0,151,1.0,0.004699484256288718
CXCL12,CXCR4,11q13 Invasive Tumor Cells (G1/S),"CAFs, DCIS Associated",recompute,recompute,recompute,0.6160088550075702,0.46000374398572297,0.6198216015396206,0.0001971810371238748,0.0310998965832685,0.0,0.0,0.0,0.0,77,1.0,0.004699412323602138
DLL4,NOTCH3,Plasma Cells,Macrophages,recompute,recompute,recompute,0.7160288858520609,0.8923034233058523,0.7204611100467462,0.0012306151710811475,0.001891930584070094,0.0,0.0004945598417408506,0.21879162050667178,0.0,337,1.0,0.0046954925755281485
CXCL12,CXCR4,11q13 Invasive Tumor Cells (G1/S),Plasma Cells,recompute,recompute,recompute,0.6160088550075702,0.46000374398572297,0.6198216015396206,0.0001971810371238748,0.029279151553362335,0.0,0.0,0.0,0.0,5,1.0,0.00465239746063318
DLL4,NOTCH3,Apocrine Cells,"CAFs, Invasive Associated",recompute,recompute,recompute,0.2490567623945399,0.6580560501976399,0.24613745147074395,0.0001268124169210086,0.1973932010691654,0.0,0.0,0.0,0.0,0,1.0,0.004649196125607287
CXCL12,CXCR4,Mast Cells,CXCL14+ Fibroblasts,recompute,recompute,recompute,0.7487535481622718,0.7757991160529997,0.8567148457705164,0.001641777062288553,0.0012252690191386984,0.0,0.0006142506142506142,0.4928574292215195,0.0,148,1.0,0.004642437348809798
CXCL12,CXCR4,Luminal-like Amorphous DCIS Cells,11q13 Invasive Tumor Cells (G1/S),recompute,recompute,recompute,0.2556690013679459,0.6632137581773894,0.24613745147074395,0.006120705198198609,0.0038860320327025817,0.0,0.0,0.0,0.0,26,1.0,0.004635926068289563
DLL4,NOTCH3,CXCL14+ Fibroblasts,T Lymphocytes,recompute,recompute,recompute,0.9184503888425789,0.7746834992804791,0.6198216015396206,0.0004696576149175879,0.0046263543438723525,0.0,8.86053517632465e-05,0.04830144723454309,0.0,1881,1.0,0.004608711578997308
JAG1,NOTCH1,Mast Cells,Luminal-like Amorphous DCIS Cells,recompute,recompute,recompute,0.6303682835571691,0.46013374214009517,0.24613745147074395,9.902323108165853e-05,0.13474796491837557,0.0,0.0,0.0,0.0,41,1.0,0.004604260573850277
DLL4,NOTCH3,B Cells,Dendritic Cells,recompute,recompute,recompute,0.6342079770588467,0.7746834992804791,0.909150863993142,0.00023276310008261776,0.009044464882971325,0.0,0.00010759629868732515,0.012219808587819922,0.0,1549,1.0,0.00459428593671304
CXCL12,CXCR4,Luminal-like Amorphous DCIS Cells,Myeloid Cells,recompute,recompute,recompute,0.2556690013679459,0.7447682696221608,0.24613745147074395,0.006120705198198609,0.003215470541813311,0.0,0.0016233766233766233,0.13779901041448067,0.0,84,1.0,0.0045795292761285425
DLL4,NOTCH3,Dendritic Cells,B Cells,recompute,recompute,recompute,0.6342079770588467,0.7746834992804791,0.909150863993142,0.0028649117803088656,0.0007179840585900947,0.0,0.00010602205258693808,0.0560245694542981,0.0,1572,1.0,0.004576543553383689
DLL4,NOTCH3,Basal-like Structured DCIS Cells,Plasma Cells,recompute,recompute,recompute,0.6342079770588467,0.4638256179742202,0.6198216015396206,0.0053032910137447145,0.0009249287638231187,0.0,0.0,0.0,0.0,79,1.0,0.0045560177115715516
DLL4,NOTCH3,Mast Cells,T Lymphocytes,recompute,recompute,recompute,0.8516956437178343,0.7746834992804791,0.6198216015396206,0.00047235258648800887,0.0046263543438723525,0.0,0.0,0.0,0.0,343,1.0,0.004555455377079886
CXCL12,CXCR4,11q13 Invasive Tumor Cells (Mitotic),Myeloid Cells,recompute,recompute,recompute,0.6160088550075702,0.7447682696221608,0.6198216015396206,0.0009692519480124524,0.003215470541813311,0.0,0.0,0.0,0.0,23,1.0,0.004549115703158772
CXCL12,CXCR4,Myeloid Cells,CXCL14+ Fibroblasts,recompute,recompute,recompute,0.7487535481622718,0.7757991160529997,0.7827641335561659,0.0015847932820241062,0.0012252690191386984,0.0,8.625150940141452e-05,0.06920578702541261,0.0,527,1.0,0.004546266719920497
DLL4,NOTCH3,Myeloid Cells,B Cells,recompute,recompute,recompute,0.7840818683779507,0.7746834992804791,0.6198216015396206,0.0032417203409647417,0.0007179840585900947,0.0,0.0,0.0,0.0,144,1.0,0.004540548962045374
DLL4,NOTCH3,Myeloid Cells,Plasma Cells,recompute,recompute,recompute,0.7840818683779507,0.4638256179742202,0.7204611100467462,0.0032417203409647417,0.0009249287638231187,0.0,0.0,0.0,0.0,37,1.0,0.004458643637781947
TGFB1,TGFBR2,11q13 Invasive Tumor Cells (G1/S),Apocrine Cells,recompute,recompute,recompute,0.6618992459738668,0.25153574142392743,0.24613745147074395,0.02290427933852047,0.0008361810775763445,0.0,0.0,0.0,0.0,4,1.0,0.0044579166784608
CXCL12,CXCR4,Basal-like Structured DCIS Cells,CXCL14+ Fibroblasts,recompute,recompute,recompute,0.6160088550075702,0.7757991160529997,0.6198216015396206,0.0021291294377375697,0.0012252690191386984,0.0,0.0,0.0,0.0,1109,1.0,0.00444638445134249
DLL4,NOTCH3,Macrophages,Myeloid Cells,recompute,recompute,recompute,0.8949858186325867,0.7470475610360806,0.7827641335561659,0.0018955660656360717,0.0007714919761827168,0.0,0.0,0.0,0.0,179,1.0,0.004439277222861036
CXCL12,CXCR4,11q13 Invasive Tumor Cells (G1/S),Myoepithelial Cells,recompute,recompute,recompute,0.6160088550075702,0.46000374398572297,0.6198216015396206,0.0001971810371238748,0.021502591154489905,0.0,0.00010034115994380895,0.012054552861974405,0.0,453,1.0,0.004419083460693278
JAG1,NOTCH1,Apocrine Cells,Macrophages,recompute,recompute,recompute,0.24513582144484414,0.7728785963662539,0.24613745147074395,0.0010709508378277067,0.014834469652737872,0.0,0.0,0.0,0.0,15,1.0,0.004415266794980626
JAG1,NOTCH1,Apocrine Cells,"CAFs, DCIS Associated",recompute,recompute,recompute,0.24513582144484414,0.46013374214009517,0.24613745147074395,0.0010709508378277067,0.024824385714313182,0.0,0.0,0.0,0.0,89,1.0,0.004412521286061127
JAG1,NOTCH1,B Cells,Macrophages,recompute,recompute,recompute,0.8630183004227985,0.7728785963662539,0.6198216015396206,0.00011090031177372873,0.014834469652737872,0.0,0.0001341381623071764,0.026853355185957033,0.0,1065,1.0,0.004352850075218666
JAG1,NOTCH1,B Cells,"CAFs, DCIS Associated",recompute,recompute,recompute,0.8630183004227985,0.46013374214009517,0.6198216015396206,0.00011090031177372873,0.024824385714313182,0.0,5.2431053165087906e-05,0.007539932045185207,0.0,4087,1.0,0.004350143378372991
JAG1,NOTCH1,T Lymphocytes,Myeloid Cells,recompute,recompute,recompute,0.8630183004227985,0.7448301506164821,0.6198216015396206,0.0006856224272495787,0.0024587070627964786,0.0,0.0,0.0,0.0,361,1.0,0.004343674907331934
DLL4,NOTCH3,Dendritic Cells,Myeloid Cells,recompute,recompute,recompute,0.6342079770588467,0.7470475610360806,0.6198216015396206,0.0028649117803088656,0.0007714919761827168,0.0,0.0,0.0,0.0,161,1.0,0.004318995471225795
DLL4,NOTCH3,CXCL14+ Fibroblasts,Macrophages,recompute,recompute,recompute,0.9184503888425789,0.8923034233058523,0.8875000050982297,0.0004696576149175879,0.001891930584070094,0.0,0.0,0.0,0.0,1424,1.0,0.004315910779180496
DLL4,NOTCH3,"CAFs, Invasive Associated",B Cells,recompute,recompute,recompute,0.6342079770588467,0.7746834992804791,0.7917001487310438,0.002196330917593002,0.0007179840585900947,0.0,0.0001817520901490367,0.09604211906451103,0.0,917,1.0,0.004278480519104568
JAG1,NOTCH1,Mast Cells,Macrophages,recompute,recompute,recompute,0.6303682835571691,0.7728785963662539,0.8567148457705164,9.902323108165853e-05,0.014834469652737872,0.0,0.0,0.0,0.0,165,1.0,0.00427824713717453
CXCL12,CXCR4,Apocrine Cells,B Cells,recompute,recompute,recompute,0.2556690013679459,0.9546923450729715,0.24613745147074395,0.00022698568102339834,0.04457454658784243,0.0,0.0,0.0,0.0,11,1.0,0.004272059701930406
DLL4,NOTCH3,11q13 Invasive Tumor Cells (G1/S),Macrophages,recompute,recompute,recompute,0.6342079770588467,0.8923034233058523,0.6198216015396206,0.0008958753988410421,0.001891930584070094,0.0,0.0,0.0,0.0,119,1.0,0.004256263332363418
CXCL12,CXCR4,11q13 Invasive Tumor Cells (G1/S),"CAFs, Invasive Associated",recompute,recompute,recompute,0.6160088550075702,0.6632137581773894,0.9161861017439125,0.0001971810371238748,0.008007263802792432,0.0,0.0,0.0,0.0,408,1.0,0.004252059584292552
DLL4,NOTCH3,Macrophages,B Cells,recompute,recompute,recompute,0.8949858186325867,0.7746834992804791,0.6198216015396206,0.0018955660656360717,0.0007179840585900947,0.0,0.00015518311607697082,0.0820024424414866,0.0,1074,1.0,0.004244679220763638
DLL4,NOTCH3,Mast Cells,Macrophages,recompute,recompute,recompute,0.8516956437178343,0.8923034233058523,0.8567148457705164,0.00047235258648800887,0.001891930584070094,0.0,0.0,0.0,0.0,165,1.0,0.00424101081246503
DLL4,NOTCH3,Myoepithelial Cells,Mast Cells,recompute,recompute,recompute,0.7160288858520609,0.8341464445360613,0.7204611100467462,0.0069047442087267884,0.00018718663110571166,0.0,0.0,0.0,0.0,38,1.0,0.0042092521560962845
CXCL12,CXCR4,Apocrine Cells,Macrophages,recompute,recompute,recompute,0.2556690013679459,0.7757991160529997,0.24613745147074395,0.00022698568102339834,0.04917092614889038,0.0,0.0,0.0,0.0,15,1.0,0.004194902401797015
TGFB1,TGFBR2,Myeloid Cells,Apocrine Cells,recompute,recompute,recompute,0.744134323411945,0.25153574142392743,0.24613745147074395,0.013941536844336442,0.0008361810775763445,0.0,0.006944444444444444,1.0,0.0,24,1.0,0.004184795231166455
CXCL12,CXCR4,11q13 Invasive Tumor Cells (G1/S),Pericytes,recompute,recompute,recompute,0.6160088550075702,0.7757991160529997,0.6198216015396206,0.0001971810371238748,0.009156953124503932,0.0,0.0,0.0,0.0,345,1.0,0.004181899580254538
DLL4,NOTCH3,11q13 Invasive Tumor Cells (Mitotic),Mast Cells,recompute,recompute,recompute,0.6342079770588467,0.8341464445360613,0.6198216015396206,0.008557082379913908,0.00018718663110571166,0.0,0.0,0.0,0.0,5,1.0,0.004169277767952478
DLL4,NOTCH3,Macrophages,Plasma Cells,recompute,recompute,recompute,0.8949858186325867,0.4638256179742202,0.7204611100467462,0.0018955660656360717,0.0009249287638231187,0.0,0.0,0.0,0.0,326,1.0,0.00416811098399822
JAG1,NOTCH1,Mast Cells,"CAFs, DCIS Associated",recompute,recompute,recompute,0.6303682835571691,0.46013374214009517,0.7204611100467462,9.902323108165853e-05,0.024824385714313182,0.0,0.00013723068478111705,0.019734679646924075,0.0,1041,1.0,0.004153919785809188
JAG1,NOTCH1,Dendritic Cells,CXCL14+ Fibroblasts,recompute,recompute,recompute,0.8630183004227985,0.7728785963662539,0.6198216015396206,0.001657584379221534,0.0007383002999486475,0.0,0.0,0.0,0.0,922,1.0,0.004143358710871109
JAG1,NOTCH1,T Lymphocytes,Plasma Cells,recompute,recompute,recompute,0.8630183004227985,0.46013374214009517,0.6198216015396206,0.0006856224272495787,0.0029919533735881763,0.0,0.00030054097375275494,0.011542946181975345,0.0,713,1.0,0.004141933034531724
TGFB1,TGFBR2,CXCL14+ Fibroblasts,Apocrine Cells,recompute,recompute,recompute,0.8649048900453102,0.25153574142392743,0.24613745147074395,0.011170777497016586,0.0008361810775763445,0.0,0.0,0.0,0.0,29,1.0,0.004135447571000038
DLL4,NOTCH3,"CAFs, Invasive Associated",Myeloid Cells,recompute,recompute,recompute,0.6342079770588467,0.7470475610360806,0.6198216015396206,0.002196330917593002,0.0007714919761827168,0.0,0.0,0.0,0.0,143,1.0,0.004131875679166581
CXCL12,CXCR4,11q13 Invasive Tumor Cells (G1/S),11q13 Invasive Tumor Cells (Mitotic),recompute,recompute,recompute,0.6160088550075702,0.6632137581773894,0.9592803095773328,0.0001971810371238748,0.006423079245780309,0.0,0.0,0.0,0.0,1476,1.0,0.004130185201797096
DLL4,NOTCH3,B Cells,T Lymphocytes,recompute,recompute,recompute,0.6342079770588467,0.7746834992804791,0.9318789094584047,0.00023276310008261776,0.0046263543438723525,0.0,0.0,0.0,0.0,4985,1.0,0.0041255452483029776
DLL4,NOTCH3,Dendritic Cells,Plasma Cells,recompute,recompute,recompute,0.6342079770588467,0.4638256179742202,0.6198216015396206,0.0028649117803088656,0.0009249287638231187,0.0,0.000697350069735007,0.12316925771249124,0.0,239,1.0,0.0041116217258932355
CXCL12,CXCR4,Apocrine Cells,11q13 Invasive Tumor Cells,recompute,recompute,recompute,0.2556690013679459,0.6632137581773894,0.24613745147074395,0.00022698568102339834,0.04976777849846808,0.0,0.00024703557312252963,0.08442328884061677,0.0,184,1.0,0.004094924321271702
DLL4,NOTCH3,T Lymphocytes,Mast Cells,recompute,recompute,recompute,0.6342079770588467,0.8341464445360613,0.6198216015396206,0.007392968575375538,0.00018718663110571166,0.0,0.0,0.0,0.0,333,1.0,0.00406889392210874
JAG1,NOTCH1,T Lymphocytes,Mast Cells,recompute,recompute,recompute,0.8630183004227985,0.7728785963662539,0.6198216015396206,0.0006856224272495787,0.0015718900135326876,0.0,0.0,0.0,0.0,333,1.0,0.0040565084006590245
JAG1,NOTCH1,Myeloid Cells,Myeloid Cells,recompute,recompute,recompute,0.6303682835571691,0.7448301506164821,1.0,0.0003788349535045612,0.0024587070627964786,0.0,0.0008833922261484097,0.04194062405936741,0.0,1132,1.0,0.004043929852111718
CXCL12,CXCR4,Apocrine Cells,Basal-like Structured DCIS Cells,recompute,recompute,recompute,0.2556690013679459,0.8628183098412396,0.24613745147074395,0.00022698568102339834,0.03391524182236365,0.0,0.000598086124401914,0.045695160295777505,0.0,684,1.0,0.004013574245205225
DLL4,NOTCH3,Luminal-like Amorphous DCIS Cells,Myeloid Cells,recompute,recompute,recompute,0.2490567623945399,0.7470475610360806,0.24613745147074395,0.011649387573427093,0.0007714919761827168,0.0,0.0,0.0,0.0,84,1.0,0.004003232435463049
DLL4,NOTCH3,Luminal-like Amorphous DCIS Cells,B Cells,recompute,recompute,recompute,0.2490567623945399,0.7746834992804791,0.24613745147074395,0.011649387573427093,0.0007179840585900947,0.0,0.0,0.0,0.0,176,1.0,0.003979581930785561
JAG1,NOTCH1,Myeloid Cells,B Cells,recompute,recompute,recompute,0.6303682835571691,0.8647171432637394,0.6198216015396206,0.0003788349535045612,0.0030854511812878796,0.0,0.0,0.0,0.0,144,1.0,0.003975753566243438
DLL4,NOTCH3,Plasma Cells,Plasma Cells,recompute,recompute,recompute,0.7160288858520609,0.4638256179742202,1.0,0.0012306151710811475,0.0009249287638231187,0.0,0.0,0.0,0.0,283,1.0,0.003946880810110886
DLL4,NOTCH3,"CAFs, Invasive Associated",Plasma Cells,recompute,recompute,recompute,0.6342079770588467,0.4638256179742202,0.6198216015396206,0.002196330917593002,0.0009249287638231187,0.0,0.0013175230566534913,0.2327071351247858,0.0,253,1.0,0.003933486368377587
CXCL12,CXCR4,Luminal-like Amorphous DCIS Cells,CXCL14+ Fibroblasts,recompute,recompute,recompute,0.2556690013679459,0.7757991160529997,0.24613745147074395,0.006120705198198609,0.0012252690191386984,0.0,9.852863899106673e-05,0.07905661075663101,0.0,1384,1.0,0.003925910343783375
DLL4,NOTCH3,Plasma Cells,Myeloid Cells,recompute,recompute,recompute,0.7160288858520609,0.7470475610360806,0.7204611100467462,0.0012306151710811475,0.0007714919761827168,0.0,0.003875968992248062,1.0,0.0,43,1.0,0.0039254733392139855
CXCL12,CXCR4,11q13 Invasive Tumor Cells (Mitotic),CXCL14+ Fibroblasts,recompute,recompute,recompute,0.6160088550075702,0.7757991160529997,0.6198216015396206,0.0009692519480124524,0.0012252690191386984,0.0,0.0,0.0,0.0,339,1.0,0.003899837585315422
DLL4,NOTCH3,B Cells,CXCL14+ Fibroblasts,recompute,recompute,recompute,0.6342079770588467,0.8818326005152037,0.6198216015396206,0.00023276310008261776,0.004265561924923322,0.0,0.0,0.0,0.0,800,1.0,0.0038856687342488064
DLL4,NOTCH3,Basal-like Structured DCIS Cells,Mast Cells,recompute,recompute,recompute,0.6342079770588467,0.8341464445360613,0.6198216015396206,0.0053032910137447145,0.00018718663110571166,0.0,0.0,0.0,0.0,18,1.0,0.0038497350357650784
CXCL12,CXCR4,11q13 Invasive Tumor Cells (G1/S),11q13 Invasive Tumor Cells (G1/S),recompute,recompute,recompute,0.6160088550075702,0.6632137581773894,1.0,0.0001971810371238748,0.0038860320327025817,0.0,2.462326405988378e-05,0.013928867092567026,0.0,1846,1.0,0.0038247747253834
DLL4,NOTCH3,Myeloid Cells,Mast Cells,recompute,recompute,recompute,0.7840818683779507,0.8341464445360613,0.7827641335561659,0.0032417203409647417,0.00018718663110571166,0.0,0.0,0.0,0.0,23,1.0,0.003819896481755967
DLL4,NOTCH3,Apocrine Cells,11q13 Invasive Tumor Cells (Mitotic),recompute,recompute,recompute,0.2490567623945399,0.6580560501976399,0.24613745147074395,0.0001268124169210086,0.06060662711593698,0.0,0.0,0.0,0.0,2,1.0,0.0038186442111441403
CXCL12,CXCR4,Apocrine Cells,Endothelial Cells,recompute,recompute,recompute,0.2556690013679459,0.7757991160529997,0.24613745147074395,0.00022698568102339834,0.027958038284341596,0.0,0.0,0.0,0.0,15,1.0,0.003818167031414435
DLL4,NOTCH3,Luminal-like Amorphous DCIS Cells,Plasma Cells,recompute,recompute,recompute,0.2490567623945399,0.4638256179742202,0.24613745147074395,0.011649387573427093,0.0009249287638231187,0.0,0.0,0.0,0.0,272,1.0,0.0038110198459594276
DLL4,NOTCH3,Plasma Cells,B Cells,recompute,recompute,recompute,0.7160288858520609,0.7746834992804791,0.6198216015396206,0.0012306151710811475,0.0007179840585900947,0.0,0.0,0.0,0.0,315,1.0,0.003805642921291664
JAG1,NOTCH1,Macrophages,B Cells,recompute,recompute,recompute,0.6303682835571691,0.8647171432637394,0.6198216015396206,0.00027502314493788786,0.0030854511812878796,0.0,6.65070497472732e-05,0.013593433383062651,0.0,1074,1.0,0.0037691206999676177
JAG1,NOTCH1,Plasma Cells,B Cells,recompute,recompute,recompute,0.6303682835571691,0.8647171432637394,0.6198216015396206,0.00027055134627077156,0.0030854511812878796,0.0,0.0,0.0,0.0,315,1.0,0.0037588370415490694
CXCL12,CXCR4,11q13 Invasive Tumor Cells (G1/S),Mast Cells,recompute,recompute,recompute,0.6160088550075702,0.7757991160529997,0.6198216015396206,0.0001971810371238748,0.004443041812720275,0.0,0.0,0.0,0.0,0,1.0,0.0037070512085461537
JAG1,NOTCH1,B Cells,B Cells,recompute,recompute,recompute,0.8630183004227985,0.8647171432637394,1.0,0.00011090031177372873,0.0030854511812878796,0.0,0.0,0.0,0.0,1418,1.0,0.00369712683805171
DLL4,NOTCH3,11q13 Invasive Tumor Cells (G1/S),B Cells,recompute,recompute,recompute,0.6342079770588467,0.7746834992804791,0.7917001487310438,0.0008958753988410421,0.0007179840585900947,0.0,0.0,0.0,0.0,38,1.0,0.0036845264332706564
JAG1,NOTCH1,Macrophages,Myeloid Cells,recompute,recompute,recompute,0.6303682835571691,0.7448301506164821,0.7827641335561659,0.00027502314493788786,0.0024587070627964786,0.0,0.00039904229848363923,0.018945245983720636,0.0,179,1.0,0.0036804084694385206
DLL4,NOTCH3,Apocrine Cells,"CAFs, DCIS Associated",recompute,recompute,recompute,0.2490567623945399,0.4638256179742202,0.24613745147074395,0.0001268124169210086,0.06891862663651398,0.0,0.0,0.0,0.0,89,1.0,0.003680390656897033
CXCL12,CXCR4,11q13 Invasive Tumor Cells (G1/S),Luminal-like Amorphous DCIS Cells,recompute,recompute,recompute,0.6160088550075702,0.46000374398572297,0.24613745147074395,0.0001971810371238748,0.017738069381683,0.0,0.0,0.0,0.0,19,1.0,0.003669047239737935
JAG1,NOTCH1,Myeloid Cells,Plasma Cells,recompute,recompute,recompute,0.6303682835571691,0.46013374214009517,0.7204611100467462,0.0003788349535045612,0.0029919533735881763,0.0,0.0,0.0,0.0,37,1.0,0.0036510501359433957
JAG1,NOTCH1,Plasma Cells,Plasma Cells,recompute,recompute,recompute,0.6303682835571691,0.46013374214009517,1.0,0.00027055134627077156,0.0029919533735881763,0.0,0.000757193336698637,0.029081698331266507,0.0,283,1.0,0.0036457208615945937
JAG1,NOTCH1,CXCL14+ Fibroblasts,B Cells,recompute,recompute,recompute,0.6303682835571691,0.8647171432637394,0.6198216015396206,0.0002196427612790349,0.0030854511812878796,0.0,0.0,0.0,0.0,791,1.0,0.003630490605591791
JAG1,NOTCH1,Myeloid Cells,Mast Cells,recompute,recompute,recompute,0.6303682835571691,0.7728785963662539,0.7827641335561659,0.0003788349535045612,0.0015718900135326876,0.0,0.0,0.0,0.0,23,1.0,0.0036255216182098553
DLL4,NOTCH3,Macrophages,Mast Cells,recompute,recompute,recompute,0.8949858186325867,0.8341464445360613,0.8567148457705164,0.0018955660656360717,0.00018718663110571166,0.0,0.0,0.0,0.0,165,1.0,0.0036251195630807075
JAG1,NOTCH1,Plasma Cells,Myeloid Cells,recompute,recompute,recompute,0.6303682835571691,0.7448301506164821,0.7204611100467462,0.00027055134627077156,0.0024587070627964786,0.0,0.0,0.0,0.0,43,1.0,0.0036199792272058238
JAG1,NOTCH1,T Lymphocytes,CXCL14+ Fibroblasts,recompute,recompute,recompute,0.8630183004227985,0.7728785963662539,0.6198216015396206,0.0006856224272495787,0.0007383002999486475,0.0,0.0,0.0,0.0,1880,1.0,0.0035764710553293096
CXCL12,CXCR4,Apocrine Cells,"CAFs, DCIS Associated",recompute,recompute,recompute,0.2556690013679459,0.46000374398572297,0.24613745147074395,0.00022698568102339834,0.0310998965832685,0.0,0.0,0.0,0.0,89,1.0,0.00356231492645466
DLL4,NOTCH3,11q13 Invasive Tumor Cells (G1/S),Myeloid Cells,recompute,recompute,recompute,0.6342079770588467,0.7470475610360806,0.6198216015396206,0.0008958753988410421,0.0007714919761827168,0.0,0.0,0.0,0.0,21,1.0,0.0035582738055947964
JAG1,NOTCH1,CXCL14+ Fibroblasts,Myeloid Cells,recompute,recompute,recompute,0.6303682835571691,0.7448301506164821,0.7827641335561659,0.0002196427612790349,0.0024587070627964786,0.0,0.00013579576317218902,0.006447146446931547,0.0,526,1.0,0.0035450412540919177
DLL4,NOTCH3,CXCL14+ Fibroblasts,Myeloid Cells,recompute,recompute,recompute,0.9184503888425789,0.7470475610360806,0.7827641335561659,0.0004696576149175879,0.0007714919761827168,0.0,0.0,0.0,0.0,526,1.0,0.0035334077541835534
CXCL12,CXCR4,Apocrine Cells,Plasma Cells,recompute,recompute,recompute,0.2556690013679459,0.46000374398572297,0.24613745147074395,0.00022698568102339834,0.029279151553362335,0.0,0.012121212121212121,0.2862106011150586,0.0,15,1.0,0.003526676055764719
CXCL12,CXCR4,Apocrine Cells,Luminal-like Amorphous DCIS Cells,recompute,recompute,recompute,0.2556690013679459,0.46000374398572297,0.3990376746076917,0.00022698568102339834,0.017738069381683,0.0,0.0,0.0,0.0,89,1.0,0.0035161138430102475
DLL4,NOTCH3,Apocrine Cells,11q13 Invasive Tumor Cells (G1/S),recompute,recompute,recompute,0.2490567623945399,0.6580560501976399,0.24613745147074395,0.0001268124169210086,0.0362497659817488,0.0,0.0,0.0,0.0,4,1.0,0.0035051509019880965
DLL4,NOTCH3,Mast Cells,Myeloid Cells,recompute,recompute,recompute,0.8516956437178343,0.7470475610360806,0.7827641335561659,0.00047235258648800887,0.0007714919761827168,0.0,0.0,0.0,0.0,23,1.0,0.0034925772805060656
JAG1,NOTCH1,Macrophages,Mast Cells,recompute,recompute,recompute,0.6303682835571691,0.7728785963662539,0.8567148457705164,0.00027502314493788786,0.0015718900135326876,0.0,0.0,0.0,0.0,165,1.0,0.0034891956003964882
CXCL12,CXCR4,11q13 Invasive Tumor Cells (G1/S),Myeloid Cells,recompute,recompute,recompute,0.6160088550075702,0.7447682696221608,0.6198216015396206,0.0001971810371238748,0.003215470541813311,0.0,0.0,0.0,0.0,21,1.0,0.003488735016089874
DLL4,NOTCH3,Dendritic Cells,Mast Cells,recompute,recompute,recompute,0.6342079770588467,0.8341464445360613,0.6198216015396206,0.0028649117803088656,0.00018718663110571166,0.0,0.0,0.0,0.0,151,1.0,0.0034742301751333957
JAG1,NOTCH1,Apocrine Cells,B Cells,recompute,recompute,recompute,0.24513582144484414,0.8647171432637394,0.24613745147074395,0.0010709508378277067,0.0030854511812878796,0.0,0.0,0.0,0.0,11,1.0,0.0034627838031910706
JAG1,NOTCH1,Macrophages,Plasma Cells,recompute,recompute,recompute,0.6303682835571691,0.46013374214009517,0.7204611100467462,0.00027502314493788786,0.0029919533735881763,0.0,0.0,0.0,0.0,326,1.0,0.003461293164859417
DLL4,NOTCH3,Apocrine Cells,Myoepithelial Cells,recompute,recompute,recompute,0.2490567623945399,0.4638256179742202,0.24613745147074395,0.0001268124169210086,0.04464016629523392,0.0,0.0,0.0,0.0,937,1.0,0.003423409016043471
DLL4,NOTCH3,B Cells,Macrophages,recompute,recompute,recompute,0.6342079770588467,0.8923034233058523,0.6198216015396206,0.00023276310008261776,0.001891930584070094,0.0,0.0,0.0,0.0,1065,1.0,0.00339997099146275
DLL4,NOTCH3,11q13 Invasive Tumor Cells (G1/S),Plasma Cells,recompute,recompute,recompute,0.6342079770588467,0.4638256179742202,0.6198216015396206,0.0008958753988410421,0.0009249287638231187,0.0,0.0,0.0,0.0,5,1.0,0.003387425613949091
JAG1,NOTCH1,Plasma Cells,Mast Cells,recompute,recompute,recompute,0.6303682835571691,0.7728785963662539,0.7204611100467462,0.00027055134627077156,0.0015718900135326876,0.0,0.001488095238095238,0.060136354889257525,0.0,48,1.0,0.0033806572680162668
DLL4,NOTCH3,CXCL14+ Fibroblasts,B Cells,recompute,recompute,recompute,0.9184503888425789,0.7746834992804791,0.6198216015396206,0.0004696576149175879,0.0007179840585900947,0.0,0.0,0.0,0.0,791,1.0,0.003378519006524671
JAG1,NOTCH1,CXCL14+ Fibroblasts,Mast Cells,recompute,recompute,recompute,0.6303682835571691,0.7728785963662539,0.8567148457705164,0.0002196427612790349,0.0015718900135326876,0.0,0.0,0.0,0.0,137,1.0,0.003360861287466992
CXCL12,CXCR4,Apocrine Cells,Myoepithelial Cells,recompute,recompute,recompute,0.2556690013679459,0.46000374398572297,0.24613745147074395,0.00022698568102339834,0.021502591154489905,0.0,0.00014553216260793634,0.01748360441774089,0.0,937,1.0,0.003349816081090343
DLL4,NOTCH3,Mast Cells,B Cells,recompute,recompute,recompute,0.8516956437178343,0.7746834992804791,0.6198216015396206,0.00047235258648800887,0.0007179840585900947,0.0,0.0,0.0,0.0,112,1.0,0.0033394783576775403
JAG1,NOTCH1,CXCL14+ Fibroblasts,Plasma Cells,recompute,recompute,recompute,0.6303682835571691,0.46013374214009517,0.7204611100467462,0.0002196427612790349,0.0029919533735881763,0.0,0.0,0.0,0.0,285,1.0,0.0033339851170935257
DLL4,NOTCH3,"CAFs, Invasive Associated",Mast Cells,recompute,recompute,recompute,0.6342079770588467,0.8341464445360613,0.6198216015396206,0.002196330917593002,0.00018718663110571166,0.0,0.0,0.0,0.0,130,1.0,0.0033237097052074825
DLL4,NOTCH3,CXCL14+ Fibroblasts,Plasma Cells,recompute,recompute,recompute,0.9184503888425789,0.4638256179742202,0.7204611100467462,0.0004696576149175879,0.0009249287638231187,0.0,0.0,0.0,0.0,285,1.0,0.0033175751213088836
DLL4,NOTCH3,Mast Cells,Plasma Cells,recompute,recompute,recompute,0.8516956437178343,0.4638256179742202,0.7204611100467462,0.00047235258648800887,0.0009249287638231187,0.0,0.0,0.0,0.0,50,1.0,0.003279238712638435
JAG1,NOTCH1,Apocrine Cells,Myeloid Cells,recompute,recompute,recompute,0.24513582144484414,0.7448301506164821,0.24613745147074395,0.0010709508378277067,0.0024587070627964786,0.0,0.0,0.0,0.0,20,1.0,0.0032522754353685158
DLL4,NOTCH3,Luminal-like Amorphous DCIS Cells,Mast Cells,recompute,recompute,recompute,0.2490567623945399,0.8341464445360613,0.24613745147074395,0.011649387573427093,0.00018718663110571166,0.0,0.0,0.0,0.0,34,1.0,0.003220228179913127
JAG1,NOTCH1,B Cells,Myeloid Cells,recompute,recompute,recompute,0.8630183004227985,0.7448301506164821,0.6198216015396206,0.00011090031177372873,0.0024587070627964786,0.0,0.0,0.0,0.0,137,1.0,0.0032062994221706553
JAG1,NOTCH1,Myeloid Cells,CXCL14+ Fibroblasts,recompute,recompute,recompute,0.6303682835571691,0.7728785963662539,0.7827641335561659,0.0003788349535045612,0.0007383002999486475,0.0,0.0,0.0,0.0,527,1.0,0.003196486201259109
JAG1,NOTCH1,Mast Cells,B Cells,recompute,recompute,recompute,0.6303682835571691,0.8647171432637394,0.6198216015396206,9.902323108165853e-05,0.0030854511812878796,0.0,0.0,0.0,0.0,112,1.0,0.0031791134824279187
CXCL12,CXCR4,Apocrine Cells,Pericytes,recompute,recompute,recompute,0.2556690013679459,0.7757991160529997,0.24613745147074395,0.00022698568102339834,0.009156953124503932,0.0,0.0,0.0,0.0,9,1.0,0.003170022604923576
DLL4,NOTCH3,Plasma Cells,Mast Cells,recompute,recompute,recompute,0.7160288858520609,0.8341464445360613,0.7204611100467462,0.0012306151710811475,0.00018718663110571166,0.0,0.003472222222222222,1.0,0.0,48,1.0,0.003157678218844766
JAG1,NOTCH1,Mast Cells,Myeloid Cells,recompute,recompute,recompute,0.6303682835571691,0.7448301506164821,0.7827641335561659,9.902323108165853e-05,0.0024587070627964786,0.0,0.0,0.0,0.0,23,1.0,0.003104288007050139
JAG1,NOTCH1,Apocrine Cells,Plasma Cells,recompute,recompute,recompute,0.24513582144484414,0.46013374214009517,0.24613745147074395,0.0010709508378277067,0.0029919533735881763,0.0,0.0047619047619047615,0.18289156950552046,0.0,15,1.0,0.003101223583839336
JAG1,NOTCH1,Macrophages,CXCL14+ Fibroblasts,recompute,recompute,recompute,0.6303682835571691,0.7728785963662539,0.8875000050982297,0.00027502314493788786,0.0007383002999486475,0.0,4.885675200312683e-05,0.007953424744695075,0.0,1462,1.0,0.0030944466265884416
DLL4,NOTCH3,B Cells,B Cells,recompute,recompute,recompute,0.6342079770588467,0.7746834992804791,1.0,0.00023276310008261776,0.0007179840585900947,0.0,0.0,0.0,0.0,1418,1.0,0.003060095244390055
JAG1,NOTCH1,B Cells,Plasma Cells,recompute,recompute,recompute,0.8630183004227985,0.46013374214009517,0.6198216015396206,0.00011090031177372873,0.0029919533735881763,0.0,0.00048100048100048096,0.018473895909648534,0.0,297,1.0,0.003057382925428443
JAG1,NOTCH1,CXCL14+ Fibroblasts,CXCL14+ Fibroblasts,recompute,recompute,recompute,0.6303682835571691,0.7728785963662539,1.0,0.0002196427612790349,0.0007383002999486475,0.0,7.109088970248462e-05,0.011572935532962625,0.0,4019,1.0,0.0030405130673980623
JAG1,NOTCH1,Apocrine Cells,Mast Cells,recompute,recompute,recompute,0.24513582144484414,0.7728785963662539,0.24613745147074395,0.0010709508378277067,0.0015718900135326876,0.0,0.0,0.0,0.0,1,1.0,0.003037262895195122
CXCL12,CXCR4,Apocrine Cells,"CAFs, Invasive Associated",recompute,recompute,recompute,0.2556690013679459,0.6632137581773894,0.24613745147074395,0.00022698568102339834,0.008007263802792432,0.0,0.0,0.0,0.0,0,1.0,0.0030199651828124734
JAG1,NOTCH1,Mast Cells,Mast Cells,recompute,recompute,recompute,0.6303682835571691,0.7728785963662539,1.0,9.902323108165853e-05,0.0015718900135326876,0.0,0.0,0.0,0.0,14,1.0,0.003019849175370922
JAG1,NOTCH1,B Cells,Mast Cells,recompute,recompute,recompute,0.8630183004227985,0.7728785963662539,0.6198216015396206,0.00011090031177372873,0.0015718900135326876,0.0,0.0,0.0,0.0,97,1.0,0.002994326421415481
CXCL12,CXCR4,11q13 Invasive Tumor Cells (G1/S),CXCL14+ Fibroblasts,recompute,recompute,recompute,0.6160088550075702,0.7757991160529997,0.6198216015396206,0.0001971810371238748,0.0012252690191386984,0.0,0.0,0.0,0.0,380,1.0,0.002990801032276677
JAG1,NOTCH1,Plasma Cells,CXCL14+ Fibroblasts,recompute,recompute,recompute,0.6303682835571691,0.7728785963662539,0.7204611100467462,0.00027055134627077156,0.0007383002999486475,0.0,0.0,0.0,0.0,306,1.0,0.0029805985031571883
DLL4,NOTCH3,Mast Cells,Mast Cells,recompute,recompute,recompute,0.8516956437178343,0.8341464445360613,1.0,0.00047235258648800887,0.00018718663110571166,0.0,0.0,0.0,0.0,14,1.0,0.002926510212801296
JAG1,NOTCH1,Mast Cells,Plasma Cells,recompute,recompute,recompute,0.6303682835571691,0.46013374214009517,0.7204611100467462,9.902323108165853e-05,0.0029919533735881763,0.0,0.0,0.0,0.0,50,1.0,0.0029194723764443768
CXCL12,CXCR4,Apocrine Cells,11q13 Invasive Tumor Cells (Mitotic),recompute,recompute,recompute,0.2556690013679459,0.6632137581773894,0.24613745147074395,0.00022698568102339834,0.006423079245780309,0.0,0.0,0.0,0.0,2,1.0,0.0029110197294105996
DLL4,NOTCH3,CXCL14+ Fibroblasts,Mast Cells,recompute,recompute,recompute,0.9184503888425789,0.8341464445360613,0.8567148457705164,0.0004696576149175879,0.00018718663110571166,0.0,0.0,0.0,0.0,137,1.0,0.0028853853749139543
DLL4,NOTCH3,11q13 Invasive Tumor Cells (G1/S),Mast Cells,recompute,recompute,recompute,0.6342079770588467,0.8341464445360613,0.6198216015396206,0.0008958753988410421,0.00018718663110571166,0.0,0.0,0.0,0.0,0,1.0,0.0028623003448706072
DLL4,NOTCH3,Apocrine Cells,Dendritic Cells,recompute,recompute,recompute,0.2490567623945399,0.7746834992804791,0.24613745147074395,0.0001268124169210086,0.009044464882971325,0.0,0.0,0.0,0.0,64,1.0,0.0028577876895922497
DLL4,NOTCH3,B Cells,Myeloid Cells,recompute,recompute,recompute,0.6342079770588467,0.7470475610360806,0.6198216015396206,0.00023276310008261776,0.0007714919761827168,0.0,0.0,0.0,0.0,137,1.0,0.0028424058320626225
CXCL12,CXCR4,Apocrine Cells,Mast Cells,recompute,recompute,recompute,0.2556690013679459,0.7757991160529997,0.24613745147074395,0.00022698568102339834,0.004443041812720275,0.0,0.0,0.0,0.0,1,1.0,0.002810071333177567
DLL4,NOTCH3,B Cells,Plasma Cells,recompute,recompute,recompute,0.6342079770588467,0.4638256179742202,0.6198216015396206,0.00023276310008261776,0.0009249287638231187,0.0,0.0,0.0,0.0,297,1.0,0.002705929573386986
JAG1,NOTCH1,Apocrine Cells,CXCL14+ Fibroblasts,recompute,recompute,recompute,0.24513582144484414,0.7728785963662539,0.24613745147074395,0.0010709508378277067,0.0007383002999486475,0.0,0.007142857142857143,1.0,0.0,20,1.0,0.0026778405858413333
CXCL12,CXCR4,Apocrine Cells,11q13 Invasive Tumor Cells (G1/S),recompute,recompute,recompute,0.2556690013679459,0.6632137581773894,0.24613745147074395,0.00022698568102339834,0.0038860320327025817,0.0,0.0,0.0,0.0,4,1.0,0.0026771481496716933
CXCL12,CXCR4,Apocrine Cells,Myeloid Cells,recompute,recompute,recompute,0.2556690013679459,0.7447682696221608,0.24613745147074395,0.00022698568102339834,0.003215470541813311,0.0,0.0,0.0,0.0,20,1.0,0.002644580208432499
JAG1,NOTCH1,B Cells,CXCL14+ Fibroblasts,recompute,recompute,recompute,0.8630183004227985,0.7728785963662539,0.6198216015396206,0.00011090031177372873,0.0007383002999486475,0.0,0.00017857142857142857,0.0290697674418605,0.0,800,1.0,0.002639985110017385
JAG1,NOTCH1,Mast Cells,CXCL14+ Fibroblasts,recompute,recompute,recompute,0.6303682835571691,0.7728785963662539,0.8567148457705164,9.902323108165853e-05,0.0007383002999486475,0.0,0.0,0.0,0.0,148,1.0,0.002594738744487517
DLL4,NOTCH3,Apocrine Cells,CXCL14+ Fibroblasts,recompute,recompute,recompute,0.2490567623945399,0.8818326005152037,0.24613745147074395,0.0001268124169210086,0.004265561924923322,0.0,0.0,0.0,0.0,20,1.0,0.0025763562786544547
DLL4,NOTCH3,Apocrine Cells,T Lymphocytes,recompute,recompute,recompute,0.2490567623945399,0.7746834992804791,0.24613745147074395,0.0001268124169210086,0.0046263543438723525,0.0,0.0,0.0,0.0,74,1.0,0.0025556774458625115
DLL4,NOTCH3,B Cells,Mast Cells,recompute,recompute,recompute,0.6342079770588467,0.8341464445360613,0.6198216015396206,0.00023276310008261776,0.00018718663110571166,0.0,0.0,0.0,0.0,97,1.0,0.0022864511383533376
CXCL12,CXCR4,Apocrine Cells,CXCL14+ Fibroblasts,recompute,recompute,recompute,0.2556690013679459,0.7757991160529997,0.24613745147074395,0.00022698568102339834,0.0012252690191386984,0.0,0.0,0.0,0.0,20,1.0,0.002267129254827482
DLL4,NOTCH3,Apocrine Cells,Macrophages,recompute,recompute,recompute,0.2490567623945399,0.8923034233058523,0.24613745147074395,0.0001268124169210086,0.001891930584070094,0.0,0.0,0.0,0.0,15,1.0,0.0022543189371472512
DLL4,NOTCH3,Apocrine Cells,Myeloid Cells,recompute,recompute,recompute,0.2490567623945399,0.7470475610360806,0.24613745147074395,0.0001268124169210086,0.0007714919761827168,0.0,0.0,0.0,0.0,20,1.0,0.0018846305778390806
DLL4,NOTCH3,Apocrine Cells,B Cells,recompute,recompute,recompute,0.2490567623945399,0.7746834992804791,0.24613745147074395,0.0001268124169210086,0.0007179840585900947,0.0,0.0,0.0,0.0,11,1.0,0.0018734964593448194
DLL4,NOTCH3,Apocrine Cells,Plasma Cells,recompute,recompute,recompute,0.2490567623945399,0.4638256179742202,0.24613745147074395,0.0001268124169210086,0.0009249287638231187,0.0,0.0,0.0,0.0,15,1.0,0.0017941412721432291
DLL4,NOTCH3,Apocrine Cells,Mast Cells,recompute,recompute,recompute,0.2490567623945399,0.8341464445360613,0.24613745147074395,0.0001268124169210086,0.00018718663110571166,0.0,0.0,0.0,0.0,1,1.0,0.0015160100227308896
TGFB1,TGFBR2,Apocrine Cells,Endothelial Cells,recompute,recompute,recompute,0.0,0.9516417160285665,0.24613745147074395,0.008216261405991,1.0,0.0,0.016666666666666666,0.2657344099727176,0.0,15,1.0,0.0007598379765658025
DLL4,NOTCH3,Endothelial Cells,Apocrine Cells,recompute,recompute,recompute,0.9184503888425789,0.0,0.24613745147074395,1.0,0.00526416445270294,0.0,0.02525252525252525,1.0,0.0,33,1.0,0.0007013378596558342
TGFB1,TGFBR2,Apocrine Cells,"CAFs, DCIS Associated",recompute,recompute,recompute,0.0,0.7241065161359392,0.24613745147074395,0.008216261405991,0.41704959801464375,0.0,0.0028089887640449437,0.12713651346593233,0.0,89,1.0,0.0006275386014381953
TGFB1,TGFBR2,Apocrine Cells,Pericytes,recompute,recompute,recompute,0.0,0.9643410356050758,0.24613745147074395,0.008216261405991,0.2837148864776496,0.0,0.018518518518518517,0.7531138458873433,0.0,9,1.0,0.0006172970680260018
CXCL12,CXCR4,"CAFs, DCIS Associated",Apocrine Cells,recompute,recompute,recompute,0.8924110508951895,0.0,0.24613745147074395,1.0,0.002454914102060298,0.0,0.02707509881422925,1.0,0.0,230,1.0,0.0006146531655305598
JAG1,NOTCH1,11q13 Invasive Tumor Cells,Apocrine Cells,recompute,recompute,recompute,0.7941469661104033,0.0,0.24613745147074395,1.0,0.0019835632600448422,0.0,0.013567438148443734,1.0,0.0,179,1.0,0.0005817742239700917
DLL4,NOTCH3,Pericytes,Apocrine Cells,recompute,recompute,recompute,0.9184503888425789,0.0,0.24613745147074395,0.11694486957515715,0.00526416445270294,0.0,0.0,0.0,0.0,15,1.0,0.0004904455722623468
TGFB1,TGFBR2,Apocrine Cells,Dendritic Cells,recompute,recompute,recompute,0.0,0.628133940116149,0.24613745147074395,0.008216261405991,0.10646573797703236,0.0,0.0013020833333333333,0.055747723200546356,0.0,64,1.0,0.000488111580888579
TGFB1,TGFBR2,Apocrine Cells,T Lymphocytes,recompute,recompute,recompute,0.0,0.628133940116149,0.24613745147074395,0.008216261405991,0.10396504391838439,0.0,0.0011261261261261261,0.10018781175424551,0.0,74,1.0,0.00048618179277143343
TGFB1,TGFBR2,Apocrine Cells,"CAFs, Invasive Associated",recompute,recompute,recompute,0.0,0.628133940116149,0.24613745147074395,0.008216261405991,0.07630971198036683,0.0,0.0,0.0,0.0,0,1.0,0.000461757656634034
TGFB1,TGFBR2,Apocrine Cells,Basal-like Structured DCIS Cells,recompute,recompute,recompute,0.0,0.628133940116149,0.24613745147074395,0.008216261405991,0.06897244404348622,0.0,0.0012183235867446395,0.08174108453789589,0.0,684,1.0,0.0004540427443090146
TGFB1,TGFBR2,Apocrine Cells,Macrophages,recompute,recompute,recompute,0.0,0.8911579433306727,0.24613745147074395,0.008216261405991,0.04575875759819427,0.0,0.0,0.0,0.0,15,1.0,0.0004494833235454469
CSF1,CSF1R,"CAFs, DCIS Associated",Apocrine Cells,recompute,recompute,recompute,0.7181940594497765,0.0,0.24613745147074395,1.0,0.0004638967946451689,0.0,0.0005434782608695652,0.11616428718116363,0.0,230,1.0,0.0004490641424734782
TGFB1,TGFBR2,Apocrine Cells,Myoepithelial Cells,recompute,recompute,recompute,0.0,0.7241065161359392,0.24613745147074395,0.008216261405991,0.046291861436256077,0.0,0.0015119174670935609,0.11066822524916732,0.0,937,1.0,0.0004350374210003083
DLL4,NOTCH3,11q13 Invasive Tumor Cells,Apocrine Cells,recompute,recompute,recompute,0.6342079770588467,0.0,0.24613745147074395,0.06734007498340545,0.00526416445270294,0.0,0.0,0.0,0.0,179,1.0,0.00042056735545401995
CXCL12,CXCR4,Endothelial Cells,Apocrine Cells,recompute,recompute,recompute,0.7487535481622718,0.0,0.24613745147074395,0.10272295574815776,0.002454914102060298,0.0,0.012396694214876033,0.5037037708306433,0.0,33,1.0,0.0004085109535866948
CSF1,CSF1R,Endothelial Cells,Apocrine Cells,recompute,recompute,recompute,0.9530510539284376,0.0,0.24613745147074395,0.3300653030175087,0.0004638967946451689,0.0,0.0,0.0,0.0,33,1.0,0.0003913398593310656
TGFB1,TGFBR2,Apocrine Cells,11q13 Invasive Tumor Cells,recompute,recompute,recompute,0.0,0.628133940116149,0.24613745147074395,0.008216261405991,0.02792871411289051,0.0,0.001358695652173913,0.5026550600123563,0.0,184,1.0,0.00039053441354294804
CSF1,CSF1R,Pericytes,Apocrine Cells,recompute,recompute,recompute,0.9330656492219304,0.0,0.24613745147074395,0.297542793801235,0.0004638967946451689,0.0,0.0,0.0,0.0,15,1.0,0.00038327605223164186
CXCL12,CXCR4,Pericytes,Apocrine Cells,recompute,recompute,recompute,0.7487535481622718,0.0,0.24613745147074395,0.06372880775749876,0.002454914102060298,0.0,0.0,0.0,0.0,15,1.0,0.00037726665780504705
JAG1,NOTCH1,Luminal-like Amorphous DCIS Cells,Apocrine Cells,recompute,recompute,recompute,0.24513582144484414,0.0,0.3990376746076917,0.13275554617509155,0.0019835632600448422,0.0,0.008836524300441824,0.6975158304919632,0.0,97,1.0,0.00037024307421791786
CSF1,CSF1R,11q13 Invasive Tumor Cells,Apocrine Cells,recompute,recompute,recompute,0.6329636802303048,0.0,0.24613745147074395,0.3435917185259688,0.0004638967946451689,0.0,0.004189944134078212,0.8955682475419319,0.0,179,1.0,0.00036799195540372724
CSF1,CSF1R,Basal-like Structured DCIS Cells,Apocrine Cells,recompute,recompute,recompute,0.6329636802303048,0.0,0.24613745147074395,0.3430671774934166,0.0004638967946451689,0.0,0.00036023054755043225,0.07699650158982027,0.0,694,1.0,0.0003678982638878313
JAG1,NOTCH1,11q13 Invasive Tumor Cells (Mitotic),Apocrine Cells,recompute,recompute,recompute,0.7941469661104033,0.0,0.24613745147074395,0.05263539325963273,0.0019835632600448422,0.0,0.0,0.0,0.0,5,1.0,0.0003561509719609813
CXCL12,CXCR4,"CAFs, Invasive Associated",Apocrine Cells,recompute,recompute,recompute,0.6160088550075702,0.0,0.24613745147074395,0.05480638574296996,0.002454914102060298,0.0,0.0,0.0,0.0,0,1.0,0.00035612762648786064
CSF1,CSF1R,Myoepithelial Cells,Apocrine Cells,recompute,recompute,recompute,0.7181940594497765,0.0,0.24613745147074395,0.241712611075796,0.0004638967946451689,0.0,0.0005958055290753099,0.12734883723387816,0.0,1049,1.0,0.0003544254767165001
JAG1,NOTCH1,Basal-like Structured DCIS Cells,Apocrine Cells,recompute,recompute,recompute,0.9097736029185509,0.0,0.24613745147074395,0.04309654638185767,0.0019835632600448422,0.0,0.0007204610951008645,0.05686998665994754,0.0,694,1.0,0.00035237112365199053
CSF1,CSF1R,Mast Cells,Apocrine Cells,recompute,recompute,recompute,0.8552373118926793,0.0,0.24613745147074395,0.1878690989799276,0.0004638967946451689,0.0,0.0,0.0,0.0,3,1.0,0.00034988480212671256
DLL4,NOTCH3,"CAFs, DCIS Associated",Apocrine Cells,recompute,recompute,recompute,0.7160288858520609,0.0,0.24613745147074395,0.018679344959851515,0.00526416445270294,0.0,0.002173913043478261,0.09983990318554854,0.0,230,1.0,0.0003465772640984208
CXCL12,CXCR4,Macrophages,Apocrine Cells,recompute,recompute,recompute,0.7487535481622718,0.0,0.24613745147074395,0.03388623051970213,0.002454914102060298,0.0,0.004784688995215311,0.19441198172410795,0.0,19,1.0,0.0003395702850520321
CSF1,CSF1R,T Lymphocytes,Apocrine Cells,recompute,recompute,recompute,0.6329636802303048,0.0,0.24613745147074395,0.2016933258290928,0.0004638967946451689,0.0,0.0,0.0,0.0,86,1.0,0.0003367284409165765
TGFB1,TGFBR2,Apocrine Cells,Luminal-like Amorphous DCIS Cells,recompute,recompute,recompute,0.0,0.25153574142392743,0.3990376746076917,0.008216261405991,0.01630369297954023,0.0,0.0,0.0,0.0,89,1.0,0.00033222255259150366
TGFB1,TGFBR2,Apocrine Cells,B Cells,recompute,recompute,recompute,0.0,0.628133940116149,0.24613745147074395,0.008216261405991,0.009895229901992758,0.0,0.0,0.0,0.0,11,1.0,0.0003285149828036265
JAG1,NOTCH1,11q13 Invasive Tumor Cells (G1/S),Apocrine Cells,recompute,recompute,recompute,0.7941469661104033,0.0,0.24613745147074395,0.032311095449028576,0.0019835632600448422,0.0,0.0,0.0,0.0,4,1.0,0.00032833192346992044
CSF1,CSF1R,"CAFs, Invasive Associated",Apocrine Cells,recompute,recompute,recompute,0.6329636802303048,0.0,0.24613745147074395,0.1523572567652539,0.0004638967946451689,0.0,0.0,0.0,0.0,0,1.0,0.00032134760702602405
JAG1,NOTCH1,Pericytes,Apocrine Cells,recompute,recompute,recompute,0.6303682835571691,0.0,0.24613745147074395,0.03425584686464733,0.0019835632600448422,0.0,0.0,0.0,0.0,15,1.0,0.0003190258391726424
TGFB1,TGFBR2,Apocrine Cells,CXCL14+ Fibroblasts,recompute,recompute,recompute,0.0,0.9417110959059584,0.24613745147074395,0.008216261405991,0.005427302044598217,0.0,0.004166666666666667,1.0,0.0,20,1.0,0.00031797464885311707
CSF1,CSF1R,Dendritic Cells,Apocrine Cells,recompute,recompute,recompute,0.6329636802303048,0.0,0.24613745147074395,0.13793660188765483,0.0004638967946451689,0.0,0.0033333333333333335,0.712474294711137,0.0,75,1.0,0.000316066014702003
CXCL12,CXCR4,T Lymphocytes,Apocrine Cells,recompute,recompute,recompute,0.6160088550075702,0.0,0.24613745147074395,0.025575340320379867,0.002454914102060298,0.0,0.0015856236786469344,0.06442722650159391,0.0,86,1.0,0.000313644293311912
JAG1,NOTCH1,Endothelial Cells,Apocrine Cells,recompute,recompute,recompute,0.6303682835571691,0.0,0.24613745147074395,0.029179138324176478,0.0019835632600448422,0.0,0.0,0.0,0.0,33,1.0,0.00031061003969887863
TGFB1,TGFBR2,Apocrine Cells,Mast Cells,recompute,recompute,recompute,0.0,0.860445251677117,0.24613745147074395,0.008216261405991,0.005044198536350481,0.0,0.0,0.0,0.0,1,1.0,0.00030942931958988945
JAG1,NOTCH1,Myoepithelial Cells,Apocrine Cells,recompute,recompute,recompute,0.6303682835571691,0.0,0.24613745147074395,0.027254376065765328,0.0019835632600448422,0.0,0.001974669753506741,0.1558716262451456,0.0,1049,1.0,0.00030709738694103986
TGFB1,TGFBR2,Apocrine Cells,Plasma Cells,recompute,recompute,recompute,0.0,0.7241065161359392,0.24613745147074395,0.008216261405991,0.004952137174709604,0.0,0.0,0.0,0.0,15,1.0,0.0002997377317365874
DLL4,NOTCH3,11q13 Invasive Tumor Cells (Mitotic),Apocrine Cells,recompute,recompute,recompute,0.6342079770588467,0.0,0.24613745147074395,0.008557082379913908,0.00526416445270294,0.0,0.0,0.0,0.0,5,1.0,0.0002982022983174269
DLL4,NOTCH3,Myoepithelial Cells,Apocrine Cells,recompute,recompute,recompute,0.7160288858520609,0.0,0.24613745147074395,0.0069047442087267884,0.00526416445270294,0.0,0.0017476962186209089,0.08026531778183599,0.0,1049,1.0,0.00029360568501279584
DLL4,NOTCH3,Luminal-like Amorphous DCIS Cells,Apocrine Cells,recompute,recompute,recompute,0.2490567623945399,0.0,0.3990376746076917,0.011649387573427093,0.00526416445270294,0.0,0.0,0.0,0.0,97,1.0,0.0002911774028138367
DLL4,NOTCH3,T Lymphocytes,Apocrine Cells,recompute,recompute,recompute,0.6342079770588467,0.0,0.24613745147074395,0.007392968575375538,0.00526416445270294,0.0,0.0,0.0,0.0,86,1.0,0.0002910224712081276
CXCL12,CXCR4,CXCL14+ Fibroblasts,Apocrine Cells,recompute,recompute,recompute,0.7487535481622718,0.0,0.24613745147074395,0.013109255449725675,0.002454914102060298,0.0,0.014106583072100312,0.5731801530141803,0.0,29,1.0,0.0002898603689255602
CXCL12,CXCR4,Dendritic Cells,Apocrine Cells,recompute,recompute,recompute,0.6160088550075702,0.0,0.24613745147074395,0.014925651776972337,0.002454914102060298,0.0,0.0012121212121212121,0.049251035370107346,0.0,75,1.0,0.00028671872552368533
DLL4,NOTCH3,Basal-like Structured DCIS Cells,Apocrine Cells,recompute,recompute,recompute,0.6342079770588467,0.0,0.24613745147074395,0.0053032910137447145,0.00526416445270294,0.0,0.0004803073967339097,0.022058768235039543,0.0,694,1.0,0.00027534741014438255
CXCL12,CXCR4,Myoepithelial Cells,Apocrine Cells,recompute,recompute,recompute,0.8023917560710954,0.0,0.24613745147074395,0.008536715800078514,0.002454914102060298,0.0,0.0016032585146026515,0.06514376699334978,0.0,1049,1.0,0.0002729913777846167
CXCL12,CXCR4,11q13 Invasive Tumor Cells,Apocrine Cells,recompute,recompute,recompute,0.6160088550075702,0.0,0.24613745147074395,0.010634001710228292,0.002454914102060298,0.0,0.0,0.0,0.0,179,1.0,0.0002709671523232059
DLL4,NOTCH3,Myeloid Cells,Apocrine Cells,recompute,recompute,recompute,0.7840818683779507,0.0,0.24613745147074395,0.0032417203409647417,0.00526416445270294,0.0,0.006944444444444444,0.3189330240649467,0.0,24,1.0,0.0002627893226316545
JAG1,NOTCH1,"CAFs, Invasive Associated",Apocrine Cells,recompute,recompute,recompute,0.7941469661104033,0.0,0.24613745147074395,0.00838985805983649,0.0019835632600448422,0.0,0.0,0.0,0.0,0,1.0,0.0002622488928131607
CSF1,CSF1R,Luminal-like Amorphous DCIS Cells,Apocrine Cells,recompute,recompute,recompute,0.24945190643783477,0.0,0.3990376746076917,0.07022613207428953,0.0004638967946451689,0.0,0.0,0.0,0.0,97,1.0,0.00026211289276983977
CSF1,CSF1R,Apocrine Cells,Apocrine Cells,recompute,recompute,recompute,0.24945190643783477,0.0,1.0,0.02755557660641766,0.0004638967946451689,0.0,0.00479313824419778,1.0,0.0,991,1.0,0.0002613793100440777
JAG1,NOTCH1,"CAFs, DCIS Associated",Apocrine Cells,recompute,recompute,recompute,0.6303682835571691,0.0,0.24613745147074395,0.010161058057093355,0.0019835632600448422,0.0,0.0012422360248447203,0.0980565732720586,0.0,230,1.0,0.00026053132440458456
CXCL12,CXCR4,Plasma Cells,Apocrine Cells,recompute,recompute,recompute,0.8730912658940219,0.0,0.24613745147074395,0.005708610653010913,0.002454914102060298,0.0,0.005681818181818181,0.23086422829737815,0.0,24,1.0,0.00025890142253447114
CSF1,CSF1R,11q13 Invasive Tumor Cells (Mitotic),Apocrine Cells,recompute,recompute,recompute,0.6329636802303048,0.0,0.24613745147074395,0.03853853776662391,0.0004638967946451689,0.0,0.0,0.0,0.0,5,1.0,0.00025555267556418693
CSF1,CSF1R,B Cells,Apocrine Cells,recompute,recompute,recompute,0.6329636802303048,0.0,0.24613745147074395,0.034822583417649544,0.0004638967946451689,0.0,0.0,0.0,0.0,15,1.0,0.0002512704360343989
DLL4,NOTCH3,Dendritic Cells,Apocrine Cells,recompute,recompute,recompute,0.6342079770588467,0.0,0.24613745147074395,0.0028649117803088656,0.00526416445270294,0.0,0.0,0.0,0.0,75,1.0,0.00024848990179354816
TGFB1,TGFBR2,Apocrine Cells,11q13 Invasive Tumor Cells (G1/S),recompute,recompute,recompute,0.0,0.628133940116149,0.24613745147074395,0.008216261405991,0.0018417017418815348,0.0,0.0,0.0,0.0,4,1.0,0.0002482300775952191
DLL4,NOTCH3,Macrophages,Apocrine Cells,recompute,recompute,recompute,0.8949858186325867,0.0,0.24613745147074395,0.0018955660656360717,0.00526416445270294,0.0,0.0,0.0,0.0,19,1.0,0.0002456655321938556
CXCL12,CXCR4,B Cells,Apocrine Cells,recompute,recompute,recompute,0.6160088550075702,0.0,0.24613745147074395,0.0052742025956585255,0.002454914102060298,0.0,0.0,0.0,0.0,15,1.0,0.00024107937864285126
TGFB1,TGFBR2,Apocrine Cells,11q13 Invasive Tumor Cells (Mitotic),recompute,recompute,recompute,0.0,0.628133940116149,0.24613745147074395,0.008216261405991,0.0014987600472605432,0.0,0.0,0.0,0.0,2,1.0,0.00023985013159213463
DLL4,NOTCH3,"CAFs, Invasive Associated",Apocrine Cells,recompute,recompute,recompute,0.6342079770588467,0.0,0.24613745147074395,0.002196330917593002,0.00526416445270294,0.0,0.0,0.0,0.0,0,1.0,0.00023772411630889085
TGFB1,TGFBR2,Apocrine Cells,Apocrine Cells,recompute,recompute,recompute,0.0,0.25153574142392743,1.0,0.008216261405991,0.0008361810775763445,0.0,0.0009249915909855364,0.13846027973172276,0.0,991,1.0,0.0002360097828194299
TGFB1,TGFBR2,Apocrine Cells,Myeloid Cells,recompute,recompute,recompute,0.0,0.7821407762924618,0.24613745147074395,0.008216261405991,0.0009726234029574384,0.0,0.0,0.0,0.0,20,1.0,0.00023148051220075804
CXCL12,CXCR4,Luminal-like Amorphous DCIS Cells,Apocrine Cells,recompute,recompute,recompute,0.2556690013679459,0.0,0.3990376746076917,0.006120705198198609,0.002454914102060298,0.0,0.0014058106841611994,0.05712104617667089,0.0,97,1.0,0.00023134247325616228
CSF1,CSF1R,Macrophages,Apocrine Cells,recompute,recompute,recompute,0.8975263081978373,0.0,0.24613745147074395,0.013294251962681188,0.0004638967946451689,0.0,0.0,0.0,0.0,19,1.0,0.00022684017789770692
DLL4,NOTCH3,Plasma Cells,Apocrine Cells,recompute,recompute,recompute,0.7160288858520609,0.0,0.24613745147074395,0.0012306151710811475,0.00526416445270294,0.0,0.0,0.0,0.0,24,1.0,0.00022025581792508192
CSF1,CSF1R,Myeloid Cells,Apocrine Cells,recompute,recompute,recompute,0.7866181160593629,0.0,0.24613745147074395,0.009981073684215833,0.0004638967946451689,0.0,0.0,0.0,0.0,24,1.0,0.0002115558388625342
CSF1,CSF1R,11q13 Invasive Tumor Cells (G1/S),Apocrine Cells,recompute,recompute,recompute,0.6329636802303048,0.0,0.24613745147074395,0.011973593206576157,0.0004638967946451689,0.0,0.0,0.0,0.0,4,1.0,0.00021031424293142828
CXCL12,CXCR4,Basal-like Structured DCIS Cells,Apocrine Cells,recompute,recompute,recompute,0.6160088550075702,0.0,0.24613745147074395,0.0021291294377375697,0.002454914102060298,0.0,0.00032748231595493846,0.01330629557909961,0.0,694,1.0,0.00020725315106070574
CSF1,CSF1R,Plasma Cells,Apocrine Cells,recompute,recompute,recompute,0.7181940594497765,0.0,0.24613745147074395,0.009092431017982948,0.0004638967946451689,0.0,0.0,0.0,0.0,24,1.0,0.0002051580014035401
CXCL12,CXCR4,Mast Cells,Apocrine Cells,recompute,recompute,recompute,0.7487535481622718,0.0,0.24613745147074395,0.001641777062288553,0.002454914102060298,0.0,0.0,0.0,0.0,3,1.0,0.00020502740701175182
DLL4,NOTCH3,11q13 Invasive Tumor Cells (G1/S),Apocrine Cells,recompute,recompute,recompute,0.6342079770588467,0.0,0.24613745147074395,0.0008958753988410421,0.00526416445270294,0.0,0.0,0.0,0.0,4,1.0,0.00020472239769583694
CXCL12,CXCR4,Myeloid Cells,Apocrine Cells,recompute,recompute,recompute,0.7487535481622718,0.0,0.24613745147074395,0.0015847932820241062,0.002454914102060298,0.0,0.003787878787878788,0.15390948553158545,0.0,24,1.0,0.00020382385345360055
JAG1,NOTCH1,Dendritic Cells,Apocrine Cells,recompute,recompute,recompute,0.8630183004227985,0.0,0.24613745147074395,0.001657584379221534,0.0019835632600448422,0.0,0.0,0.0,0.0,75,1.0,0.0002029336373356077
DLL4,NOTCH3,CXCL14+ Fibroblasts,Apocrine Cells,recompute,recompute,recompute,0.9184503888425789,0.0,0.24613745147074395,0.0004696576149175879,0.00526416445270294,0.0,0.0,0.0,0.0,29,1.0,0.00019553554617388023
DLL4,NOTCH3,Mast Cells,Apocrine Cells,recompute,recompute,recompute,0.8516956437178343,0.0,0.24613745147074395,0.00047235258648800887,0.00526416445270294,0.0,0.0,0.0,0.0,3,1.0,0.00019327602518833518
JAG1,NOTCH1,Apocrine Cells,Apocrine Cells,recompute,recompute,recompute,0.24513582144484414,0.0,1.0,0.0010709508378277067,0.0019835632600448422,0.0,0.0015856998702609194,0.12516807789016562,0.0,991,1.0,0.00019324344568111133
CXCL12,CXCR4,11q13 Invasive Tumor Cells (Mitotic),Apocrine Cells,recompute,recompute,recompute,0.6160088550075702,0.0,0.24613745147074395,0.0009692519480124524,0.002454914102060298,0.0,0.0,0.0,0.0,5,1.0,0.00018177772008391263
CSF1,CSF1R,CXCL14+ Fibroblasts,Apocrine Cells,recompute,recompute,recompute,0.9330656492219304,0.0,0.24613745147074395,0.0032976778039481187,0.0004638967946451689,0.0,0.0,0.0,0.0,29,1.0,0.00018097629755806923
JAG1,NOTCH1,T Lymphocytes,Apocrine Cells,recompute,recompute,recompute,0.8630183004227985,0.0,0.24613745147074395,0.0006856224272495787,0.0019835632600448422,0.0,0.0,0.0,0.0,86,1.0,0.00017516858440936334
DLL4,NOTCH3,B Cells,Apocrine Cells,recompute,recompute,recompute,0.6342079770588467,0.0,0.24613745147074395,0.00023276310008261776,0.00526416445270294,0.0,0.0,0.0,0.0,15,1.0,0.00016353551439733029
DLL4,NOTCH3,Apocrine Cells,Apocrine Cells,recompute,recompute,recompute,0.2490567623945399,0.0,1.0,0.0001268124169210086,0.00526416445270294,0.0,0.0003363605785401951,0.015447815494568562,0.0,991,1.0,0.00015976100227156997
CXCL12,CXCR4,Apocrine Cells,Apocrine Cells,recompute,recompute,recompute,0.2556690013679459,0.0,1.0,0.00022698568102339834,0.002454914102060298,0.0,0.0006880102742867628,0.027955305141963056,0.0,991,1.0,0.00015570012457518008
JAG1,NOTCH1,Myeloid Cells,Apocrine Cells,recompute,recompute,recompute,0.6303682835571691,0.0,0.24613745147074395,0.0003788349535045612,0.0019835632600448422,0.0,0.005952380952380952,0.46985441359528085,0.0,24,1.0,0.00015058451167149136
JAG1,NOTCH1,Macrophages,Apocrine Cells,recompute,recompute,recompute,0.6303682835571691,0.0,0.24613745147074395,0.00027502314493788786,0.0019835632600448422,0.0,0.0,0.0,0.0,19,1.0,0.00014275814397918363
JAG1,NOTCH1,Plasma Cells,Apocrine Cells,recompute,recompute,recompute,0.6303682835571691,0.0,0.24613745147074395,0.00027055134627077156,0.0019835632600448422,0.0,0.0,0.0,0.0,24,1.0,0.00014236864305681716
CXCL12,CXCR4,11q13 Invasive Tumor Cells (G1/S),Apocrine Cells,recompute,recompute,recompute,0.6160088550075702,0.0,0.24613745147074395,0.0001971810371238748,0.002454914102060298,0.0,0.0,0.0,0.0,4,1.0,0.0001394060601187562
JAG1,NOTCH1,CXCL14+ Fibroblasts,Apocrine Cells,recompute,recompute,recompute,0.6303682835571691,0.0,0.24613745147074395,0.0002196427612790349,0.0019835632600448422,0.0,0.0,0.0,0.0,29,1.0,0.00013750742994051617
JAG1,NOTCH1,B Cells,Apocrine Cells,recompute,recompute,recompute,0.8630183004227985,0.0,0.24613745147074395,0.00011090031177372873,0.0019835632600448422,0.0,0.0,0.0,0.0,15,1.0,0.00012930132732220925
JAG1,NOTCH1,Mast Cells,Apocrine Cells,recompute,recompute,recompute,0.6303682835571691,0.0,0.24613745147074395,9.902323108165853e-05,0.0019835632600448422,0.0,0.0,0.0,0.0,3,1.0,0.0001204111983610681
CSF1,CSF1R,Unassigned,Macrophages,recompute,recompute,recompute,0.0,0.9569566492419601,0.0,0.0,1.0,0.0,0.0,0.0,0.0,4,1.0,4.607677193959378e-06
TGFB1,TGFBR2,Unassigned,Endothelial Cells,recompute,recompute,recompute,0.0,0.9516417160285665,0.0,0.0,1.0,0.0,0.0,0.0,0.0,9,1.0,4.603402120098198e-06
DLL4,NOTCH3,Endothelial Cells,Unassigned,recompute,recompute,recompute,0.9184503888425789,0.0,0.0,1.0,0.0,0.0,0.0,0.0,0.0,5,1.0,4.576245188173534e-06
CXCL12,CXCR4,Unassigned,T Lymphocytes,recompute,recompute,recompute,0.0,0.9008184599638702,0.0,0.0,1.0,0.0,0.0,0.0,0.0,0,1.0,4.561484615078762e-06
CXCL12,CXCR4,"CAFs, DCIS Associated",Unassigned,recompute,recompute,recompute,0.8924110508951895,0.0,0.0,1.0,0.0,0.0,0.0,0.0,0.0,29,1.0,4.55436141535938e-06
JAG1,NOTCH1,11q13 Invasive Tumor Cells,Unassigned,recompute,recompute,recompute,0.7941469661104033,0.0,0.0,1.0,0.0,0.0,0.0,0.0,0.0,5,1.0,4.466666030784275e-06
TGFB1,TGFBR2,T Lymphocytes,Unassigned,recompute,recompute,recompute,0.7806633527749638,0.0,0.0,1.0,0.0,0.0,0.0,0.0,0.0,1,1.0,4.453935946983421e-06
DLL4,NOTCH3,Unassigned,Pericytes,recompute,recompute,recompute,0.0,0.8818326005152037,0.0,0.0,0.8672894033034337,0.0,0.0,0.0,0.0,7,1.0,4.438726302669705e-06
CSF1,CSF1R,"CAFs, DCIS Associated",Unassigned,recompute,recompute,recompute,0.7181940594497765,0.0,0.0,1.0,0.0,0.0,0.0,0.0,0.0,29,1.0,4.392451449056681e-06
JAG1,NOTCH1,Unassigned,11q13 Invasive Tumor Cells,recompute,recompute,recompute,0.0,0.6655462707198134,0.0,0.0,1.0,0.0,0.0,0.0,0.0,13,1.0,4.337069459108502e-06
DLL4,NOTCH3,Unassigned,11q13 Invasive Tumor Cells,recompute,recompute,recompute,0.0,0.6580560501976399,0.0,0.0,1.0,0.0,0.0,0.0,0.0,13,1.0,4.328895973792544e-06
TGFB1,TGFBR2,11q13 Invasive Tumor Cells,Unassigned,recompute,recompute,recompute,0.6618992459738668,0.0,0.0,0.9884381288839681,0.0,0.0,0.0,0.0,0.0,5,1.0,4.32470907756917e-06
TGFB1,TGFBR2,"CAFs, Invasive Associated",Unassigned,recompute,recompute,recompute,0.6618992459738668,0.0,0.0,0.9188457246466148,0.0,0.0,0.0,0.0,0.0,0,1.0,4.272405014186849e-06
TGFB1,TGFBR2,Dendritic Cells,Unassigned,recompute,recompute,recompute,0.7806633527749638,0.0,0.0,0.7613650405309432,0.0,0.0,0.0,0.0,0.0,0,1.0,4.256076797674895e-06
JAG1,NOTCH1,Unassigned,Endothelial Cells,recompute,recompute,recompute,0.0,0.7728785963662539,0.0,0.0,0.7025747778867708,0.0,0.0,0.0,0.0,9,1.0,4.192444362348246e-06
TGFB1,TGFBR2,Endothelial Cells,Unassigned,recompute,recompute,recompute,0.8649048900453102,0.0,0.0,0.5918084951805068,0.0,0.0,0.0,0.0,0.0,5,1.0,4.15137144111522e-06
CSF1,CSF1R,Unassigned,Dendritic Cells,recompute,recompute,recompute,0.0,0.7744570596502125,0.0,0.0,0.6590560508382464,0.0,0.0,0.0,0.0,0,1.0,4.149412565890362e-06
JAG1,NOTCH1,Unassigned,Basal-like Structured DCIS Cells,recompute,recompute,recompute,0.0,0.9232588887953476,0.0,0.0,0.46352883193182237,0.0,0.0,0.0,0.0,3,1.0,4.029335010811377e-06
TGFB1,TGFBR2,Macrophages,Unassigned,recompute,recompute,recompute,0.9033788194414196,0.0,0.0,0.3718323084156244,0.0,0.0,0.0,0.0,0.0,1,1.0,3.869927603360956e-06
CSF1,CSF1R,Endothelial Cells,Unassigned,recompute,recompute,recompute,0.9530510539284376,0.0,0.0,0.3300653030175087,0.0,0.0,0.0,0.0,0.0,5,1.0,3.82783030220207e-06
TGFB1,TGFBR2,Unassigned,"CAFs, DCIS Associated",recompute,recompute,recompute,0.0,0.7241065161359392,0.0,0.0,0.41704959801464375,0.0,0.0,0.0,0.0,36,1.0,3.801879634077319e-06
CXCL12,CXCR4,Unassigned,Dendritic Cells,recompute,recompute,recompute,0.0,0.9008184599638702,0.0,0.0,0.3180524283074206,0.0,0.0,0.0,0.0,0,1.0,3.7686806278167635e-06
CSF1,CSF1R,Pericytes,Unassigned,recompute,recompute,recompute,0.9330656492219304,0.0,0.0,0.297542793801235,0.0,0.0,0.0,0.0,0.0,5,1.0,3.7489554203562854e-06
TGFB1,TGFBR2,Unassigned,Pericytes,recompute,recompute,recompute,0.0,0.9643410356050758,0.0,0.0,0.2837148864776496,0.0,0.0,0.0,0.0,7,1.0,3.7398323317881708e-06
DLL4,NOTCH3,Unassigned,Luminal-like Amorphous DCIS Cells,recompute,recompute,recompute,0.0,0.4638256179742202,0.0,0.0,0.5131068416842878,0.0,0.0,0.0,0.0,0,1.0,3.6539317058300487e-06
TGFB1,TGFBR2,Pericytes,Unassigned,recompute,recompute,recompute,0.8649048900453102,0.0,0.0,0.25809749975310686,0.0,0.0,0.0,0.0,0.0,5,1.0,3.615142010466231e-06
TGFB1,TGFBR2,"CAFs, DCIS Associated",Unassigned,recompute,recompute,recompute,0.4625524716153596,0.0,0.0,0.47844300379630145,0.0,0.0,0.0,0.0,0.0,29,1.0,3.6099279900008013e-06
CSF1,CSF1R,11q13 Invasive Tumor Cells,Unassigned,recompute,recompute,recompute,0.6329636802303048,0.0,0.0,0.3435917185259688,0.0,0.0,0.0,0.0,0.0,5,1.0,3.599456391354525e-06
CSF1,CSF1R,Basal-like Structured DCIS Cells,Unassigned,recompute,recompute,recompute,0.6329636802303048,0.0,0.0,0.3430671774934166,0.0,0.0,0.0,0.0,0.0,0,1.0,3.5985399622838414e-06
DLL4,NOTCH3,Unassigned,Basal-like Structured DCIS Cells,recompute,recompute,recompute,0.0,0.7746834992804791,0.0,0.0,0.2295016807597237,0.0,0.0,0.0,0.0,3,1.0,3.4805806393010757e-06
DLL4,NOTCH3,Unassigned,Endothelial Cells,recompute,recompute,recompute,0.0,0.8818326005152037,0.0,0.0,0.19937237225527835,0.0,0.0,0.0,0.0,9,1.0,3.4740963497131997e-06
CSF1,CSF1R,Myoepithelial Cells,Unassigned,recompute,recompute,recompute,0.7181940594497765,0.0,0.0,0.241712611075796,0.0,0.0,0.0,0.0,0.0,0,1.0,3.46675797851737e-06
CSF1,CSF1R,Mast Cells,Unassigned,recompute,recompute,recompute,0.8552373118926793,0.0,0.0,0.1878690989799276,0.0,0.0,0.0,0.0,0.0,1,1.0,3.4223440723618927e-06
JAG1,NOTCH1,Unassigned,Pericytes,recompute,recompute,recompute,0.0,0.7728785963662539,0.0,0.0,0.17748963886584487,0.0,0.0,0.0,0.0,7,1.0,3.3333484850680624e-06
DLL4,NOTCH3,Unassigned,"CAFs, Invasive Associated",recompute,recompute,recompute,0.0,0.6580560501976399,0.0,0.0,0.1973932010691654,0.0,0.0,0.0,0.0,0,1.0,3.303182108100208e-06
CSF1,CSF1R,T Lymphocytes,Unassigned,recompute,recompute,recompute,0.6329636802303048,0.0,0.0,0.2016933258290928,0.0,0.0,0.0,0.0,0.0,1,1.0,3.293657160190563e-06
TGFB1,TGFBR2,Basal-like Structured DCIS Cells,Unassigned,recompute,recompute,recompute,0.7806633527749638,0.0,0.0,0.14371478860647843,0.0,0.0,0.0,0.0,0.0,0,1.0,3.2234990615158515e-06
DLL4,NOTCH3,Pericytes,Unassigned,recompute,recompute,recompute,0.9184503888425789,0.0,0.0,0.11694486957515715,0.0,0.0,0.0,0.0,0.0,5,1.0,3.200168305797677e-06
CSF1,CSF1R,"CAFs, Invasive Associated",Unassigned,recompute,recompute,recompute,0.6329636802303048,0.0,0.0,0.1523572567652539,0.0,0.0,0.0,0.0,0.0,0,1.0,3.14321191257375e-06
CSF1,CSF1R,Dendritic Cells,Unassigned,recompute,recompute,recompute,0.6329636802303048,0.0,0.0,0.13793660188765483,0.0,0.0,0.0,0.0,0.0,0,1.0,3.0915508342048777e-06
JAG1,NOTCH1,Unassigned,Myoepithelial Cells,recompute,recompute,recompute,0.0,0.46013374214009517,0.0,0.0,0.17955576343167495,0.0,0.0,0.0,0.0,6,1.0,3.0632368478783025e-06
CXCL12,CXCR4,Endothelial Cells,Unassigned,recompute,recompute,recompute,0.7487535481622718,0.0,0.0,0.10272295574815776,0.0,0.0,0.0,0.0,0.0,5,1.0,3.026920919151115e-06
JAG1,NOTCH1,Unassigned,T Lymphocytes,recompute,recompute,recompute,0.0,0.8647171432637394,0.0,0.0,0.08474527904749042,0.0,0.0,0.0,0.0,0,1.0,3.002605482403845e-06
TGFB1,TGFBR2,Unassigned,Dendritic Cells,recompute,recompute,recompute,0.0,0.628133940116149,0.0,0.0,0.10646573797703236,0.0,0.0,0.0,0.0,0,1.0,2.9571750236313334e-06
TGFB1,TGFBR2,Unassigned,T Lymphocytes,recompute,recompute,recompute,0.0,0.628133940116149,0.0,0.0,0.10396504391838439,0.0,0.0,0.0,0.0,0,1.0,2.9454835960062484e-06
JAG1,NOTCH1,Unassigned,Luminal-like Amorphous DCIS Cells,recompute,recompute,recompute,0.0,0.46013374214009517,0.0,0.0,0.13474796491837557,0.0,0.0,0.0,0.0,0,1.0,2.9201224042510654e-06
TGFB1,TGFBR2,Myoepithelial Cells,Unassigned,recompute,recompute,recompute,0.4625524716153596,0.0,0.0,0.12701346030887714,0.0,0.0,0.0,0.0,0.0,0,1.0,2.8940218089247754e-06
JAG1,NOTCH1,Unassigned,11q13 Invasive Tumor Cells (Mitotic),recompute,recompute,recompute,0.0,0.6655462707198134,0.0,0.0,0.08666944020865194,0.0,0.0,0.0,0.0,0,1.0,2.8851875561343124e-06
JAG1,NOTCH1,Unassigned,"CAFs, Invasive Associated",recompute,recompute,recompute,0.0,0.6655462707198134,0.0,0.0,0.07272217354205764,0.0,0.0,0.0,0.0,0,1.0,2.8020391259273956e-06
TGFB1,TGFBR2,Unassigned,"CAFs, Invasive Associated",recompute,recompute,recompute,0.0,0.628133940116149,0.0,0.0,0.07630971198036683,0.0,0.0,0.0,0.0,0,1.0,2.7975124185394052e-06
CXCL12,CXCR4,Pericytes,Unassigned,recompute,recompute,recompute,0.7487535481622718,0.0,0.0,0.06372880775749876,0.0,0.0,0.0,0.0,0.0,5,1.0,2.795411796384e-06
JAG1,NOTCH1,Unassigned,Dendritic Cells,recompute,recompute,recompute,0.0,0.8647171432637394,0.0,0.0,0.05197941571611153,0.0,0.0,0.0,0.0,0,1.0,2.7676909384420023e-06
TGFB1,TGFBR2,B Cells,Unassigned,recompute,recompute,recompute,0.7806633527749638,0.0,0.0,0.05675679989781828,0.0,0.0,0.0,0.0,0.0,2,1.0,2.7610883014245434e-06
TGFB1,TGFBR2,Unassigned,Basal-like Structured DCIS Cells,recompute,recompute,recompute,0.0,0.628133940116149,0.0,0.0,0.06897244404348622,0.0,0.0,0.0,0.0,3,1.0,2.750772396523285e-06
DLL4,NOTCH3,11q13 Invasive Tumor Cells,Unassigned,recompute,recompute,recompute,0.6342079770588467,0.0,0.0,0.06734007498340545,0.0,0.0,0.0,0.0,0.0,5,1.0,2.744211381435745e-06
CXCL12,CXCR4,Unassigned,B Cells,recompute,recompute,recompute,0.0,0.9546923450729715,0.0,0.0,0.04457454658784243,0.0,0.0,0.0,0.0,2,1.0,2.7425743677594075e-06
JAG1,NOTCH1,11q13 Invasive Tumor Cells (Mitotic),Unassigned,recompute,recompute,recompute,0.7941469661104033,0.0,0.0,0.05263539325963273,0.0,0.0,0.0,0.0,0.0,0,1.0,2.7344068931639377e-06
TGFB1,TGFBR2,Unassigned,Macrophages,recompute,recompute,recompute,0.0,0.8911579433306727,0.0,0.0,0.04575875759819427,0.0,0.0,0.0,0.0,4,1.0,2.723149603432196e-06
DLL4,NOTCH3,Unassigned,11q13 Invasive Tumor Cells (Mitotic),recompute,recompute,recompute,0.0,0.6580560501976399,0.0,0.0,0.06060662711593698,0.0,0.0,0.0,0.0,0,1.0,2.7130877886559627e-06
JAG1,NOTCH1,Basal-like Structured DCIS Cells,Unassigned,recompute,recompute,recompute,0.9097736029185509,0.0,0.0,0.04309654638185767,0.0,0.0,0.0,0.0,0.0,0,1.0,2.7053864942743653e-06
CXCL12,CXCR4,Unassigned,Macrophages,recompute,recompute,recompute,0.0,0.7757991160529997,0.0,0.0,0.04917092614889038,0.0,0.0,0.0,0.0,4,1.0,2.6930409697275964e-06
TGFB1,TGFBR2,Luminal-like Amorphous DCIS Cells,Unassigned,recompute,recompute,recompute,0.4625524716153596,0.0,0.0,0.08160636573734653,0.0,0.0,0.0,0.0,0.0,0,1.0,2.6883193064482372e-06
TGFB1,TGFBR2,11q13 Invasive Tumor Cells (Mitotic),Unassigned,recompute,recompute,recompute,0.6618992459738668,0.0,0.0,0.05212675997941913,0.0,0.0,0.0,0.0,0.0,0,1.0,2.6483504350533718e-06
CXCL12,CXCR4,"CAFs, Invasive Associated",Unassigned,recompute,recompute,recompute,0.6160088550075702,0.0,0.0,0.05480638574296996,0.0,0.0,0.0,0.0,0.0,0,1.0,2.6387790903505643e-06
TGFB1,TGFBR2,Unassigned,Myoepithelial Cells,recompute,recompute,recompute,0.0,0.7241065161359392,0.0,0.0,0.046291861436256077,0.0,0.0,0.0,0.0,6,1.0,2.6356305527214346e-06
CXCL12,CXCR4,Unassigned,11q13 Invasive Tumor Cells,recompute,recompute,recompute,0.0,0.6632137581773894,0.0,0.0,0.04976777849846808,0.0,0.0,0.0,0.0,13,1.0,2.6288571005596213e-06
JAG1,NOTCH1,Luminal-like Amorphous DCIS Cells,Unassigned,recompute,recompute,recompute,0.24513582144484414,0.0,0.0,0.13275554617509155,0.0,0.0,0.0,0.0,0.0,0,1.0,2.622667596623687e-06
DLL4,NOTCH3,Unassigned,"CAFs, DCIS Associated",recompute,recompute,recompute,0.0,0.4638256179742202,0.0,0.0,0.06891862663651398,0.0,0.0,0.0,0.0,36,1.0,2.614860771676621e-06
TGFB1,TGFBR2,Mast Cells,Unassigned,recompute,recompute,recompute,0.830274180208954,0.0,0.0,0.03572830522875711,0.0,0.0,0.0,0.0,0.0,1,1.0,2.5824921646658016e-06
CXCL12,CXCR4,Unassigned,Basal-like Structured DCIS Cells,recompute,recompute,recompute,0.0,0.8628183098412396,0.0,0.0,0.03391524182236365,0.0,0.0,0.0,0.0,3,1.0,2.5766320267072094e-06
JAG1,NOTCH1,Unassigned,11q13 Invasive Tumor Cells (G1/S),recompute,recompute,recompute,0.0,0.6655462707198134,0.0,0.0,0.043382027682688826,0.0,0.0,0.0,0.0,0,1.0,2.570877408928058e-06
TGFB1,TGFBR2,Plasma Cells,Unassigned,recompute,recompute,recompute,0.4625524716153596,0.0,0.0,0.06220829473112404,0.0,0.0,0.0,0.0,0.0,1,1.0,2.569418796945934e-06
JAG1,NOTCH1,11q13 Invasive Tumor Cells (G1/S),Unassigned,recompute,recompute,recompute,0.7941469661104033,0.0,0.0,0.032311095449028576,0.0,0.0,0.0,0.0,0.0,0,1.0,2.520821633136757e-06
CXCL12,CXCR4,Macrophages,Unassigned,recompute,recompute,recompute,0.7487535481622718,0.0,0.0,0.03388623051970213,0.0,0.0,0.0,0.0,0.0,1,1.0,2.516095077308556e-06
CSF1,CSF1R,11q13 Invasive Tumor Cells (Mitotic),Unassigned,recompute,recompute,recompute,0.6329636802303048,0.0,0.0,0.03853853776662391,0.0,0.0,0.0,0.0,0.0,0,1.0,2.499648967538117e-06
DLL4,NOTCH3,Unassigned,11q13 Invasive Tumor Cells (G1/S),recompute,recompute,recompute,0.0,0.6580560501976399,0.0,0.0,0.0362497659817488,0.0,0.0,0.0,0.0,0,1.0,2.4903556298404153e-06
CSF1,CSF1R,B Cells,Unassigned,recompute,recompute,recompute,0.6329636802303048,0.0,0.0,0.034822583417649544,0.0,0.0,0.0,0.0,0.0,2,1.0,2.457762903947689e-06
CXCL12,CXCR4,Unassigned,Endothelial Cells,recompute,recompute,recompute,0.0,0.7757991160529997,0.0,0.0,0.027958038284341596,0.0,0.0,0.0,0.0,9,1.0,2.4511846188501266e-06
JAG1,NOTCH1,Pericytes,Unassigned,recompute,recompute,recompute,0.6303682835571691,0.0,0.0,0.03425584686464733,0.0,0.0,0.0,0.0,0.0,5,1.0,2.4493726604981915e-06
DLL4,NOTCH3,Unassigned,Myoepithelial Cells,recompute,recompute,recompute,0.0,0.4638256179742202,0.0,0.0,0.04464016629523392,0.0,0.0,0.0,0.0,6,1.0,2.4322792811900616e-06
CSF1,CSF1R,Unassigned,"CAFs, DCIS Associated",recompute,recompute,recompute,0.0,0.46381415478966415,0.0,0.0,0.044315367430461515,0.0,0.0,0.0,0.0,36,1.0,2.429310776471918e-06
JAG1,NOTCH1,Endothelial Cells,Unassigned,recompute,recompute,recompute,0.6303682835571691,0.0,0.0,0.029179138324176478,0.0,0.0,0.0,0.0,0.0,5,1.0,2.384758994091947e-06
CSF1,CSF1R,Unassigned,11q13 Invasive Tumor Cells,recompute,recompute,recompute,0.0,0.6556237992935476,0.0,0.0,0.026828838353614524,0.0,0.0,0.0,0.0,13,1.0,2.3670610431589915e-06
TGFB1,TGFBR2,Unassigned,11q13 Invasive Tumor Cells,recompute,recompute,recompute,0.0,0.628133940116149,0.0,0.0,0.02792871411289051,0.0,0.0,0.0,0.0,13,1.0,2.366013548572903e-06
CSF1,CSF1R,Luminal-like Amorphous DCIS Cells,Unassigned,recompute,recompute,recompute,0.24945190643783477,0.0,0.0,0.07022613207428953,0.0,0.0,0.0,0.0,0.0,0,1.0,2.365452741858266e-06
JAG1,NOTCH1,Myoepithelial Cells,Unassigned,recompute,recompute,recompute,0.6303682835571691,0.0,0.0,0.027254376065765328,0.0,0.0,0.0,0.0,0.0,0,1.0,2.35779003241415e-06
CSF1,CSF1R,Unassigned,T Lymphocytes,recompute,recompute,recompute,0.0,0.7744570596502125,0.0,0.0,0.02165809680677239,0.0,0.0,0.0,0.0,0,1.0,2.348386850575837e-06
CXCL12,CXCR4,T Lymphocytes,Unassigned,recompute,recompute,recompute,0.6160088550075702,0.0,0.0,0.025575340320379867,0.0,0.0,0.0,0.0,0.0,1,1.0,2.3239926965549932e-06
TGFB1,TGFBR2,11q13 Invasive Tumor Cells (G1/S),Unassigned,recompute,recompute,recompute,0.6618992459738668,0.0,0.0,0.02290427933852047,0.0,0.0,0.0,0.0,0.0,0,1.0,2.3091463164237358e-06
CXCL12,CXCR4,Unassigned,"CAFs, DCIS Associated",recompute,recompute,recompute,0.0,0.46000374398572297,0.0,0.0,0.0310998965832685,0.0,0.0,0.0,0.0,36,1.0,2.286932835411114e-06
CXCL12,CXCR4,Unassigned,Plasma Cells,recompute,recompute,recompute,0.0,0.46000374398572297,0.0,0.0,0.029279151553362335,0.0,0.0,0.0,0.0,0,1.0,2.264053414225611e-06
DLL4,NOTCH3,"CAFs, DCIS Associated",Unassigned,recompute,recompute,recompute,0.7160288858520609,0.0,0.0,0.018679344959851515,0.0,0.0,0.0,0.0,0.0,29,1.0,2.2614243838754853e-06
CSF1,CSF1R,Macrophages,Unassigned,recompute,recompute,recompute,0.8975263081978373,0.0,0.0,0.013294251962681188,0.0,0.0,0.0,0.0,0.0,1,1.0,2.2188021128182155e-06
JAG1,NOTCH1,Unassigned,Macrophages,recompute,recompute,recompute,0.0,0.7728785963662539,0.0,0.0,0.014834469652737872,0.0,0.0,0.0,0.0,4,1.0,2.2040964777241586e-06
JAG1,NOTCH1,Unassigned,"CAFs, DCIS Associated",recompute,recompute,recompute,0.0,0.46013374214009517,0.0,0.0,0.024824385714313182,0.0,0.0,0.0,0.0,36,1.0,2.2027259225980374e-06
TGFB1,TGFBR2,Myeloid Cells,Unassigned,recompute,recompute,recompute,0.744134323411945,0.0,0.0,0.013941536844336442,0.0,0.0,0.0,0.0,0.0,1,1.0,2.1676727471658634e-06
CXCL12,CXCR4,Unassigned,Myoepithelial Cells,recompute,recompute,recompute,0.0,0.46000374398572297,0.0,0.0,0.021502591154489905,0.0,0.0,0.0,0.0,6,1.0,2.1505129519972014e-06
CXCL12,CXCR4,CXCL14+ Fibroblasts,Unassigned,recompute,recompute,recompute,0.7487535481622718,0.0,0.0,0.013109255449725675,0.0,0.0,0.0,0.0,0.0,9,1.0,2.1477622732763227e-06
CSF1,CSF1R,Unassigned,Endothelial Cells,recompute,recompute,recompute,0.0,0.8901135829200775,0.0,0.0,0.010937673779041644,0.0,0.0,0.0,0.0,9,1.0,2.1448411475420677e-06
TGFB1,TGFBR2,CXCL14+ Fibroblasts,Unassigned,recompute,recompute,recompute,0.8649048900453102,0.0,0.0,0.011170777497016586,0.0,0.0,0.0,0.0,0.0,9,1.0,2.142111262751415e-06
CXCL12,CXCR4,Dendritic Cells,Unassigned,recompute,recompute,recompute,0.6160088550075702,0.0,0.0,0.014925651776972337,0.0,0.0,0.0,0.0,0.0,0,1.0,2.124483812686334e-06
CXCL12,CXCR4,Unassigned,Luminal-like Amorphous DCIS Cells,recompute,recompute,recompute,0.0,0.46000374398572297,0.0,0.0,0.017738069381683,0.0,0.0,0.0,0.0,0,1.0,2.082626203367085e-06
CSF1,CSF1R,Myeloid Cells,Unassigned,recompute,recompute,recompute,0.7866181160593629,0.0,0.0,0.009981073684215833,0.0,0.0,0.0,0.0,0.0,1,1.0,2.0693007147036215e-06
CSF1,CSF1R,11q13 Invasive Tumor Cells (G1/S),Unassigned,recompute,recompute,recompute,0.6329636802303048,0.0,0.0,0.011973593206576157,0.0,0.0,0.0,0.0,0.0,0,1.0,2.0571562361516494e-06
CSF1,CSF1R,Unassigned,Pericytes,recompute,recompute,recompute,0.0,0.8901135829200775,0.0,0.0,0.007996593535171381,0.0,0.0,0.0,0.0,7,1.0,2.035753388279181e-06
CXCL12,CXCR4,Unassigned,Pericytes,recompute,recompute,recompute,0.0,0.7757991160529997,0.0,0.0,0.009156953124503932,0.0,0.0,0.0,0.0,7,1.0,2.0350892422109056e-06
DLL4,NOTCH3,Unassigned,Dendritic Cells,recompute,recompute,recompute,0.0,0.7746834992804791,0.0,0.0,0.009044464882971325,0.0,0.0,0.0,0.0,0,1.0,2.0304140565326417e-06
CSF1,CSF1R,Apocrine Cells,Unassigned,recompute,recompute,recompute,0.24945190643783477,0.0,0.0,0.02755557660641766,0.0,0.0,0.0,0.0,0.0,0,1.0,2.0239483137939617e-06
CXCL12,CXCR4,Myoepithelial Cells,Unassigned,recompute,recompute,recompute,0.8023917560710954,0.0,0.0,0.008536715800078514,0.0,0.0,0.0,0.0,0.0,0,1.0,2.022769046727113e-06
JAG1,NOTCH1,"CAFs, Invasive Associated",Unassigned,recompute,recompute,recompute,0.7941469661104033,0.0,0.0,0.00838985805983649,0.0,0.0,0.0,0.0,0.0,0,1.0,2.013458439505482e-06
CXCL12,CXCR4,11q13 Invasive Tumor Cells,Unassigned,recompute,recompute,recompute,0.6160088550075702,0.0,0.0,0.010634001710228292,0.0,0.0,0.0,0.0,0.0,5,1.0,2.0077702557756677e-06
CSF1,CSF1R,Plasma Cells,Unassigned,recompute,recompute,recompute,0.7181940594497765,0.0,0.0,0.009092431017982948,0.0,0.0,0.0,0.0,0.0,1,1.0,2.006721257206083e-06
JAG1,NOTCH1,"CAFs, DCIS Associated",Unassigned,recompute,recompute,recompute,0.6303682835571691,0.0,0.0,0.010161058057093355,0.0,0.0,0.0,0.0,0.0,29,1.0,2.0002715292745984e-06
CSF1,CSF1R,Unassigned,"CAFs, Invasive Associated",recompute,recompute,recompute,0.0,0.6556237992935476,0.0,0.0,0.009718180396522284,0.0,0.0,0.0,0.0,0,1.0,1.998511661264385e-06
TGFB1,TGFBR2,Unassigned,B Cells,recompute,recompute,recompute,0.0,0.628133940116149,0.0,0.0,0.009895229901992758,0.0,0.0,0.0,0.0,2,1.0,1.990275052001519e-06
CSF1,CSF1R,Unassigned,Luminal-like Amorphous DCIS Cells,recompute,recompute,recompute,0.0,0.46381415478966415,0.0,0.0,0.013082994902830098,0.0,0.0,0.0,0.0,0,1.0,1.9823267979326487e-06
DLL4,NOTCH3,11q13 Invasive Tumor Cells (Mitotic),Unassigned,recompute,recompute,recompute,0.6342079770588467,0.0,0.0,0.008557082379913908,0.0,0.0,0.0,0.0,0.0,0,1.0,1.945776652421245e-06
CXCL12,CXCR4,Unassigned,"CAFs, Invasive Associated",recompute,recompute,recompute,0.0,0.6632137581773894,0.0,0.0,0.008007263802792432,0.0,0.0,0.0,0.0,0,1.0,1.9387554668687716e-06
CSF1,CSF1R,Unassigned,Basal-like Structured DCIS Cells,recompute,recompute,recompute,0.0,0.7744570596502125,0.0,0.0,0.006818845693506099,0.0,0.0,0.0,0.0,3,1.0,1.93694880154533e-06
TGFB1,TGFBR2,Unassigned,CXCL14+ Fibroblasts,recompute,recompute,recompute,0.0,0.9417110959059584,0.0,0.0,0.005427302044598217,0.0,0.0,0.0,0.0,10,1.0,1.9264174966400234e-06
CXCL12,CXCR4,Plasma Cells,Unassigned,recompute,recompute,recompute,0.8730912658940219,0.0,0.0,0.005708610653010913,0.0,0.0,0.0,0.0,0.0,1,1.0,1.918367488036674e-06
DLL4,NOTCH3,Myoepithelial Cells,Unassigned,recompute,recompute,recompute,0.7160288858520609,0.0,0.0,0.0069047442087267884,0.0,0.0,0.0,0.0,0.0,0,1.0,1.9157836480117406e-06
DLL4,NOTCH3,T Lymphocytes,Unassigned,recompute,recompute,recompute,0.6342079770588467,0.0,0.0,0.007392968575375538,0.0,0.0,0.0,0.0,0.0,1,1.0,1.8989281202787336e-06
CSF1,CSF1R,Unassigned,Myoepithelial Cells,recompute,recompute,recompute,0.0,0.46381415478966415,0.0,0.0,0.00992063151970032,0.0,0.0,0.0,0.0,6,1.0,1.8929855294150744e-06
TGFB1,TGFBR2,Unassigned,Mast Cells,recompute,recompute,recompute,0.0,0.860445251677117,0.0,0.0,0.005044198536350481,0.0,0.0,0.0,0.0,0,1.0,1.8746464769483405e-06
CXCL12,CXCR4,Unassigned,11q13 Invasive Tumor Cells (Mitotic),recompute,recompute,recompute,0.0,0.6632137581773894,0.0,0.0,0.006423079245780309,0.0,0.0,0.0,0.0,0,1.0,1.8688147289505023e-06
TGFB1,TGFBR2,Unassigned,Luminal-like Amorphous DCIS Cells,recompute,recompute,recompute,0.0,0.25153574142392743,0.0,0.0,0.01630369297954023,0.0,0.0,0.0,0.0,0,1.0,1.8570103715830272e-06
DLL4,NOTCH3,Unassigned,CXCL14+ Fibroblasts,recompute,recompute,recompute,0.0,0.8818326005152037,0.0,0.0,0.004265561924923322,0.0,0.0,0.0,0.0,10,1.0,1.8304613816719594e-06
TGFB1,TGFBR2,Unassigned,Plasma Cells,recompute,recompute,recompute,0.0,0.7241065161359392,0.0,0.0,0.004952137174709604,0.0,0.0,0.0,0.0,0,1.0,1.8159309646326046e-06
DLL4,NOTCH3,Unassigned,T Lymphocytes,recompute,recompute,recompute,0.0,0.7746834992804791,0.0,0.0,0.0046263543438723525,0.0,0.0,0.0,0.0,0,1.0,1.8157693900567793e-06
CXCL12,CXCR4,Unassigned,Mast Cells,recompute,recompute,recompute,0.0,0.7757991160529997,0.0,0.0,0.004443041812720275,0.0,0.0,0.0,0.0,0,1.0,1.8040079370767767e-06
DLL4,NOTCH3,Basal-like Structured DCIS Cells,Unassigned,recompute,recompute,recompute,0.6342079770588467,0.0,0.0,0.0053032910137447145,0.0,0.0,0.0,0.0,0.0,0,1.0,1.796647996969134e-06
CXCL12,CXCR4,B Cells,Unassigned,recompute,recompute,recompute,0.6160088550075702,0.0,0.0,0.0052742025956585255,0.0,0.0,0.0,0.0,0.0,2,1.0,1.7863124794648502e-06
CSF1,CSF1R,CXCL14+ Fibroblasts,Unassigned,recompute,recompute,recompute,0.9330656492219304,0.0,0.0,0.0032976778039481187,0.0,0.0,0.0,0.0,0.0,9,1.0,1.7701916614301948e-06
DLL4,NOTCH3,Luminal-like Amorphous DCIS Cells,Unassigned,recompute,recompute,recompute,0.2490567623945399,0.0,0.0,0.011649387573427093,0.0,0.0,0.0,0.0,0.0,0,1.0,1.75293967407825e-06
JAG1,NOTCH1,Unassigned,B Cells,recompute,recompute,recompute,0.0,0.8647171432637394,0.0,0.0,0.0030854511812878796,0.0,0.0,0.0,0.0,2,1.0,1.7286179834954236e-06
CXCL12,CXCR4,Unassigned,11q13 Invasive Tumor Cells (G1/S),recompute,recompute,recompute,0.0,0.6632137581773894,0.0,0.0,0.0038860320327025817,0.0,0.0,0.0,0.0,0,1.0,1.7186739901285521e-06
DLL4,NOTCH3,Myeloid Cells,Unassigned,recompute,recompute,recompute,0.7840818683779507,0.0,0.0,0.0032417203409647417,0.0,0.0,0.0,0.0,0.0,1,1.0,1.7147061956510314e-06
CXCL12,CXCR4,Unassigned,Myeloid Cells,recompute,recompute,recompute,0.0,0.7447682696221608,0.0,0.0,0.003215470541813311,0.0,0.0,0.0,0.0,6,1.0,1.6977660424205738e-06
JAG1,NOTCH1,Unassigned,Myeloid Cells,recompute,recompute,recompute,0.0,0.7448301506164821,0.0,0.0,0.0024587070627964786,0.0,0.0,0.0,0.0,6,1.0,1.6235324306639122e-06
DLL4,NOTCH3,Dendritic Cells,Unassigned,recompute,recompute,recompute,0.6342079770588467,0.0,0.0,0.0028649117803088656,0.0,0.0,0.0,0.0,0.0,0,1.0,1.6214021555181251e-06
CSF1,CSF1R,Unassigned,11q13 Invasive Tumor Cells (Mitotic),recompute,recompute,recompute,0.0,0.6556237992935476,0.0,0.0,0.0026430507474118963,0.0,0.0,0.0,0.0,0,1.0,1.6086453587940643e-06
DLL4,NOTCH3,Macrophages,Unassigned,recompute,recompute,recompute,0.8949858186325867,0.0,0.0,0.0018955660656360717,0.0,0.0,0.0,0.0,0.0,1,1.0,1.60297308083997e-06
DLL4,NOTCH3,Unassigned,Macrophages,recompute,recompute,recompute,0.0,0.8923034233058523,0.0,0.0,0.001891930584070094,0.0,0.0,0.0,0.0,4,1.0,1.6016588197090935e-06
CXCL12,CXCR4,Luminal-like Amorphous DCIS Cells,Unassigned,recompute,recompute,recompute,0.2556690013679459,0.0,0.0,0.006120705198198609,0.0,0.0,0.0,0.0,0.0,0,1.0,1.581539502980358e-06
CSF1,CSF1R,Unassigned,Myeloid Cells,recompute,recompute,recompute,0.0,0.7471243099617693,0.0,0.0,0.00197514773301428,0.0,0.0,0.0,0.0,6,1.0,1.5661467111923413e-06
JAG1,NOTCH1,Dendritic Cells,Unassigned,recompute,recompute,recompute,0.8630183004227985,0.0,0.0,0.001657584379221534,0.0,0.0,0.0,0.0,0.0,0,1.0,1.5580559382724615e-06
DLL4,NOTCH3,"CAFs, Invasive Associated",Unassigned,recompute,recompute,recompute,0.6342079770588467,0.0,0.0,0.002196330917593002,0.0,0.0,0.0,0.0,0.0,0,1.0,1.5511551649375107e-06
CSF1,CSF1R,Unassigned,B Cells,recompute,recompute,recompute,0.0,0.7744570596502125,0.0,0.0,0.0017943776934449295,0.0,0.0,0.0,0.0,2,1.0,1.5505493922509924e-06
JAG1,NOTCH1,Unassigned,Plasma Cells,recompute,recompute,recompute,0.0,0.46013374214009517,0.0,0.0,0.0029919533735881763,0.0,0.0,0.0,0.0,0,1.0,1.5481275073900373e-06
CXCL12,CXCR4,Basal-like Structured DCIS Cells,Unassigned,recompute,recompute,recompute,0.6160088550075702,0.0,0.0,0.0021291294377375697,0.0,0.0,0.0,0.0,0.0,0,1.0,1.5356721600673158e-06
CXCL12,CXCR4,Mast Cells,Unassigned,recompute,recompute,recompute,0.7487535481622718,0.0,0.0,0.001641777062288553,0.0,0.0,0.0,0.0,0.0,1,1.0,1.5191801880325264e-06
JAG1,NOTCH1,Unassigned,Mast Cells,recompute,recompute,recompute,0.0,0.7728785963662539,0.0,0.0,0.0015718900135326876,0.0,0.0,0.0,0.0,0,1.0,1.5161983997959556e-06
CXCL12,CXCR4,Myeloid Cells,Unassigned,recompute,recompute,recompute,0.7487535481622718,0.0,0.0,0.0015847932820241062,0.0,0.0,0.0,0.0,0.0,1,1.0,1.510262284092617e-06
CSF1,CSF1R,Unassigned,Mast Cells,recompute,recompute,recompute,0.0,0.8388327345645936,0.0,0.0,0.0013954866575133426,0.0,0.0,0.0,0.0,0,1.0,1.5068407714097606e-06
TGFB1,TGFBR2,Unassigned,11q13 Invasive Tumor Cells (G1/S),recompute,recompute,recompute,0.0,0.628133940116149,0.0,0.0,0.0018417017418815348,0.0,0.0,0.0,0.0,0,1.0,1.5038770115684113e-06
CXCL12,CXCR4,Unassigned,CXCL14+ Fibroblasts,recompute,recompute,recompute,0.0,0.7757991160529997,0.0,0.0,0.0012252690191386984,0.0,0.0,0.0,0.0,10,1.0,1.4554503018480133e-06
TGFB1,TGFBR2,Unassigned,11q13 Invasive Tumor Cells (Mitotic),recompute,recompute,recompute,0.0,0.628133940116149,0.0,0.0,0.0014987600472605432,0.0,0.0,0.0,0.0,0,1.0,1.4531079497596607e-06
CSF1,CSF1R,Unassigned,Plasma Cells,recompute,recompute,recompute,0.0,0.46381415478966415,0.0,0.0,0.0019498903447556172,0.0,0.0,0.0,0.0,0,1.0,1.4434200622386915e-06
CSF1,CSF1R,Unassigned,CXCL14+ Fibroblasts,recompute,recompute,recompute,0.0,0.8901135829200775,0.0,0.0,0.0010015918709323055,0.0,0.0,0.0,0.0,10,1.0,1.4399809942533392e-06
DLL4,NOTCH3,Plasma Cells,Unassigned,recompute,recompute,recompute,0.7160288858520609,0.0,0.0,0.0012306151710811475,0.0,0.0,0.0,0.0,0.0,1,1.0,1.4371741280892884e-06
CSF1,CSF1R,Unassigned,11q13 Invasive Tumor Cells (G1/S),recompute,recompute,recompute,0.0,0.6556237992935476,0.0,0.0,0.0011919786089109867,0.0,0.0,0.0,0.0,0,1.0,1.4087085061392934e-06
TGFB1,TGFBR2,Unassigned,Myeloid Cells,recompute,recompute,recompute,0.0,0.7821407762924618,0.0,0.0,0.0009726234029574384,0.0,0.0,0.0,0.0,6,1.0,1.402401450691512e-06
CXCL12,CXCR4,11q13 Invasive Tumor Cells (Mitotic),Unassigned,recompute,recompute,recompute,0.6160088550075702,0.0,0.0,0.0009692519480124524,0.0,0.0,0.0,0.0,0.0,0,1.0,1.3469082743721877e-06
JAG1,NOTCH1,T Lymphocytes,Unassigned,recompute,recompute,recompute,0.8630183004227985,0.0,0.0,0.0006856224272495787,0.0,0.0,0.0,0.0,0.0,1,1.0,1.344885237958043e-06
DLL4,NOTCH3,Unassigned,Myeloid Cells,recompute,recompute,recompute,0.0,0.7470475610360806,0.0,0.0,0.0007714919761827168,0.0,0.0,0.0,0.0,6,1.0,1.3390009448748373e-06
JAG1,NOTCH1,Unassigned,CXCL14+ Fibroblasts,recompute,recompute,recompute,0.0,0.7728785963662539,0.0,0.0,0.0007383002999486475,0.0,0.0,0.0,0.0,10,1.0,1.3367751660827043e-06
DLL4,NOTCH3,11q13 Invasive Tumor Cells (G1/S),Unassigned,recompute,recompute,recompute,0.6342079770588467,0.0,0.0,0.0008958753988410421,0.0,0.0,0.0,0.0,0.0,0,1.0,1.3358182143862368e-06
DLL4,NOTCH3,Unassigned,B Cells,recompute,recompute,recompute,0.0,0.7746834992804791,0.0,0.0,0.0007179840585900947,0.0,0.0,0.0,0.0,2,1.0,1.331090325489018e-06
DLL4,NOTCH3,CXCL14+ Fibroblasts,Unassigned,recompute,recompute,recompute,0.9184503888425789,0.0,0.0,0.0004696576149175879,0.0,0.0,0.0,0.0,0.0,9,1.0,1.2758738031541834e-06
DLL4,NOTCH3,Unassigned,Plasma Cells,recompute,recompute,recompute,0.0,0.4638256179742202,0.0,0.0,0.0009249287638231187,0.0,0.0,0.0,0.0,0,1.0,1.274709689467778e-06
DLL4,NOTCH3,Mast Cells,Unassigned,recompute,recompute,recompute,0.8516956437178343,0.0,0.0,0.00047235258648800887,0.0,0.0,0.0,0.0,0.0,1,1.0,1.2611303782908016e-06
JAG1,NOTCH1,Apocrine Cells,Unassigned,recompute,recompute,recompute,0.24513582144484414,0.0,0.0,0.0010709508378277067,0.0,0.0,0.0,0.0,0.0,0,1.0,1.1745280628781797e-06
JAG1,NOTCH1,Myeloid Cells,Unassigned,recompute,recompute,recompute,0.6303682835571691,0.0,0.0,0.0003788349535045612,0.0,0.0,0.0,0.0,0.0,1,1.0,1.156137029336432e-06
TGFB1,TGFBR2,Unassigned,Apocrine Cells,recompute,recompute,recompute,0.0,0.25153574142392743,0.0,0.0,0.0008361810775763445,0.0,0.0,0.0,0.0,0,1.0,1.131924712659713e-06
JAG1,NOTCH1,Macrophages,Unassigned,recompute,recompute,recompute,0.6303682835571691,0.0,0.0,0.00027502314493788786,0.0,0.0,0.0,0.0,0.0,1,1.0,1.0960488211014503e-06
JAG1,NOTCH1,Plasma Cells,Unassigned,recompute,recompute,recompute,0.6303682835571691,0.0,0.0,0.00027055134627077156,0.0,0.0,0.0,0.0,0.0,1,1.0,1.093058364551107e-06
DLL4,NOTCH3,Unassigned,Mast Cells,recompute,recompute,recompute,0.0,0.8341464445360613,0.0,0.0,0.00018718663110571166,0.0,0.0,0.0,0.0,0,1.0,1.0771017284479806e-06
DLL4,NOTCH3,B Cells,Unassigned,recompute,recompute,recompute,0.6342079770588467,0.0,0.0,0.00023276310008261776,0.0,0.0,0.0,0.0,0.0,2,1.0,1.0670728815688268e-06
JAG1,NOTCH1,CXCL14+ Fibroblasts,Unassigned,recompute,recompute,recompute,0.6303682835571691,0.0,0.0,0.0002196427612790349,0.0,0.0,0.0,0.0,0.0,9,1.0,1.0557356118399111e-06
CXCL12,CXCR4,11q13 Invasive Tumor Cells (G1/S),Unassigned,recompute,recompute,recompute,0.6160088550075702,0.0,0.0,0.0001971810371238748,0.0,0.0,0.0,0.0,0.0,0,1.0,1.032949339362942e-06
JAG1,NOTCH1,B Cells,Unassigned,recompute,recompute,recompute,0.8630183004227985,0.0,0.0,0.00011090031177372873,0.0,0.0,0.0,0.0,0.0,2,1.0,9.927319270767894e-07
JAG1,NOTCH1,Mast Cells,Unassigned,recompute,recompute,recompute,0.6303682835571691,0.0,0.0,9.902323108165853e-05,0.0,0.0,0.0,0.0,0.0,1,1.0,9.244765190440279e-07
CXCL12,CXCR4,Apocrine Cells,Unassigned,recompute,recompute,recompute,0.2556690013679459,0.0,0.0,0.00022698568102339834,0.0,0.0,0.0,0.0,0.0,0,1.0,9.13305236465665e-07
DLL4,NOTCH3,Apocrine Cells,Unassigned,recompute,recompute,recompute,0.2490567623945399,0.0,0.0,0.0001268124169210086,0.0,0.0,0.0,0.0,0.0,0,1.0,8.25244040693086e-07
CXCL12,CXCR4,Unassigned,Unassigned,recompute,recompute,recompute,0.0,0.0,1.0,0.0,0.0,0.0,0.0,0.0,0.0,0,1.0,2.1544346936226055e-07
CSF1,CSF1R,Unassigned,Unassigned,recompute,recompute,recompute,0.0,0.0,1.0,0.0,0.0,0.0,0.0,0.0,0.0,0,1.0,2.1544346936226055e-07
DLL4,NOTCH3,Unassigned,Unassigned,recompute,recompute,recompute,0.0,0.0,1.0,0.0,0.0,0.0,0.0,0.0,0.0,0,1.0,2.1544346936226055e-07
TGFB1,TGFBR2,Unassigned,Unassigned,recompute,recompute,recompute,0.0,0.0,1.0,0.0,0.0,0.0,0.0,0.0,0.0,0,1.0,2.1544346936226055e-07
JAG1,NOTCH1,Unassigned,Unassigned,recompute,recompute,recompute,0.0,0.0,1.0,0.0,0.0,0.0,0.0,0.0,0.0,0,1.0,2.1544346936226055e-07
TGFB1,TGFBR2,Apocrine Cells,Unassigned,recompute,recompute,recompute,0.0,0.0,0.0,0.008216261405991,0.0,0.0,0.0,0.0,0.0,0,1.0,9.677855412823698e-08
DLL4,NOTCH3,Unassigned,Apocrine Cells,recompute,recompute,recompute,0.0,0.0,0.0,0.0,0.00526416445270294,0.0,0.0,0.0,0.0,0,1.0,8.985764772464224e-08
CXCL12,CXCR4,Unassigned,Apocrine Cells,recompute,recompute,recompute,0.0,0.0,0.0,0.0,0.002454914102060298,0.0,0.0,0.0,0.0,0,1.0,7.912972898441796e-08
JAG1,NOTCH1,Unassigned,Apocrine Cells,recompute,recompute,recompute,0.0,0.0,0.0,0.0,0.0019835632600448422,0.0,0.0,0.0,0.0,0,1.0,7.636740632227918e-08
CSF1,CSF1R,Unassigned,Apocrine Cells,recompute,recompute,recompute,0.0,0.0,0.0,0.0,0.0004638967946451689,0.0,0.0,0.0,0.0,0,1.0,5.994299738523269e-08
